BEGIN TRANSACTION;

INSERT INTO CHARACTER_CLASS_TYPE ([ID], [DESCRIPTION], [TITLE_LEVEL], [TITLE], [HIT_DICE], [HP_AFTER_TITLE]) VALUES (1,		'Warrior',		9,		'Lord',	10,		3);
INSERT INTO CHARACTER_CLASS_TYPE ([ID], [DESCRIPTION], [TITLE_LEVEL], [TITLE], [HIT_DICE], [HP_AFTER_TITLE]) VALUES (2,		'Wizard',	    10,		'',		4,		1);
INSERT INTO CHARACTER_CLASS_TYPE ([ID], [DESCRIPTION], [TITLE_LEVEL], [TITLE], [HIT_DICE], [HP_AFTER_TITLE]) VALUES (4,		'Priest',	    9,		'',		8,		2);
INSERT INTO CHARACTER_CLASS_TYPE ([ID], [DESCRIPTION], [TITLE_LEVEL], [TITLE], [HIT_DICE], [HP_AFTER_TITLE]) VALUES (8,		'Rogue',		10,		'',		6,		2);

COMMIT TRANSACTION;

-------------------------------------------------------------------------------------------------------------

BEGIN TRANSACTION;

INSERT INTO CHARACTER_CLASS ([ID], [CLASS_TYPE_ID], [LONG_NAME], [SHORT_NAME], [ACRONYM]) VALUES (1, 1, 'Fighter', 'fighter', 'F');
INSERT INTO CHARACTER_CLASS ([ID], [CLASS_TYPE_ID], [LONG_NAME], [SHORT_NAME], [ACRONYM]) VALUES (2, 1, 'Paladin', 'paladin', 'P');
INSERT INTO CHARACTER_CLASS ([ID], [CLASS_TYPE_ID], [LONG_NAME], [SHORT_NAME], [ACRONYM]) VALUES (4, 1, 'Ranger', 'ranger', 'R');

INSERT INTO CHARACTER_CLASS ([ID], [CLASS_TYPE_ID], [LONG_NAME], [SHORT_NAME], [ACRONYM]) VALUES (8, 2, 'Mage', 'mage', 'M');
INSERT INTO CHARACTER_CLASS ([ID], [CLASS_TYPE_ID], [LONG_NAME], [SHORT_NAME], [ACRONYM]) VALUES (16, 2, 'Abjurer', 'abjurer', 'W_A');
INSERT INTO CHARACTER_CLASS ([ID], [CLASS_TYPE_ID], [LONG_NAME], [SHORT_NAME], [ACRONYM]) VALUES (32, 2, 'Conjurer', 'conjurer', 'W_C');
INSERT INTO CHARACTER_CLASS ([ID], [CLASS_TYPE_ID], [LONG_NAME], [SHORT_NAME], [ACRONYM]) VALUES (64, 2, 'Diviner', 'diviner', 'W_D');
INSERT INTO CHARACTER_CLASS ([ID], [CLASS_TYPE_ID], [LONG_NAME], [SHORT_NAME], [ACRONYM]) VALUES (128, 2, 'Enchanter', 'enchanter', 'W_E');
INSERT INTO CHARACTER_CLASS ([ID], [CLASS_TYPE_ID], [LONG_NAME], [SHORT_NAME], [ACRONYM]) VALUES (256, 2, 'Illusionist', 'illusionist', 'W_I');
INSERT INTO CHARACTER_CLASS ([ID], [CLASS_TYPE_ID], [LONG_NAME], [SHORT_NAME], [ACRONYM]) VALUES (512, 2, 'Invoker', 'invoker', 'W_K');
INSERT INTO CHARACTER_CLASS ([ID], [CLASS_TYPE_ID], [LONG_NAME], [SHORT_NAME], [ACRONYM]) VALUES (1024, 2, 'Necromancer', 'necromancer', 'W_N');
INSERT INTO CHARACTER_CLASS ([ID], [CLASS_TYPE_ID], [LONG_NAME], [SHORT_NAME], [ACRONYM]) VALUES (2048, 2, 'Transmuter', 'transmuter', 'W_T');

INSERT INTO CHARACTER_CLASS ([ID], [CLASS_TYPE_ID], [LONG_NAME], [SHORT_NAME], [ACRONYM]) VALUES (4096, 4, 'Cleric', 'cleric', 'C');
INSERT INTO CHARACTER_CLASS ([ID], [CLASS_TYPE_ID], [LONG_NAME], [SHORT_NAME], [ACRONYM]) VALUES (8192, 4, 'Druid', 'druid', 'D');
INSERT INTO CHARACTER_CLASS ([ID], [CLASS_TYPE_ID], [LONG_NAME], [SHORT_NAME], [ACRONYM]) VALUES (16384, 4, 'Preist of Specific Mythos', 'preist of specific mythos', 'PSM');

INSERT INTO CHARACTER_CLASS ([ID], [CLASS_TYPE_ID], [LONG_NAME], [SHORT_NAME], [ACRONYM]) VALUES (32768, 8, 'Thief', 'thief', 'T');
INSERT INTO CHARACTER_CLASS ([ID], [CLASS_TYPE_ID], [LONG_NAME], [SHORT_NAME], [ACRONYM]) VALUES (65536, 8, 'Bard', 'bard', 'B');

INSERT INTO CHARACTER_CLASS ([ID], [CLASS_TYPE_ID], [LONG_NAME], [SHORT_NAME], [ACRONYM]) VALUES (1+8, 3, 'Fighter Mage', 'figther mage', 'F/M');
INSERT INTO CHARACTER_CLASS ([ID], [CLASS_TYPE_ID], [LONG_NAME], [SHORT_NAME], [ACRONYM]) VALUES (1+4096, 5, 'Fighter Cleric', 'figther cleric', 'F/C');
INSERT INTO CHARACTER_CLASS ([ID], [CLASS_TYPE_ID], [LONG_NAME], [SHORT_NAME], [ACRONYM]) VALUES (1+32768, 9, 'Fighter Thief', 'figther thief', 'F/T');
INSERT INTO CHARACTER_CLASS ([ID], [CLASS_TYPE_ID], [LONG_NAME], [SHORT_NAME], [ACRONYM]) VALUES (8+32768, 10, 'Mage Thief', 'mage thief', 'M/T');
INSERT INTO CHARACTER_CLASS ([ID], [CLASS_TYPE_ID], [LONG_NAME], [SHORT_NAME], [ACRONYM]) VALUES (8+4096, 6, 'Mage Cleric', 'mage cleric', 'M/C');
INSERT INTO CHARACTER_CLASS ([ID], [CLASS_TYPE_ID], [LONG_NAME], [SHORT_NAME], [ACRONYM]) VALUES (4096+32768, 12, 'Cleric Thief', 'cleric thief', 'C/T');
INSERT INTO CHARACTER_CLASS ([ID], [CLASS_TYPE_ID], [LONG_NAME], [SHORT_NAME], [ACRONYM]) VALUES (1+8+4096, 7, 'Fighter Mage Cleric', 'fighter mage cleric', 'F/M/C');
INSERT INTO CHARACTER_CLASS ([ID], [CLASS_TYPE_ID], [LONG_NAME], [SHORT_NAME], [ACRONYM]) VALUES (1+8+32768, 11, 'Fighter Mage Thief', 'fighter mage thief', 'F/M/T');
INSERT INTO CHARACTER_CLASS ([ID], [CLASS_TYPE_ID], [LONG_NAME], [SHORT_NAME], [ACRONYM]) VALUES (1+8192, 5, 'Fighter Druid', 'fighter druid', 'F/D');
INSERT INTO CHARACTER_CLASS ([ID], [CLASS_TYPE_ID], [LONG_NAME], [SHORT_NAME], [ACRONYM]) VALUES (1+256, 3, 'Fighter Illusionist', 'fighter illusionist', 'F/I');
INSERT INTO CHARACTER_CLASS ([ID], [CLASS_TYPE_ID], [LONG_NAME], [SHORT_NAME], [ACRONYM]) VALUES (4096+256, 6, 'Cleric Illusionist', 'fighter illusionist', 'C/I');
INSERT INTO CHARACTER_CLASS ([ID], [CLASS_TYPE_ID], [LONG_NAME], [SHORT_NAME], [ACRONYM]) VALUES (256+32768, 10, 'Illusionist Thief', 'illusionist thief', 'I/T');
INSERT INTO CHARACTER_CLASS ([ID], [CLASS_TYPE_ID], [LONG_NAME], [SHORT_NAME], [ACRONYM]) VALUES (4096+4, 12, 'Cleric Ranger', 'cleric ranger', 'C/R');
INSERT INTO CHARACTER_CLASS ([ID], [CLASS_TYPE_ID], [LONG_NAME], [SHORT_NAME], [ACRONYM]) VALUES (8+8192, 6, 'Mage Druid', 'mage druid', 'M/D');
INSERT INTO CHARACTER_CLASS ([ID], [CLASS_TYPE_ID], [LONG_NAME], [SHORT_NAME], [ACRONYM]) VALUES (1+8+8192, 7, 'Fighter Mage Druid', 'fighter mage druid', 'F/M/D');			

COMMIT TRANSACTION;

-------------------------------------------------------------------------------------------------------------

BEGIN TRANSACTION;

INSERT INTO RACE ([ID], [NAME], [ACRONYM], [BASE_MOVEMENT_RATE]) VALUES (0, 'Human', 'H', 12);
INSERT INTO RACE ([ID], [NAME], [ACRONYM], [BASE_MOVEMENT_RATE]) VALUES (1, 'Elf', 'E', 12);
INSERT INTO RACE ([ID], [NAME], [ACRONYM], [BASE_MOVEMENT_RATE]) VALUES (2, 'Dwarf', 'D', 6);
INSERT INTO RACE ([ID], [NAME], [ACRONYM], [BASE_MOVEMENT_RATE]) VALUES (3, 'Gnome', 'G', 6);
INSERT INTO RACE ([ID], [NAME], [ACRONYM], [BASE_MOVEMENT_RATE]) VALUES (4, 'Half-elf', 'HE', 12);
INSERT INTO RACE ([ID], [NAME], [ACRONYM], [BASE_MOVEMENT_RATE]) VALUES (5, 'Halfling', 'HALF', 6);

COMMIT TRANSACTION;

-------------------------------------------------------------------------------------------------------------

BEGIN TRANSACTION;

INSERT INTO SKILL ([ID], [NAME]) VALUES (0, 'Strength');
INSERT INTO SKILL ([ID], [NAME]) VALUES (1, 'Dexterity');
INSERT INTO SKILL ([ID], [NAME]) VALUES (2, 'Constitution');
INSERT INTO SKILL ([ID], [NAME]) VALUES (3, 'Intelligence');
INSERT INTO SKILL ([ID], [NAME]) VALUES (4, 'Wisdom');
INSERT INTO SKILL ([ID], [NAME]) VALUES (5, 'Charisma');

COMMIT TRANSACTION;

-------------------------------------------------------------------------------------------------------------

BEGIN TRANSACTION;

INSERT INTO SKILL_REQUISITE ([ID], [NAME]) VALUES (0, 'Default');
INSERT INTO SKILL_REQUISITE ([ID], [NAME]) VALUES (1, 'ClassType');
INSERT INTO SKILL_REQUISITE ([ID], [NAME]) VALUES (2, 'Class');
INSERT INTO SKILL_REQUISITE ([ID], [NAME]) VALUES (3, 'Race');

COMMIT TRANSACTION;

-------------------------------------------------------------------------------------------------------------

BEGIN TRANSACTION;

INSERT INTO SEX ([ID], [NAME], [ACRONYM]) VALUES (0, 'None', '-');
INSERT INTO SEX ([ID], [NAME], [ACRONYM]) VALUES (1, 'Male', 'M');
INSERT INTO SEX ([ID], [NAME], [ACRONYM]) VALUES (2, 'Female', 'F');
INSERT INTO SEX ([ID], [NAME], [ACRONYM]) VALUES (3, 'Both', 'B');

COMMIT TRANSACTION;
-------------------------------------------------------------------------------------------------------------

BEGIN TRANSACTION;

INSERT INTO BODY_SLOT ([ID], [DESCRIPTION], [CAPACITY_LIMIT]) VALUES (0,	'Head', 1);
INSERT INTO BODY_SLOT ([ID], [DESCRIPTION], [CAPACITY_LIMIT]) VALUES (1,	'Neck', 1);
INSERT INTO BODY_SLOT ([ID], [DESCRIPTION], [CAPACITY_LIMIT]) VALUES (2,	'Right ring', 2);
INSERT INTO BODY_SLOT ([ID], [DESCRIPTION], [CAPACITY_LIMIT]) VALUES (3,	'Left ring', 2);
INSERT INTO BODY_SLOT ([ID], [DESCRIPTION], [CAPACITY_LIMIT]) VALUES (4,	'Hands', 1);
INSERT INTO BODY_SLOT ([ID], [DESCRIPTION], [CAPACITY_LIMIT]) VALUES (5,	'Arms', 2);
INSERT INTO BODY_SLOT ([ID], [DESCRIPTION], [CAPACITY_LIMIT]) VALUES (6,	'Body', 1);
INSERT INTO BODY_SLOT ([ID], [DESCRIPTION], [CAPACITY_LIMIT]) VALUES (7,	'Feet', 1);
INSERT INTO BODY_SLOT ([ID], [DESCRIPTION], [CAPACITY_LIMIT]) VALUES (8,	'Mantle', 1);
INSERT INTO BODY_SLOT ([ID], [DESCRIPTION], [CAPACITY_LIMIT]) VALUES (9,	'Belt', 1);
INSERT INTO BODY_SLOT ([ID], [DESCRIPTION], [CAPACITY_LIMIT]) VALUES (10,	'Legs', 1);
INSERT INTO BODY_SLOT ([ID], [DESCRIPTION], [CAPACITY_LIMIT]) VALUES (11,	'Quiver', 100);
INSERT INTO BODY_SLOT ([ID], [DESCRIPTION], [CAPACITY_LIMIT]) VALUES (12,	'Backpack', NULL);
INSERT INTO BODY_SLOT ([ID], [DESCRIPTION], [CAPACITY_LIMIT]) VALUES (13,	'Back', 1);
INSERT INTO BODY_SLOT ([ID], [DESCRIPTION], [CAPACITY_LIMIT]) VALUES (14,	'Shoulder', 1);


COMMIT TRANSACTION;

-------------------------------------------------------------------------------------------------------------

BEGIN TRANSACTION;

INSERT INTO STRENGTH_STATS ([ABILITY_SCORE_FROM], [EXCP_FROM], [ABILITY_SCORE_TO], [EXCP_TO], [HIT_MODIFIER], [DAMAGE_ADJUSTMENT], [WEIGHT_ALLOWANCE], [MAXIMUM_PRESS], [OPEN_DOORS], [OPEN_DOORS_SPECIAL], [BEND_BARS_LIFT_GATES], [NOTE])
VALUES (1, NULL, 1, NULL, -5, -4, 0.5, 1.5, 1, NULL, 0, NULL);
INSERT INTO STRENGTH_STATS ([ABILITY_SCORE_FROM], [EXCP_FROM], [ABILITY_SCORE_TO], [EXCP_TO], [HIT_MODIFIER], [DAMAGE_ADJUSTMENT], [WEIGHT_ALLOWANCE], [MAXIMUM_PRESS], [OPEN_DOORS], [OPEN_DOORS_SPECIAL], [BEND_BARS_LIFT_GATES], [NOTE])
VALUES (2, NULL, 2, NULL, -3, -2, 0.5, 2, 1, NULL, 0, NULL);
INSERT INTO STRENGTH_STATS ([ABILITY_SCORE_FROM], [EXCP_FROM], [ABILITY_SCORE_TO], [EXCP_TO], [HIT_MODIFIER], [DAMAGE_ADJUSTMENT], [WEIGHT_ALLOWANCE], [MAXIMUM_PRESS], [OPEN_DOORS], [OPEN_DOORS_SPECIAL], [BEND_BARS_LIFT_GATES], [NOTE])
VALUES (3, NULL, 3, NULL, -3, -1, 2, 4.5, 2, NULL, 0, NULL);
INSERT INTO STRENGTH_STATS ([ABILITY_SCORE_FROM], [EXCP_FROM], [ABILITY_SCORE_TO], [EXCP_TO], [HIT_MODIFIER], [DAMAGE_ADJUSTMENT], [WEIGHT_ALLOWANCE], [MAXIMUM_PRESS], [OPEN_DOORS], [OPEN_DOORS_SPECIAL], [BEND_BARS_LIFT_GATES], [NOTE])
VALUES (4, NULL, 5, NULL, -2, -1, 4.5, 11, 3, NULL, 0, NULL);
INSERT INTO STRENGTH_STATS ([ABILITY_SCORE_FROM], [EXCP_FROM], [ABILITY_SCORE_TO], [EXCP_TO], [HIT_MODIFIER], [DAMAGE_ADJUSTMENT], [WEIGHT_ALLOWANCE], [MAXIMUM_PRESS], [OPEN_DOORS], [OPEN_DOORS_SPECIAL], [BEND_BARS_LIFT_GATES], [NOTE])
VALUES (6, NULL, 7, NULL, -1, 0, 9, 25, 4, NULL, 0, NULL);
INSERT INTO STRENGTH_STATS ([ABILITY_SCORE_FROM], [EXCP_FROM], [ABILITY_SCORE_TO], [EXCP_TO], [HIT_MODIFIER], [DAMAGE_ADJUSTMENT], [WEIGHT_ALLOWANCE], [MAXIMUM_PRESS], [OPEN_DOORS], [OPEN_DOORS_SPECIAL], [BEND_BARS_LIFT_GATES], [NOTE])
VALUES (8, NULL, 9, NULL, 0, 0, 16, 41, 5, NULL, 1, NULL);
INSERT INTO STRENGTH_STATS ([ABILITY_SCORE_FROM], [EXCP_FROM], [ABILITY_SCORE_TO], [EXCP_TO], [HIT_MODIFIER], [DAMAGE_ADJUSTMENT], [WEIGHT_ALLOWANCE], [MAXIMUM_PRESS], [OPEN_DOORS], [OPEN_DOORS_SPECIAL], [BEND_BARS_LIFT_GATES], [NOTE])
VALUES (10, NULL, 11, NULL, 0, 0, 18, 52, 6, NULL, 2, NULL);
INSERT INTO STRENGTH_STATS ([ABILITY_SCORE_FROM], [EXCP_FROM], [ABILITY_SCORE_TO], [EXCP_TO], [HIT_MODIFIER], [DAMAGE_ADJUSTMENT], [WEIGHT_ALLOWANCE], [MAXIMUM_PRESS], [OPEN_DOORS], [OPEN_DOORS_SPECIAL], [BEND_BARS_LIFT_GATES], [NOTE])
VALUES (12, NULL, 13, NULL, 0, 0, 20.5, 63.5, 7, NULL, 4, NULL);
INSERT INTO STRENGTH_STATS ([ABILITY_SCORE_FROM], [EXCP_FROM], [ABILITY_SCORE_TO], [EXCP_TO], [HIT_MODIFIER], [DAMAGE_ADJUSTMENT], [WEIGHT_ALLOWANCE], [MAXIMUM_PRESS], [OPEN_DOORS], [OPEN_DOORS_SPECIAL], [BEND_BARS_LIFT_GATES], [NOTE])
VALUES (14, NULL, 15, NULL, 0, 0, 25, 77, 8, NULL, 7, NULL);
INSERT INTO STRENGTH_STATS ([ABILITY_SCORE_FROM], [EXCP_FROM], [ABILITY_SCORE_TO], [EXCP_TO], [HIT_MODIFIER], [DAMAGE_ADJUSTMENT], [WEIGHT_ALLOWANCE], [MAXIMUM_PRESS], [OPEN_DOORS], [OPEN_DOORS_SPECIAL], [BEND_BARS_LIFT_GATES], [NOTE])
VALUES (16, NULL, 16, NULL, 0, 1, 32, 88.5, 9, NULL, 10, NULL);
INSERT INTO STRENGTH_STATS ([ABILITY_SCORE_FROM], [EXCP_FROM], [ABILITY_SCORE_TO], [EXCP_TO], [HIT_MODIFIER], [DAMAGE_ADJUSTMENT], [WEIGHT_ALLOWANCE], [MAXIMUM_PRESS], [OPEN_DOORS], [OPEN_DOORS_SPECIAL], [BEND_BARS_LIFT_GATES], [NOTE])
VALUES (17, NULL, 17, NULL, 1, 1, 38.5, 99.5, 10, NULL, 13, NULL);
INSERT INTO STRENGTH_STATS ([ABILITY_SCORE_FROM], [EXCP_FROM], [ABILITY_SCORE_TO], [EXCP_TO], [HIT_MODIFIER], [DAMAGE_ADJUSTMENT], [WEIGHT_ALLOWANCE], [MAXIMUM_PRESS], [OPEN_DOORS], [OPEN_DOORS_SPECIAL], [BEND_BARS_LIFT_GATES], [NOTE])
VALUES (18, NULL, 18, NULL, 1, 2, 50, 115.5, 11, NULL, 16, NULL);
INSERT INTO STRENGTH_STATS ([ABILITY_SCORE_FROM], [EXCP_FROM], [ABILITY_SCORE_TO], [EXCP_TO], [HIT_MODIFIER], [DAMAGE_ADJUSTMENT], [WEIGHT_ALLOWANCE], [MAXIMUM_PRESS], [OPEN_DOORS], [OPEN_DOORS_SPECIAL], [BEND_BARS_LIFT_GATES], [NOTE])
VALUES (18, 1, 18, 50, 1, 3, 61, 127, 12, NULL, 20, NULL);
INSERT INTO STRENGTH_STATS ([ABILITY_SCORE_FROM], [EXCP_FROM], [ABILITY_SCORE_TO], [EXCP_TO], [HIT_MODIFIER], [DAMAGE_ADJUSTMENT], [WEIGHT_ALLOWANCE], [MAXIMUM_PRESS], [OPEN_DOORS], [OPEN_DOORS_SPECIAL], [BEND_BARS_LIFT_GATES], [NOTE])
VALUES (18, 51, 18, 75, 2, 3, 71.5, 138, 13, NULL, 25, NULL);
INSERT INTO STRENGTH_STATS ([ABILITY_SCORE_FROM], [EXCP_FROM], [ABILITY_SCORE_TO], [EXCP_TO], [HIT_MODIFIER], [DAMAGE_ADJUSTMENT], [WEIGHT_ALLOWANCE], [MAXIMUM_PRESS], [OPEN_DOORS], [OPEN_DOORS_SPECIAL], [BEND_BARS_LIFT_GATES], [NOTE])
VALUES (18, 76, 18, 90, 2, 4, 84, 149.5, 14, NULL, 30, NULL);
INSERT INTO STRENGTH_STATS ([ABILITY_SCORE_FROM], [EXCP_FROM], [ABILITY_SCORE_TO], [EXCP_TO], [HIT_MODIFIER], [DAMAGE_ADJUSTMENT], [WEIGHT_ALLOWANCE], [MAXIMUM_PRESS], [OPEN_DOORS], [OPEN_DOORS_SPECIAL], [BEND_BARS_LIFT_GATES], [NOTE])
VALUES (18, 91, 18, 99, 2, 5, 106.5, 172, 15, 3, 35, NULL);
INSERT INTO STRENGTH_STATS ([ABILITY_SCORE_FROM], [EXCP_FROM], [ABILITY_SCORE_TO], [EXCP_TO], [HIT_MODIFIER], [DAMAGE_ADJUSTMENT], [WEIGHT_ALLOWANCE], [MAXIMUM_PRESS], [OPEN_DOORS], [OPEN_DOORS_SPECIAL], [BEND_BARS_LIFT_GATES], [NOTE])
VALUES (18, 100, 18, 100, 3, 6, 152, 217.5, 16, 6, 40, NULL);
INSERT INTO STRENGTH_STATS ([ABILITY_SCORE_FROM], [EXCP_FROM], [ABILITY_SCORE_TO], [EXCP_TO], [HIT_MODIFIER], [DAMAGE_ADJUSTMENT], [WEIGHT_ALLOWANCE], [MAXIMUM_PRESS], [OPEN_DOORS], [OPEN_DOORS_SPECIAL], [BEND_BARS_LIFT_GATES], [NOTE])
VALUES (19, NULL, 19, NULL, 3, 7, 219.5, 290, 16, 8, 50, 'Hill Giant');
INSERT INTO STRENGTH_STATS ([ABILITY_SCORE_FROM], [EXCP_FROM], [ABILITY_SCORE_TO], [EXCP_TO], [HIT_MODIFIER], [DAMAGE_ADJUSTMENT], [WEIGHT_ALLOWANCE], [MAXIMUM_PRESS], [OPEN_DOORS], [OPEN_DOORS_SPECIAL], [BEND_BARS_LIFT_GATES], [NOTE])
VALUES (20, NULL, 20, NULL, 3, 8, 242.5, 317, 17, 10, 60, 'Stone Giant');
INSERT INTO STRENGTH_STATS ([ABILITY_SCORE_FROM], [EXCP_FROM], [ABILITY_SCORE_TO], [EXCP_TO], [HIT_MODIFIER], [DAMAGE_ADJUSTMENT], [WEIGHT_ALLOWANCE], [MAXIMUM_PRESS], [OPEN_DOORS], [OPEN_DOORS_SPECIAL], [BEND_BARS_LIFT_GATES], [NOTE])
VALUES (21, NULL, 21, NULL, 4, 9, 287.5, 367, 17, 12, 70, 'Frost Giant');
INSERT INTO STRENGTH_STATS ([ABILITY_SCORE_FROM], [EXCP_FROM], [ABILITY_SCORE_TO], [EXCP_TO], [HIT_MODIFIER], [DAMAGE_ADJUSTMENT], [WEIGHT_ALLOWANCE], [MAXIMUM_PRESS], [OPEN_DOORS], [OPEN_DOORS_SPECIAL], [BEND_BARS_LIFT_GATES], [NOTE])
VALUES (22, NULL, 22, NULL, 4, 10, 355.5, 439.5, 18, 14, 80, 'Fire Giant');
INSERT INTO STRENGTH_STATS ([ABILITY_SCORE_FROM], [EXCP_FROM], [ABILITY_SCORE_TO], [EXCP_TO], [HIT_MODIFIER], [DAMAGE_ADJUSTMENT], [WEIGHT_ALLOWANCE], [MAXIMUM_PRESS], [OPEN_DOORS], [OPEN_DOORS_SPECIAL], [BEND_BARS_LIFT_GATES], [NOTE])
VALUES (23, NULL, 23, NULL, 5, 11, 423.5, 512, 18, 16, 90, 'Cloud Giant');
INSERT INTO STRENGTH_STATS ([ABILITY_SCORE_FROM], [EXCP_FROM], [ABILITY_SCORE_TO], [EXCP_TO], [HIT_MODIFIER], [DAMAGE_ADJUSTMENT], [WEIGHT_ALLOWANCE], [MAXIMUM_PRESS], [OPEN_DOORS], [OPEN_DOORS_SPECIAL], [BEND_BARS_LIFT_GATES], [NOTE])
VALUES (24, NULL, 24, NULL, 6, 12, 559.5, 652.5, 19, 17, 95, 'Storm Giant');
INSERT INTO STRENGTH_STATS ([ABILITY_SCORE_FROM], [EXCP_FROM], [ABILITY_SCORE_TO], [EXCP_TO], [HIT_MODIFIER], [DAMAGE_ADJUSTMENT], [WEIGHT_ALLOWANCE], [MAXIMUM_PRESS], [OPEN_DOORS], [OPEN_DOORS_SPECIAL], [BEND_BARS_LIFT_GATES], [NOTE])
VALUES (25, NULL, 25, NULL, 7, 14, 695.5, 793, 19, 18, 99, 'Titan');

COMMIT TRANSACTION;

-------------------------------------------------------------------------------------------------------------

BEGIN TRANSACTION;

INSERT INTO DEXTERITY_STATS ([ABILITY_SCORE], [REACTION_ADJUSTMENT], [MISSILE_ATTACK_ADJUSTMENT], [DEFENSIVE_ADJUSTMENT]) VALUES (1,  -6, -6,  5);
INSERT INTO DEXTERITY_STATS ([ABILITY_SCORE], [REACTION_ADJUSTMENT], [MISSILE_ATTACK_ADJUSTMENT], [DEFENSIVE_ADJUSTMENT]) VALUES (2,  -4, -4,  5);
INSERT INTO DEXTERITY_STATS ([ABILITY_SCORE], [REACTION_ADJUSTMENT], [MISSILE_ATTACK_ADJUSTMENT], [DEFENSIVE_ADJUSTMENT]) VALUES (3,  -3, -3,  4);
INSERT INTO DEXTERITY_STATS ([ABILITY_SCORE], [REACTION_ADJUSTMENT], [MISSILE_ATTACK_ADJUSTMENT], [DEFENSIVE_ADJUSTMENT]) VALUES (4,  -2, -2,  3);
INSERT INTO DEXTERITY_STATS ([ABILITY_SCORE], [REACTION_ADJUSTMENT], [MISSILE_ATTACK_ADJUSTMENT], [DEFENSIVE_ADJUSTMENT]) VALUES (5,  -1, -1,  2);
INSERT INTO DEXTERITY_STATS ([ABILITY_SCORE], [REACTION_ADJUSTMENT], [MISSILE_ATTACK_ADJUSTMENT], [DEFENSIVE_ADJUSTMENT]) VALUES (6,   0,  0,  1);
INSERT INTO DEXTERITY_STATS ([ABILITY_SCORE], [REACTION_ADJUSTMENT], [MISSILE_ATTACK_ADJUSTMENT], [DEFENSIVE_ADJUSTMENT]) VALUES (7,   0,  0,  0);
INSERT INTO DEXTERITY_STATS ([ABILITY_SCORE], [REACTION_ADJUSTMENT], [MISSILE_ATTACK_ADJUSTMENT], [DEFENSIVE_ADJUSTMENT]) VALUES (8,   0,  0,  0);
INSERT INTO DEXTERITY_STATS ([ABILITY_SCORE], [REACTION_ADJUSTMENT], [MISSILE_ATTACK_ADJUSTMENT], [DEFENSIVE_ADJUSTMENT]) VALUES (9,   0,  0,  0);
INSERT INTO DEXTERITY_STATS ([ABILITY_SCORE], [REACTION_ADJUSTMENT], [MISSILE_ATTACK_ADJUSTMENT], [DEFENSIVE_ADJUSTMENT]) VALUES (10,  0,  0,  0);
INSERT INTO DEXTERITY_STATS ([ABILITY_SCORE], [REACTION_ADJUSTMENT], [MISSILE_ATTACK_ADJUSTMENT], [DEFENSIVE_ADJUSTMENT]) VALUES (11,  0,  0,  0);
INSERT INTO DEXTERITY_STATS ([ABILITY_SCORE], [REACTION_ADJUSTMENT], [MISSILE_ATTACK_ADJUSTMENT], [DEFENSIVE_ADJUSTMENT]) VALUES (12,  0,  0,  0);
INSERT INTO DEXTERITY_STATS ([ABILITY_SCORE], [REACTION_ADJUSTMENT], [MISSILE_ATTACK_ADJUSTMENT], [DEFENSIVE_ADJUSTMENT]) VALUES (13,  0,  0,  0);
INSERT INTO DEXTERITY_STATS ([ABILITY_SCORE], [REACTION_ADJUSTMENT], [MISSILE_ATTACK_ADJUSTMENT], [DEFENSIVE_ADJUSTMENT]) VALUES (14,  0,  0,  0);
INSERT INTO DEXTERITY_STATS ([ABILITY_SCORE], [REACTION_ADJUSTMENT], [MISSILE_ATTACK_ADJUSTMENT], [DEFENSIVE_ADJUSTMENT]) VALUES (15,  0,  0, -1);
INSERT INTO DEXTERITY_STATS ([ABILITY_SCORE], [REACTION_ADJUSTMENT], [MISSILE_ATTACK_ADJUSTMENT], [DEFENSIVE_ADJUSTMENT]) VALUES (16,  1,  1, -2);
INSERT INTO DEXTERITY_STATS ([ABILITY_SCORE], [REACTION_ADJUSTMENT], [MISSILE_ATTACK_ADJUSTMENT], [DEFENSIVE_ADJUSTMENT]) VALUES (17,  2,  2, -3);
INSERT INTO DEXTERITY_STATS ([ABILITY_SCORE], [REACTION_ADJUSTMENT], [MISSILE_ATTACK_ADJUSTMENT], [DEFENSIVE_ADJUSTMENT]) VALUES (18,  2,  2, -4);
INSERT INTO DEXTERITY_STATS ([ABILITY_SCORE], [REACTION_ADJUSTMENT], [MISSILE_ATTACK_ADJUSTMENT], [DEFENSIVE_ADJUSTMENT]) VALUES (19,  3,  3, -4);
INSERT INTO DEXTERITY_STATS ([ABILITY_SCORE], [REACTION_ADJUSTMENT], [MISSILE_ATTACK_ADJUSTMENT], [DEFENSIVE_ADJUSTMENT]) VALUES (20,  3,  3, -4);
INSERT INTO DEXTERITY_STATS ([ABILITY_SCORE], [REACTION_ADJUSTMENT], [MISSILE_ATTACK_ADJUSTMENT], [DEFENSIVE_ADJUSTMENT]) VALUES (21,  4,  4, -5);
INSERT INTO DEXTERITY_STATS ([ABILITY_SCORE], [REACTION_ADJUSTMENT], [MISSILE_ATTACK_ADJUSTMENT], [DEFENSIVE_ADJUSTMENT]) VALUES (22,  4,  4, -5);
INSERT INTO DEXTERITY_STATS ([ABILITY_SCORE], [REACTION_ADJUSTMENT], [MISSILE_ATTACK_ADJUSTMENT], [DEFENSIVE_ADJUSTMENT]) VALUES (23,  4,  4, -5);
INSERT INTO DEXTERITY_STATS ([ABILITY_SCORE], [REACTION_ADJUSTMENT], [MISSILE_ATTACK_ADJUSTMENT], [DEFENSIVE_ADJUSTMENT]) VALUES (24,  5,  5, -6);
INSERT INTO DEXTERITY_STATS ([ABILITY_SCORE], [REACTION_ADJUSTMENT], [MISSILE_ATTACK_ADJUSTMENT], [DEFENSIVE_ADJUSTMENT]) VALUES (25,  5,  5, -6);
	
COMMIT TRANSACTION;

-------------------------------------------------------------------------------------------------------------

BEGIN TRANSACTION;

INSERT INTO CONSTITUTION_STATS ([ABILITY_SCORE], [HIT_POINT_ADJUSTMENT], [HIT_POINT_ADJUSTMENT_WARRIORS], [ROLLS_UPGRADE], [SYSTEM_SHOCK], [RESURRECTION_SURVIVAL], [POISON_SAVE], [REGENERATION_POINTS], [REGENERATION_TURNS]) VALUES (1,  -3, NULL, NULL,  25,  30, -2, NULL, NULL);
INSERT INTO CONSTITUTION_STATS ([ABILITY_SCORE], [HIT_POINT_ADJUSTMENT], [HIT_POINT_ADJUSTMENT_WARRIORS], [ROLLS_UPGRADE], [SYSTEM_SHOCK], [RESURRECTION_SURVIVAL], [POISON_SAVE], [REGENERATION_POINTS], [REGENERATION_TURNS]) VALUES (2,  -2, NULL, NULL,  30,  35, -1, NULL, NULL);
INSERT INTO CONSTITUTION_STATS ([ABILITY_SCORE], [HIT_POINT_ADJUSTMENT], [HIT_POINT_ADJUSTMENT_WARRIORS], [ROLLS_UPGRADE], [SYSTEM_SHOCK], [RESURRECTION_SURVIVAL], [POISON_SAVE], [REGENERATION_POINTS], [REGENERATION_TURNS]) VALUES (3,  -2, NULL, NULL,  35,  40,  0, NULL, NULL);
INSERT INTO CONSTITUTION_STATS ([ABILITY_SCORE], [HIT_POINT_ADJUSTMENT], [HIT_POINT_ADJUSTMENT_WARRIORS], [ROLLS_UPGRADE], [SYSTEM_SHOCK], [RESURRECTION_SURVIVAL], [POISON_SAVE], [REGENERATION_POINTS], [REGENERATION_TURNS]) VALUES (4,  -1, NULL, NULL,  40,  45,  0, NULL, NULL);
INSERT INTO CONSTITUTION_STATS ([ABILITY_SCORE], [HIT_POINT_ADJUSTMENT], [HIT_POINT_ADJUSTMENT_WARRIORS], [ROLLS_UPGRADE], [SYSTEM_SHOCK], [RESURRECTION_SURVIVAL], [POISON_SAVE], [REGENERATION_POINTS], [REGENERATION_TURNS]) VALUES (5,  -1, NULL, NULL,  45,  50,  0, NULL, NULL);
INSERT INTO CONSTITUTION_STATS ([ABILITY_SCORE], [HIT_POINT_ADJUSTMENT], [HIT_POINT_ADJUSTMENT_WARRIORS], [ROLLS_UPGRADE], [SYSTEM_SHOCK], [RESURRECTION_SURVIVAL], [POISON_SAVE], [REGENERATION_POINTS], [REGENERATION_TURNS]) VALUES (6,  -1, NULL, NULL,  50,  55,  0, NULL, NULL);
INSERT INTO CONSTITUTION_STATS ([ABILITY_SCORE], [HIT_POINT_ADJUSTMENT], [HIT_POINT_ADJUSTMENT_WARRIORS], [ROLLS_UPGRADE], [SYSTEM_SHOCK], [RESURRECTION_SURVIVAL], [POISON_SAVE], [REGENERATION_POINTS], [REGENERATION_TURNS]) VALUES (7,   0, NULL, NULL,  55,  60,  0, NULL, NULL);
INSERT INTO CONSTITUTION_STATS ([ABILITY_SCORE], [HIT_POINT_ADJUSTMENT], [HIT_POINT_ADJUSTMENT_WARRIORS], [ROLLS_UPGRADE], [SYSTEM_SHOCK], [RESURRECTION_SURVIVAL], [POISON_SAVE], [REGENERATION_POINTS], [REGENERATION_TURNS]) VALUES (8,   0, NULL, NULL,  60,  65,  0, NULL, NULL);
INSERT INTO CONSTITUTION_STATS ([ABILITY_SCORE], [HIT_POINT_ADJUSTMENT], [HIT_POINT_ADJUSTMENT_WARRIORS], [ROLLS_UPGRADE], [SYSTEM_SHOCK], [RESURRECTION_SURVIVAL], [POISON_SAVE], [REGENERATION_POINTS], [REGENERATION_TURNS]) VALUES (9,   0, NULL, NULL,  65,  70,  0, NULL, NULL);
INSERT INTO CONSTITUTION_STATS ([ABILITY_SCORE], [HIT_POINT_ADJUSTMENT], [HIT_POINT_ADJUSTMENT_WARRIORS], [ROLLS_UPGRADE], [SYSTEM_SHOCK], [RESURRECTION_SURVIVAL], [POISON_SAVE], [REGENERATION_POINTS], [REGENERATION_TURNS]) VALUES (10,  0, NULL, NULL,  70,  75,  0, NULL, NULL);
INSERT INTO CONSTITUTION_STATS ([ABILITY_SCORE], [HIT_POINT_ADJUSTMENT], [HIT_POINT_ADJUSTMENT_WARRIORS], [ROLLS_UPGRADE], [SYSTEM_SHOCK], [RESURRECTION_SURVIVAL], [POISON_SAVE], [REGENERATION_POINTS], [REGENERATION_TURNS]) VALUES (11,  0, NULL, NULL,  75,  80,  0, NULL, NULL);
INSERT INTO CONSTITUTION_STATS ([ABILITY_SCORE], [HIT_POINT_ADJUSTMENT], [HIT_POINT_ADJUSTMENT_WARRIORS], [ROLLS_UPGRADE], [SYSTEM_SHOCK], [RESURRECTION_SURVIVAL], [POISON_SAVE], [REGENERATION_POINTS], [REGENERATION_TURNS]) VALUES (12,  0, NULL, NULL,  80,  85,  0, NULL, NULL);
INSERT INTO CONSTITUTION_STATS ([ABILITY_SCORE], [HIT_POINT_ADJUSTMENT], [HIT_POINT_ADJUSTMENT_WARRIORS], [ROLLS_UPGRADE], [SYSTEM_SHOCK], [RESURRECTION_SURVIVAL], [POISON_SAVE], [REGENERATION_POINTS], [REGENERATION_TURNS]) VALUES (13,  0, NULL, NULL,  85,  90,  0, NULL, NULL);
INSERT INTO CONSTITUTION_STATS ([ABILITY_SCORE], [HIT_POINT_ADJUSTMENT], [HIT_POINT_ADJUSTMENT_WARRIORS], [ROLLS_UPGRADE], [SYSTEM_SHOCK], [RESURRECTION_SURVIVAL], [POISON_SAVE], [REGENERATION_POINTS], [REGENERATION_TURNS]) VALUES (14,  0, NULL, NULL,  88,  92,  0, NULL, NULL);
INSERT INTO CONSTITUTION_STATS ([ABILITY_SCORE], [HIT_POINT_ADJUSTMENT], [HIT_POINT_ADJUSTMENT_WARRIORS], [ROLLS_UPGRADE], [SYSTEM_SHOCK], [RESURRECTION_SURVIVAL], [POISON_SAVE], [REGENERATION_POINTS], [REGENERATION_TURNS]) VALUES (15,  1, NULL, NULL,  90,  94,  0, NULL, NULL);
INSERT INTO CONSTITUTION_STATS ([ABILITY_SCORE], [HIT_POINT_ADJUSTMENT], [HIT_POINT_ADJUSTMENT_WARRIORS], [ROLLS_UPGRADE], [SYSTEM_SHOCK], [RESURRECTION_SURVIVAL], [POISON_SAVE], [REGENERATION_POINTS], [REGENERATION_TURNS]) VALUES (16,  2, NULL, NULL,  95,  96,  0, NULL, NULL);
INSERT INTO CONSTITUTION_STATS ([ABILITY_SCORE], [HIT_POINT_ADJUSTMENT], [HIT_POINT_ADJUSTMENT_WARRIORS], [ROLLS_UPGRADE], [SYSTEM_SHOCK], [RESURRECTION_SURVIVAL], [POISON_SAVE], [REGENERATION_POINTS], [REGENERATION_TURNS]) VALUES (17,  2,    3, NULL,  97,  98,  0, NULL, NULL);
INSERT INTO CONSTITUTION_STATS ([ABILITY_SCORE], [HIT_POINT_ADJUSTMENT], [HIT_POINT_ADJUSTMENT_WARRIORS], [ROLLS_UPGRADE], [SYSTEM_SHOCK], [RESURRECTION_SURVIVAL], [POISON_SAVE], [REGENERATION_POINTS], [REGENERATION_TURNS]) VALUES (18,  2,    4, NULL,  99, 100,  0, NULL, NULL);
INSERT INTO CONSTITUTION_STATS ([ABILITY_SCORE], [HIT_POINT_ADJUSTMENT], [HIT_POINT_ADJUSTMENT_WARRIORS], [ROLLS_UPGRADE], [SYSTEM_SHOCK], [RESURRECTION_SURVIVAL], [POISON_SAVE], [REGENERATION_POINTS], [REGENERATION_TURNS]) VALUES (19,  2,    5, NULL,  99, 100,  1, NULL, NULL);
INSERT INTO CONSTITUTION_STATS ([ABILITY_SCORE], [HIT_POINT_ADJUSTMENT], [HIT_POINT_ADJUSTMENT_WARRIORS], [ROLLS_UPGRADE], [SYSTEM_SHOCK], [RESURRECTION_SURVIVAL], [POISON_SAVE], [REGENERATION_POINTS], [REGENERATION_TURNS]) VALUES (20,  2,    5,    1,  99, 100,  1,    1,    6);
INSERT INTO CONSTITUTION_STATS ([ABILITY_SCORE], [HIT_POINT_ADJUSTMENT], [HIT_POINT_ADJUSTMENT_WARRIORS], [ROLLS_UPGRADE], [SYSTEM_SHOCK], [RESURRECTION_SURVIVAL], [POISON_SAVE], [REGENERATION_POINTS], [REGENERATION_TURNS]) VALUES (21,  2,    6,    2,  99, 100,  2,    1,    5);
INSERT INTO CONSTITUTION_STATS ([ABILITY_SCORE], [HIT_POINT_ADJUSTMENT], [HIT_POINT_ADJUSTMENT_WARRIORS], [ROLLS_UPGRADE], [SYSTEM_SHOCK], [RESURRECTION_SURVIVAL], [POISON_SAVE], [REGENERATION_POINTS], [REGENERATION_TURNS]) VALUES (22,  2,    6,    2,  99, 100,  2,    1,    4);
INSERT INTO CONSTITUTION_STATS ([ABILITY_SCORE], [HIT_POINT_ADJUSTMENT], [HIT_POINT_ADJUSTMENT_WARRIORS], [ROLLS_UPGRADE], [SYSTEM_SHOCK], [RESURRECTION_SURVIVAL], [POISON_SAVE], [REGENERATION_POINTS], [REGENERATION_TURNS]) VALUES (23,  2,    6,    3,  99, 100,  3,    1,    3);
INSERT INTO CONSTITUTION_STATS ([ABILITY_SCORE], [HIT_POINT_ADJUSTMENT], [HIT_POINT_ADJUSTMENT_WARRIORS], [ROLLS_UPGRADE], [SYSTEM_SHOCK], [RESURRECTION_SURVIVAL], [POISON_SAVE], [REGENERATION_POINTS], [REGENERATION_TURNS]) VALUES (24,  2,    7,    3,  99, 100,  3,    1,    2);
INSERT INTO CONSTITUTION_STATS ([ABILITY_SCORE], [HIT_POINT_ADJUSTMENT], [HIT_POINT_ADJUSTMENT_WARRIORS], [ROLLS_UPGRADE], [SYSTEM_SHOCK], [RESURRECTION_SURVIVAL], [POISON_SAVE], [REGENERATION_POINTS], [REGENERATION_TURNS]) VALUES (25,  2,    7,    3, 100, 100,  4,    1,    1);

COMMIT TRANSACTION;

-------------------------------------------------------------------------------------------------------------

BEGIN TRANSACTION;

INSERT INTO INTELLIGENCE_STATS ([ABILITY_SCORE], [NUMBER_OF_LANGUAGES], [SPELL_LEVEL], [CHANCE_TO_LEARN_SPELL], [MAX_NUMBER_OF_SPELLS_PER_LEVEL], [ILLUSION_IMMUNITY]) VALUES (1,  0,  NULL, NULL,    0, NULL);
INSERT INTO INTELLIGENCE_STATS ([ABILITY_SCORE], [NUMBER_OF_LANGUAGES], [SPELL_LEVEL], [CHANCE_TO_LEARN_SPELL], [MAX_NUMBER_OF_SPELLS_PER_LEVEL], [ILLUSION_IMMUNITY]) VALUES (2,  1,  NULL, NULL,    0, NULL);
INSERT INTO INTELLIGENCE_STATS ([ABILITY_SCORE], [NUMBER_OF_LANGUAGES], [SPELL_LEVEL], [CHANCE_TO_LEARN_SPELL], [MAX_NUMBER_OF_SPELLS_PER_LEVEL], [ILLUSION_IMMUNITY]) VALUES (3,  1,  NULL, NULL,    0, NULL);
INSERT INTO INTELLIGENCE_STATS ([ABILITY_SCORE], [NUMBER_OF_LANGUAGES], [SPELL_LEVEL], [CHANCE_TO_LEARN_SPELL], [MAX_NUMBER_OF_SPELLS_PER_LEVEL], [ILLUSION_IMMUNITY]) VALUES (4,  1,  NULL, NULL,    0, NULL);
INSERT INTO INTELLIGENCE_STATS ([ABILITY_SCORE], [NUMBER_OF_LANGUAGES], [SPELL_LEVEL], [CHANCE_TO_LEARN_SPELL], [MAX_NUMBER_OF_SPELLS_PER_LEVEL], [ILLUSION_IMMUNITY]) VALUES (5,  1,  NULL, NULL,    0, NULL);
INSERT INTO INTELLIGENCE_STATS ([ABILITY_SCORE], [NUMBER_OF_LANGUAGES], [SPELL_LEVEL], [CHANCE_TO_LEARN_SPELL], [MAX_NUMBER_OF_SPELLS_PER_LEVEL], [ILLUSION_IMMUNITY]) VALUES (6,  1,  NULL, NULL,    0, NULL);
INSERT INTO INTELLIGENCE_STATS ([ABILITY_SCORE], [NUMBER_OF_LANGUAGES], [SPELL_LEVEL], [CHANCE_TO_LEARN_SPELL], [MAX_NUMBER_OF_SPELLS_PER_LEVEL], [ILLUSION_IMMUNITY]) VALUES (7,  1,  NULL, NULL,    0, NULL);
INSERT INTO INTELLIGENCE_STATS ([ABILITY_SCORE], [NUMBER_OF_LANGUAGES], [SPELL_LEVEL], [CHANCE_TO_LEARN_SPELL], [MAX_NUMBER_OF_SPELLS_PER_LEVEL], [ILLUSION_IMMUNITY]) VALUES (8,  1,  NULL, NULL,    0, NULL);
INSERT INTO INTELLIGENCE_STATS ([ABILITY_SCORE], [NUMBER_OF_LANGUAGES], [SPELL_LEVEL], [CHANCE_TO_LEARN_SPELL], [MAX_NUMBER_OF_SPELLS_PER_LEVEL], [ILLUSION_IMMUNITY]) VALUES (9,  2,     4,   35,    6, NULL);
INSERT INTO INTELLIGENCE_STATS ([ABILITY_SCORE], [NUMBER_OF_LANGUAGES], [SPELL_LEVEL], [CHANCE_TO_LEARN_SPELL], [MAX_NUMBER_OF_SPELLS_PER_LEVEL], [ILLUSION_IMMUNITY]) VALUES (10, 2,     5,   40,    7, NULL);
INSERT INTO INTELLIGENCE_STATS ([ABILITY_SCORE], [NUMBER_OF_LANGUAGES], [SPELL_LEVEL], [CHANCE_TO_LEARN_SPELL], [MAX_NUMBER_OF_SPELLS_PER_LEVEL], [ILLUSION_IMMUNITY]) VALUES (11, 2,     5,   45,    7, NULL);
INSERT INTO INTELLIGENCE_STATS ([ABILITY_SCORE], [NUMBER_OF_LANGUAGES], [SPELL_LEVEL], [CHANCE_TO_LEARN_SPELL], [MAX_NUMBER_OF_SPELLS_PER_LEVEL], [ILLUSION_IMMUNITY]) VALUES (12, 3,     6,   50,    7, NULL);
INSERT INTO INTELLIGENCE_STATS ([ABILITY_SCORE], [NUMBER_OF_LANGUAGES], [SPELL_LEVEL], [CHANCE_TO_LEARN_SPELL], [MAX_NUMBER_OF_SPELLS_PER_LEVEL], [ILLUSION_IMMUNITY]) VALUES (13, 3,     6,   55,    9, NULL);
INSERT INTO INTELLIGENCE_STATS ([ABILITY_SCORE], [NUMBER_OF_LANGUAGES], [SPELL_LEVEL], [CHANCE_TO_LEARN_SPELL], [MAX_NUMBER_OF_SPELLS_PER_LEVEL], [ILLUSION_IMMUNITY]) VALUES (14, 4,     7,   60,    9, NULL);
INSERT INTO INTELLIGENCE_STATS ([ABILITY_SCORE], [NUMBER_OF_LANGUAGES], [SPELL_LEVEL], [CHANCE_TO_LEARN_SPELL], [MAX_NUMBER_OF_SPELLS_PER_LEVEL], [ILLUSION_IMMUNITY]) VALUES (15, 4,     7,   65,   11, NULL);
INSERT INTO INTELLIGENCE_STATS ([ABILITY_SCORE], [NUMBER_OF_LANGUAGES], [SPELL_LEVEL], [CHANCE_TO_LEARN_SPELL], [MAX_NUMBER_OF_SPELLS_PER_LEVEL], [ILLUSION_IMMUNITY]) VALUES (16, 5,     8,   70,   11, NULL);
INSERT INTO INTELLIGENCE_STATS ([ABILITY_SCORE], [NUMBER_OF_LANGUAGES], [SPELL_LEVEL], [CHANCE_TO_LEARN_SPELL], [MAX_NUMBER_OF_SPELLS_PER_LEVEL], [ILLUSION_IMMUNITY]) VALUES (17, 6,     8,   75,   14, NULL);
INSERT INTO INTELLIGENCE_STATS ([ABILITY_SCORE], [NUMBER_OF_LANGUAGES], [SPELL_LEVEL], [CHANCE_TO_LEARN_SPELL], [MAX_NUMBER_OF_SPELLS_PER_LEVEL], [ILLUSION_IMMUNITY]) VALUES (18, 7,     9,   85,   18, NULL);
INSERT INTO INTELLIGENCE_STATS ([ABILITY_SCORE], [NUMBER_OF_LANGUAGES], [SPELL_LEVEL], [CHANCE_TO_LEARN_SPELL], [MAX_NUMBER_OF_SPELLS_PER_LEVEL], [ILLUSION_IMMUNITY]) VALUES (19, 8,     9,   95, NULL,    1);
INSERT INTO INTELLIGENCE_STATS ([ABILITY_SCORE], [NUMBER_OF_LANGUAGES], [SPELL_LEVEL], [CHANCE_TO_LEARN_SPELL], [MAX_NUMBER_OF_SPELLS_PER_LEVEL], [ILLUSION_IMMUNITY]) VALUES (20, 9,     9,   96, NULL,    2);
INSERT INTO INTELLIGENCE_STATS ([ABILITY_SCORE], [NUMBER_OF_LANGUAGES], [SPELL_LEVEL], [CHANCE_TO_LEARN_SPELL], [MAX_NUMBER_OF_SPELLS_PER_LEVEL], [ILLUSION_IMMUNITY]) VALUES (21, 10,    9,   97, NULL,    3);
INSERT INTO INTELLIGENCE_STATS ([ABILITY_SCORE], [NUMBER_OF_LANGUAGES], [SPELL_LEVEL], [CHANCE_TO_LEARN_SPELL], [MAX_NUMBER_OF_SPELLS_PER_LEVEL], [ILLUSION_IMMUNITY]) VALUES (22, 11,    9,   98, NULL,    4);
INSERT INTO INTELLIGENCE_STATS ([ABILITY_SCORE], [NUMBER_OF_LANGUAGES], [SPELL_LEVEL], [CHANCE_TO_LEARN_SPELL], [MAX_NUMBER_OF_SPELLS_PER_LEVEL], [ILLUSION_IMMUNITY]) VALUES (23, 12,    9,   99, NULL,    5);
INSERT INTO INTELLIGENCE_STATS ([ABILITY_SCORE], [NUMBER_OF_LANGUAGES], [SPELL_LEVEL], [CHANCE_TO_LEARN_SPELL], [MAX_NUMBER_OF_SPELLS_PER_LEVEL], [ILLUSION_IMMUNITY]) VALUES (24, 15,    9,  100, NULL,    6);
INSERT INTO INTELLIGENCE_STATS ([ABILITY_SCORE], [NUMBER_OF_LANGUAGES], [SPELL_LEVEL], [CHANCE_TO_LEARN_SPELL], [MAX_NUMBER_OF_SPELLS_PER_LEVEL], [ILLUSION_IMMUNITY]) VALUES (25, 20,    9,  100, NULL,    7);

COMMIT TRANSACTION;

-------------------------------------------------------------------------------------------------------------

BEGIN TRANSACTION;

INSERT INTO WISDOM_STATS ([ABILITY_SCORE], [MAGICAL_DEFENCE_ADJUSTMENT], [BONUS_SPELL_LEVEL_1], [BONUS_SPELL_LEVEL_2], [BONUS_SPELL_LEVEL_3], [BONUS_SPELL_LEVEL_4], [BONUS_SPELL_LEVEL_5], [BONUS_SPELL_LEVEL_6], [BONUS_SPELL_LEVEL_7], [CHANCE_OF_SPELL_FAILURE], [SPELL_IMMUNITY]) VALUES (1,  -6, NULL, NULL, NULL, NULL, NULL, NULL, NULL, 80, NULL);
INSERT INTO WISDOM_STATS ([ABILITY_SCORE], [MAGICAL_DEFENCE_ADJUSTMENT], [BONUS_SPELL_LEVEL_1], [BONUS_SPELL_LEVEL_2], [BONUS_SPELL_LEVEL_3], [BONUS_SPELL_LEVEL_4], [BONUS_SPELL_LEVEL_5], [BONUS_SPELL_LEVEL_6], [BONUS_SPELL_LEVEL_7], [CHANCE_OF_SPELL_FAILURE], [SPELL_IMMUNITY]) VALUES (2,  -4, NULL, NULL, NULL, NULL, NULL, NULL, NULL, 60, NULL);
INSERT INTO WISDOM_STATS ([ABILITY_SCORE], [MAGICAL_DEFENCE_ADJUSTMENT], [BONUS_SPELL_LEVEL_1], [BONUS_SPELL_LEVEL_2], [BONUS_SPELL_LEVEL_3], [BONUS_SPELL_LEVEL_4], [BONUS_SPELL_LEVEL_5], [BONUS_SPELL_LEVEL_6], [BONUS_SPELL_LEVEL_7], [CHANCE_OF_SPELL_FAILURE], [SPELL_IMMUNITY]) VALUES (3,  -3, NULL, NULL, NULL, NULL, NULL, NULL, NULL, 50, NULL);
INSERT INTO WISDOM_STATS ([ABILITY_SCORE], [MAGICAL_DEFENCE_ADJUSTMENT], [BONUS_SPELL_LEVEL_1], [BONUS_SPELL_LEVEL_2], [BONUS_SPELL_LEVEL_3], [BONUS_SPELL_LEVEL_4], [BONUS_SPELL_LEVEL_5], [BONUS_SPELL_LEVEL_6], [BONUS_SPELL_LEVEL_7], [CHANCE_OF_SPELL_FAILURE], [SPELL_IMMUNITY]) VALUES (4,  -2, NULL, NULL, NULL, NULL, NULL, NULL, NULL, 45, NULL);
INSERT INTO WISDOM_STATS ([ABILITY_SCORE], [MAGICAL_DEFENCE_ADJUSTMENT], [BONUS_SPELL_LEVEL_1], [BONUS_SPELL_LEVEL_2], [BONUS_SPELL_LEVEL_3], [BONUS_SPELL_LEVEL_4], [BONUS_SPELL_LEVEL_5], [BONUS_SPELL_LEVEL_6], [BONUS_SPELL_LEVEL_7], [CHANCE_OF_SPELL_FAILURE], [SPELL_IMMUNITY]) VALUES (5,  -1, NULL, NULL, NULL, NULL, NULL, NULL, NULL, 40, NULL);
INSERT INTO WISDOM_STATS ([ABILITY_SCORE], [MAGICAL_DEFENCE_ADJUSTMENT], [BONUS_SPELL_LEVEL_1], [BONUS_SPELL_LEVEL_2], [BONUS_SPELL_LEVEL_3], [BONUS_SPELL_LEVEL_4], [BONUS_SPELL_LEVEL_5], [BONUS_SPELL_LEVEL_6], [BONUS_SPELL_LEVEL_7], [CHANCE_OF_SPELL_FAILURE], [SPELL_IMMUNITY]) VALUES (6,  -1, NULL, NULL, NULL, NULL, NULL, NULL, NULL, 35, NULL);
INSERT INTO WISDOM_STATS ([ABILITY_SCORE], [MAGICAL_DEFENCE_ADJUSTMENT], [BONUS_SPELL_LEVEL_1], [BONUS_SPELL_LEVEL_2], [BONUS_SPELL_LEVEL_3], [BONUS_SPELL_LEVEL_4], [BONUS_SPELL_LEVEL_5], [BONUS_SPELL_LEVEL_6], [BONUS_SPELL_LEVEL_7], [CHANCE_OF_SPELL_FAILURE], [SPELL_IMMUNITY]) VALUES (7,  -1, NULL, NULL, NULL, NULL, NULL, NULL, NULL, 30, NULL);
INSERT INTO WISDOM_STATS ([ABILITY_SCORE], [MAGICAL_DEFENCE_ADJUSTMENT], [BONUS_SPELL_LEVEL_1], [BONUS_SPELL_LEVEL_2], [BONUS_SPELL_LEVEL_3], [BONUS_SPELL_LEVEL_4], [BONUS_SPELL_LEVEL_5], [BONUS_SPELL_LEVEL_6], [BONUS_SPELL_LEVEL_7], [CHANCE_OF_SPELL_FAILURE], [SPELL_IMMUNITY]) VALUES (8,   0, NULL, NULL, NULL, NULL, NULL, NULL, NULL, 25, NULL);
INSERT INTO WISDOM_STATS ([ABILITY_SCORE], [MAGICAL_DEFENCE_ADJUSTMENT], [BONUS_SPELL_LEVEL_1], [BONUS_SPELL_LEVEL_2], [BONUS_SPELL_LEVEL_3], [BONUS_SPELL_LEVEL_4], [BONUS_SPELL_LEVEL_5], [BONUS_SPELL_LEVEL_6], [BONUS_SPELL_LEVEL_7], [CHANCE_OF_SPELL_FAILURE], [SPELL_IMMUNITY]) VALUES (9,   0,    0,    0,    0,    0,    0,    0,    0, 20, NULL);
INSERT INTO WISDOM_STATS ([ABILITY_SCORE], [MAGICAL_DEFENCE_ADJUSTMENT], [BONUS_SPELL_LEVEL_1], [BONUS_SPELL_LEVEL_2], [BONUS_SPELL_LEVEL_3], [BONUS_SPELL_LEVEL_4], [BONUS_SPELL_LEVEL_5], [BONUS_SPELL_LEVEL_6], [BONUS_SPELL_LEVEL_7], [CHANCE_OF_SPELL_FAILURE], [SPELL_IMMUNITY]) VALUES (10,  0,    0,    0,    0,    0,    0,    0,    0, 15, NULL);
INSERT INTO WISDOM_STATS ([ABILITY_SCORE], [MAGICAL_DEFENCE_ADJUSTMENT], [BONUS_SPELL_LEVEL_1], [BONUS_SPELL_LEVEL_2], [BONUS_SPELL_LEVEL_3], [BONUS_SPELL_LEVEL_4], [BONUS_SPELL_LEVEL_5], [BONUS_SPELL_LEVEL_6], [BONUS_SPELL_LEVEL_7], [CHANCE_OF_SPELL_FAILURE], [SPELL_IMMUNITY]) VALUES (11,  0,    0,    0,    0,    0,    0,    0,    0, 10, NULL);
INSERT INTO WISDOM_STATS ([ABILITY_SCORE], [MAGICAL_DEFENCE_ADJUSTMENT], [BONUS_SPELL_LEVEL_1], [BONUS_SPELL_LEVEL_2], [BONUS_SPELL_LEVEL_3], [BONUS_SPELL_LEVEL_4], [BONUS_SPELL_LEVEL_5], [BONUS_SPELL_LEVEL_6], [BONUS_SPELL_LEVEL_7], [CHANCE_OF_SPELL_FAILURE], [SPELL_IMMUNITY]) VALUES (12,  0,    0,    0,    0,    0,    0,    0,    0,  0, NULL);
INSERT INTO WISDOM_STATS ([ABILITY_SCORE], [MAGICAL_DEFENCE_ADJUSTMENT], [BONUS_SPELL_LEVEL_1], [BONUS_SPELL_LEVEL_2], [BONUS_SPELL_LEVEL_3], [BONUS_SPELL_LEVEL_4], [BONUS_SPELL_LEVEL_5], [BONUS_SPELL_LEVEL_6], [BONUS_SPELL_LEVEL_7], [CHANCE_OF_SPELL_FAILURE], [SPELL_IMMUNITY]) VALUES (13,  0,    1, NULL, NULL, NULL, NULL, NULL, NULL,  0, NULL);
INSERT INTO WISDOM_STATS ([ABILITY_SCORE], [MAGICAL_DEFENCE_ADJUSTMENT], [BONUS_SPELL_LEVEL_1], [BONUS_SPELL_LEVEL_2], [BONUS_SPELL_LEVEL_3], [BONUS_SPELL_LEVEL_4], [BONUS_SPELL_LEVEL_5], [BONUS_SPELL_LEVEL_6], [BONUS_SPELL_LEVEL_7], [CHANCE_OF_SPELL_FAILURE], [SPELL_IMMUNITY]) VALUES (14,  0,    2, NULL, NULL, NULL, NULL, NULL, NULL,  0, NULL);
INSERT INTO WISDOM_STATS ([ABILITY_SCORE], [MAGICAL_DEFENCE_ADJUSTMENT], [BONUS_SPELL_LEVEL_1], [BONUS_SPELL_LEVEL_2], [BONUS_SPELL_LEVEL_3], [BONUS_SPELL_LEVEL_4], [BONUS_SPELL_LEVEL_5], [BONUS_SPELL_LEVEL_6], [BONUS_SPELL_LEVEL_7], [CHANCE_OF_SPELL_FAILURE], [SPELL_IMMUNITY]) VALUES (15,  1,    2,    1, NULL, NULL, NULL, NULL, NULL,  0, NULL);
INSERT INTO WISDOM_STATS ([ABILITY_SCORE], [MAGICAL_DEFENCE_ADJUSTMENT], [BONUS_SPELL_LEVEL_1], [BONUS_SPELL_LEVEL_2], [BONUS_SPELL_LEVEL_3], [BONUS_SPELL_LEVEL_4], [BONUS_SPELL_LEVEL_5], [BONUS_SPELL_LEVEL_6], [BONUS_SPELL_LEVEL_7], [CHANCE_OF_SPELL_FAILURE], [SPELL_IMMUNITY]) VALUES (16,  2,    2,    2, NULL, NULL, NULL, NULL, NULL,  0, NULL);
INSERT INTO WISDOM_STATS ([ABILITY_SCORE], [MAGICAL_DEFENCE_ADJUSTMENT], [BONUS_SPELL_LEVEL_1], [BONUS_SPELL_LEVEL_2], [BONUS_SPELL_LEVEL_3], [BONUS_SPELL_LEVEL_4], [BONUS_SPELL_LEVEL_5], [BONUS_SPELL_LEVEL_6], [BONUS_SPELL_LEVEL_7], [CHANCE_OF_SPELL_FAILURE], [SPELL_IMMUNITY]) VALUES (17,  3,    2,    2,    1, NULL, NULL, NULL, NULL,  0, NULL);
INSERT INTO WISDOM_STATS ([ABILITY_SCORE], [MAGICAL_DEFENCE_ADJUSTMENT], [BONUS_SPELL_LEVEL_1], [BONUS_SPELL_LEVEL_2], [BONUS_SPELL_LEVEL_3], [BONUS_SPELL_LEVEL_4], [BONUS_SPELL_LEVEL_5], [BONUS_SPELL_LEVEL_6], [BONUS_SPELL_LEVEL_7], [CHANCE_OF_SPELL_FAILURE], [SPELL_IMMUNITY]) VALUES (18,  4,    2,    2,    1,    1, NULL, NULL, NULL,  0, NULL);
INSERT INTO WISDOM_STATS ([ABILITY_SCORE], [MAGICAL_DEFENCE_ADJUSTMENT], [BONUS_SPELL_LEVEL_1], [BONUS_SPELL_LEVEL_2], [BONUS_SPELL_LEVEL_3], [BONUS_SPELL_LEVEL_4], [BONUS_SPELL_LEVEL_5], [BONUS_SPELL_LEVEL_6], [BONUS_SPELL_LEVEL_7], [CHANCE_OF_SPELL_FAILURE], [SPELL_IMMUNITY]) VALUES (19,  4,    3,    2,    2,    1, NULL, NULL, NULL,  0, 1);
INSERT INTO WISDOM_STATS ([ABILITY_SCORE], [MAGICAL_DEFENCE_ADJUSTMENT], [BONUS_SPELL_LEVEL_1], [BONUS_SPELL_LEVEL_2], [BONUS_SPELL_LEVEL_3], [BONUS_SPELL_LEVEL_4], [BONUS_SPELL_LEVEL_5], [BONUS_SPELL_LEVEL_6], [BONUS_SPELL_LEVEL_7], [CHANCE_OF_SPELL_FAILURE], [SPELL_IMMUNITY]) VALUES (20,  4,    3,    3,    2,    2, NULL, NULL, NULL,  0, 1);
INSERT INTO WISDOM_STATS ([ABILITY_SCORE], [MAGICAL_DEFENCE_ADJUSTMENT], [BONUS_SPELL_LEVEL_1], [BONUS_SPELL_LEVEL_2], [BONUS_SPELL_LEVEL_3], [BONUS_SPELL_LEVEL_4], [BONUS_SPELL_LEVEL_5], [BONUS_SPELL_LEVEL_6], [BONUS_SPELL_LEVEL_7], [CHANCE_OF_SPELL_FAILURE], [SPELL_IMMUNITY]) VALUES (21,  4,    3,    3,    3,    2,    1, NULL, NULL,  0, 1);
INSERT INTO WISDOM_STATS ([ABILITY_SCORE], [MAGICAL_DEFENCE_ADJUSTMENT], [BONUS_SPELL_LEVEL_1], [BONUS_SPELL_LEVEL_2], [BONUS_SPELL_LEVEL_3], [BONUS_SPELL_LEVEL_4], [BONUS_SPELL_LEVEL_5], [BONUS_SPELL_LEVEL_6], [BONUS_SPELL_LEVEL_7], [CHANCE_OF_SPELL_FAILURE], [SPELL_IMMUNITY]) VALUES (22,  4,    3,    3,    3,    3,    2, NULL, NULL,  0, 1);
INSERT INTO WISDOM_STATS ([ABILITY_SCORE], [MAGICAL_DEFENCE_ADJUSTMENT], [BONUS_SPELL_LEVEL_1], [BONUS_SPELL_LEVEL_2], [BONUS_SPELL_LEVEL_3], [BONUS_SPELL_LEVEL_4], [BONUS_SPELL_LEVEL_5], [BONUS_SPELL_LEVEL_6], [BONUS_SPELL_LEVEL_7], [CHANCE_OF_SPELL_FAILURE], [SPELL_IMMUNITY]) VALUES (23,  4,    4,    3,    3,    3,    2,    1, NULL,  0, 1);
INSERT INTO WISDOM_STATS ([ABILITY_SCORE], [MAGICAL_DEFENCE_ADJUSTMENT], [BONUS_SPELL_LEVEL_1], [BONUS_SPELL_LEVEL_2], [BONUS_SPELL_LEVEL_3], [BONUS_SPELL_LEVEL_4], [BONUS_SPELL_LEVEL_5], [BONUS_SPELL_LEVEL_6], [BONUS_SPELL_LEVEL_7], [CHANCE_OF_SPELL_FAILURE], [SPELL_IMMUNITY]) VALUES (24,  4,    4,    3,    3,    3,    3,    2, NULL,  0, 1);
INSERT INTO WISDOM_STATS ([ABILITY_SCORE], [MAGICAL_DEFENCE_ADJUSTMENT], [BONUS_SPELL_LEVEL_1], [BONUS_SPELL_LEVEL_2], [BONUS_SPELL_LEVEL_3], [BONUS_SPELL_LEVEL_4], [BONUS_SPELL_LEVEL_5], [BONUS_SPELL_LEVEL_6], [BONUS_SPELL_LEVEL_7], [CHANCE_OF_SPELL_FAILURE], [SPELL_IMMUNITY]) VALUES (25,  4,    4,    3,    3,    3,    3,    3,    1,  0, 1);

COMMIT TRANSACTION;

-------------------------------------------------------------------------------------------------------------

BEGIN TRANSACTION;

INSERT INTO CHARISMA_STATS ([ABILITY_SCORE], [MAXIMUM_NUMBER_OF_HENCHMEN], [LOYALTY_BASE], [REACTION_ADJUSTMENT]) VALUES (1,   0, -8, -7);
INSERT INTO CHARISMA_STATS ([ABILITY_SCORE], [MAXIMUM_NUMBER_OF_HENCHMEN], [LOYALTY_BASE], [REACTION_ADJUSTMENT]) VALUES (2,   1, -7, -6);
INSERT INTO CHARISMA_STATS ([ABILITY_SCORE], [MAXIMUM_NUMBER_OF_HENCHMEN], [LOYALTY_BASE], [REACTION_ADJUSTMENT]) VALUES (3,   1, -6, -5);
INSERT INTO CHARISMA_STATS ([ABILITY_SCORE], [MAXIMUM_NUMBER_OF_HENCHMEN], [LOYALTY_BASE], [REACTION_ADJUSTMENT]) VALUES (4,   1, -5, -4);
INSERT INTO CHARISMA_STATS ([ABILITY_SCORE], [MAXIMUM_NUMBER_OF_HENCHMEN], [LOYALTY_BASE], [REACTION_ADJUSTMENT]) VALUES (5,   2, -4, -3);
INSERT INTO CHARISMA_STATS ([ABILITY_SCORE], [MAXIMUM_NUMBER_OF_HENCHMEN], [LOYALTY_BASE], [REACTION_ADJUSTMENT]) VALUES (6,   2, -3, -2);
INSERT INTO CHARISMA_STATS ([ABILITY_SCORE], [MAXIMUM_NUMBER_OF_HENCHMEN], [LOYALTY_BASE], [REACTION_ADJUSTMENT]) VALUES (7,   3, -2, -1);
INSERT INTO CHARISMA_STATS ([ABILITY_SCORE], [MAXIMUM_NUMBER_OF_HENCHMEN], [LOYALTY_BASE], [REACTION_ADJUSTMENT]) VALUES (8,   3, -1,  0);
INSERT INTO CHARISMA_STATS ([ABILITY_SCORE], [MAXIMUM_NUMBER_OF_HENCHMEN], [LOYALTY_BASE], [REACTION_ADJUSTMENT]) VALUES (9,   4,  0,  0);
INSERT INTO CHARISMA_STATS ([ABILITY_SCORE], [MAXIMUM_NUMBER_OF_HENCHMEN], [LOYALTY_BASE], [REACTION_ADJUSTMENT]) VALUES (10,  4,  0,  0);
INSERT INTO CHARISMA_STATS ([ABILITY_SCORE], [MAXIMUM_NUMBER_OF_HENCHMEN], [LOYALTY_BASE], [REACTION_ADJUSTMENT]) VALUES (11,  4,  0,  0);
INSERT INTO CHARISMA_STATS ([ABILITY_SCORE], [MAXIMUM_NUMBER_OF_HENCHMEN], [LOYALTY_BASE], [REACTION_ADJUSTMENT]) VALUES (12,  5,  0,  0);
INSERT INTO CHARISMA_STATS ([ABILITY_SCORE], [MAXIMUM_NUMBER_OF_HENCHMEN], [LOYALTY_BASE], [REACTION_ADJUSTMENT]) VALUES (13,  5,  0,  1);
INSERT INTO CHARISMA_STATS ([ABILITY_SCORE], [MAXIMUM_NUMBER_OF_HENCHMEN], [LOYALTY_BASE], [REACTION_ADJUSTMENT]) VALUES (14,  6,  1,  2);
INSERT INTO CHARISMA_STATS ([ABILITY_SCORE], [MAXIMUM_NUMBER_OF_HENCHMEN], [LOYALTY_BASE], [REACTION_ADJUSTMENT]) VALUES (15,  7,  3,  3);
INSERT INTO CHARISMA_STATS ([ABILITY_SCORE], [MAXIMUM_NUMBER_OF_HENCHMEN], [LOYALTY_BASE], [REACTION_ADJUSTMENT]) VALUES (16,  8,  4,  5);
INSERT INTO CHARISMA_STATS ([ABILITY_SCORE], [MAXIMUM_NUMBER_OF_HENCHMEN], [LOYALTY_BASE], [REACTION_ADJUSTMENT]) VALUES (17, 10,  6,  6);
INSERT INTO CHARISMA_STATS ([ABILITY_SCORE], [MAXIMUM_NUMBER_OF_HENCHMEN], [LOYALTY_BASE], [REACTION_ADJUSTMENT]) VALUES (18, 15,  8,  7);
INSERT INTO CHARISMA_STATS ([ABILITY_SCORE], [MAXIMUM_NUMBER_OF_HENCHMEN], [LOYALTY_BASE], [REACTION_ADJUSTMENT]) VALUES (19, 20, 10,  8);
INSERT INTO CHARISMA_STATS ([ABILITY_SCORE], [MAXIMUM_NUMBER_OF_HENCHMEN], [LOYALTY_BASE], [REACTION_ADJUSTMENT]) VALUES (20, 25, 12,  9);
INSERT INTO CHARISMA_STATS ([ABILITY_SCORE], [MAXIMUM_NUMBER_OF_HENCHMEN], [LOYALTY_BASE], [REACTION_ADJUSTMENT]) VALUES (21, 30, 14, 10);
INSERT INTO CHARISMA_STATS ([ABILITY_SCORE], [MAXIMUM_NUMBER_OF_HENCHMEN], [LOYALTY_BASE], [REACTION_ADJUSTMENT]) VALUES (22, 35, 16, 11);
INSERT INTO CHARISMA_STATS ([ABILITY_SCORE], [MAXIMUM_NUMBER_OF_HENCHMEN], [LOYALTY_BASE], [REACTION_ADJUSTMENT]) VALUES (23, 40, 18, 12);
INSERT INTO CHARISMA_STATS ([ABILITY_SCORE], [MAXIMUM_NUMBER_OF_HENCHMEN], [LOYALTY_BASE], [REACTION_ADJUSTMENT]) VALUES (24, 45, 20, 13);
INSERT INTO CHARISMA_STATS ([ABILITY_SCORE], [MAXIMUM_NUMBER_OF_HENCHMEN], [LOYALTY_BASE], [REACTION_ADJUSTMENT]) VALUES (25, 50, 20, 14);

COMMIT TRANSACTION;

-------------------------------------------------------------------------------------------------------------

BEGIN TRANSACTION;

-- DEFAULT BOUNDARIES
INSERT INTO SKILL_REQUISITE_VALUES ([SKILL_ID], [REQUISITE_ID], [OBJECT], [MIN], [MAX]) VALUES (0, 0, NULL, 3, 18);
INSERT INTO SKILL_REQUISITE_VALUES ([SKILL_ID], [REQUISITE_ID], [OBJECT], [MIN], [MAX]) VALUES (1, 0, NULL, 3, 18);
INSERT INTO SKILL_REQUISITE_VALUES ([SKILL_ID], [REQUISITE_ID], [OBJECT], [MIN], [MAX]) VALUES (2, 0, NULL, 3, 18);
INSERT INTO SKILL_REQUISITE_VALUES ([SKILL_ID], [REQUISITE_ID], [OBJECT], [MIN], [MAX]) VALUES (3, 0, NULL, 3, 18);
INSERT INTO SKILL_REQUISITE_VALUES ([SKILL_ID], [REQUISITE_ID], [OBJECT], [MIN], [MAX]) VALUES (4, 0, NULL, 3, 18);
INSERT INTO SKILL_REQUISITE_VALUES ([SKILL_ID], [REQUISITE_ID], [OBJECT], [MIN], [MAX]) VALUES (5, 0, NULL, 3, 18);

-- BOUNDARIES PER CLASS TYPE
INSERT INTO SKILL_REQUISITE_VALUES ([SKILL_ID], [REQUISITE_ID], [OBJECT], [MIN], [MAX]) VALUES (0, 1, 1, 9, 18);
INSERT INTO SKILL_REQUISITE_VALUES ([SKILL_ID], [REQUISITE_ID], [OBJECT], [MIN], [MAX]) VALUES (3, 1, 2, 9, 18);
INSERT INTO SKILL_REQUISITE_VALUES ([SKILL_ID], [REQUISITE_ID], [OBJECT], [MIN], [MAX]) VALUES (4, 1, 4, 9, 18);
INSERT INTO SKILL_REQUISITE_VALUES ([SKILL_ID], [REQUISITE_ID], [OBJECT], [MIN], [MAX]) VALUES (1, 1, 8, 9, 18);

-- BOUNDARIES PER CLASS
--  PALADIN
INSERT INTO SKILL_REQUISITE_VALUES ([SKILL_ID], [REQUISITE_ID], [OBJECT], [MIN], [MAX]) VALUES (0, 2, 2, 12, 18);
INSERT INTO SKILL_REQUISITE_VALUES ([SKILL_ID], [REQUISITE_ID], [OBJECT], [MIN], [MAX]) VALUES (2, 2, 2, 9, 18);
INSERT INTO SKILL_REQUISITE_VALUES ([SKILL_ID], [REQUISITE_ID], [OBJECT], [MIN], [MAX]) VALUES (4, 2, 2, 13, 18);
INSERT INTO SKILL_REQUISITE_VALUES ([SKILL_ID], [REQUISITE_ID], [OBJECT], [MIN], [MAX]) VALUES (5, 2, 2, 17, 18);

--  RANGER
INSERT INTO SKILL_REQUISITE_VALUES ([SKILL_ID], [REQUISITE_ID], [OBJECT], [MIN], [MAX]) VALUES (0, 2, 4, 13, 18);
INSERT INTO SKILL_REQUISITE_VALUES ([SKILL_ID], [REQUISITE_ID], [OBJECT], [MIN], [MAX]) VALUES (1, 2, 4, 13, 18);
INSERT INTO SKILL_REQUISITE_VALUES ([SKILL_ID], [REQUISITE_ID], [OBJECT], [MIN], [MAX]) VALUES (2, 2, 4, 14, 18);
INSERT INTO SKILL_REQUISITE_VALUES ([SKILL_ID], [REQUISITE_ID], [OBJECT], [MIN], [MAX]) VALUES (4, 2, 4, 14, 18);

--  DRUID
INSERT INTO SKILL_REQUISITE_VALUES ([SKILL_ID], [REQUISITE_ID], [OBJECT], [MIN], [MAX]) VALUES (4, 2, 8192, 12, 18);
INSERT INTO SKILL_REQUISITE_VALUES ([SKILL_ID], [REQUISITE_ID], [OBJECT], [MIN], [MAX]) VALUES (5, 2, 8192, 15, 18);

--  BARD
INSERT INTO SKILL_REQUISITE_VALUES ([SKILL_ID], [REQUISITE_ID], [OBJECT], [MIN], [MAX]) VALUES (1, 2, 65536, 12, 18);
INSERT INTO SKILL_REQUISITE_VALUES ([SKILL_ID], [REQUISITE_ID], [OBJECT], [MIN], [MAX]) VALUES (3, 2, 65536, 13, 18);
INSERT INTO SKILL_REQUISITE_VALUES ([SKILL_ID], [REQUISITE_ID], [OBJECT], [MIN], [MAX]) VALUES (5, 2, 65536, 15, 18);

--  ABJURER
INSERT INTO SKILL_REQUISITE_VALUES ([SKILL_ID], [REQUISITE_ID], [OBJECT], [MIN], [MAX]) VALUES (4, 2, 16, 15, 18);

-- SUMMONER
INSERT INTO SKILL_REQUISITE_VALUES ([SKILL_ID], [REQUISITE_ID], [OBJECT], [MIN], [MAX]) VALUES (3, 2, 32, 15, 18);

-- DIVINATOR
INSERT INTO SKILL_REQUISITE_VALUES ([SKILL_ID], [REQUISITE_ID], [OBJECT], [MIN], [MAX]) VALUES (4, 2, 64, 16, 18);

-- ENCHANTER
INSERT INTO SKILL_REQUISITE_VALUES ([SKILL_ID], [REQUISITE_ID], [OBJECT], [MIN], [MAX]) VALUES (5, 2, 128, 16, 18);

-- ILLUSIONIST
INSERT INTO SKILL_REQUISITE_VALUES ([SKILL_ID], [REQUISITE_ID], [OBJECT], [MIN], [MAX]) VALUES (1, 2, 256, 16, 18);

-- EVOCATOR
INSERT INTO SKILL_REQUISITE_VALUES ([SKILL_ID], [REQUISITE_ID], [OBJECT], [MIN], [MAX]) VALUES (2, 2, 512, 16, 18);

-- NECROMANCER
INSERT INTO SKILL_REQUISITE_VALUES ([SKILL_ID], [REQUISITE_ID], [OBJECT], [MIN], [MAX]) VALUES (4, 2, 1024, 16, 18);

-- ALTERATOR
INSERT INTO SKILL_REQUISITE_VALUES ([SKILL_ID], [REQUISITE_ID], [OBJECT], [MIN], [MAX]) VALUES (1, 2, 2048, 15, 18);


-- BOUNDARIES PER RACE
--	ELF
INSERT INTO SKILL_REQUISITE_VALUES ([SKILL_ID], [REQUISITE_ID], [OBJECT], [MIN], [MAX]) VALUES (1, 3, 1, 6, 18);
INSERT INTO SKILL_REQUISITE_VALUES ([SKILL_ID], [REQUISITE_ID], [OBJECT], [MIN], [MAX]) VALUES (2, 3, 1, 7, 18);
INSERT INTO SKILL_REQUISITE_VALUES ([SKILL_ID], [REQUISITE_ID], [OBJECT], [MIN], [MAX]) VALUES (3, 3, 1, 8, 18);
INSERT INTO SKILL_REQUISITE_VALUES ([SKILL_ID], [REQUISITE_ID], [OBJECT], [MIN], [MAX]) VALUES (5, 3, 1, 8, 18);
--	DWARF
INSERT INTO SKILL_REQUISITE_VALUES ([SKILL_ID], [REQUISITE_ID], [OBJECT], [MIN], [MAX]) VALUES (0, 3, 2, 8, 18);
INSERT INTO SKILL_REQUISITE_VALUES ([SKILL_ID], [REQUISITE_ID], [OBJECT], [MIN], [MAX]) VALUES (1, 3, 2, 3, 17);
INSERT INTO SKILL_REQUISITE_VALUES ([SKILL_ID], [REQUISITE_ID], [OBJECT], [MIN], [MAX]) VALUES (2, 3, 2, 11, 18);
INSERT INTO SKILL_REQUISITE_VALUES ([SKILL_ID], [REQUISITE_ID], [OBJECT], [MIN], [MAX]) VALUES (5, 3, 2, 3, 17);
--HALFLING
INSERT INTO SKILL_REQUISITE_VALUES ([SKILL_ID], [REQUISITE_ID], [OBJECT], [MIN], [MAX]) VALUES (0, 3, 5,  7, 18);
INSERT INTO SKILL_REQUISITE_VALUES ([SKILL_ID], [REQUISITE_ID], [OBJECT], [MIN], [MAX]) VALUES (1, 3, 5,  7, 18);
INSERT INTO SKILL_REQUISITE_VALUES ([SKILL_ID], [REQUISITE_ID], [OBJECT], [MIN], [MAX]) VALUES (2, 3, 5, 10, 18);
INSERT INTO SKILL_REQUISITE_VALUES ([SKILL_ID], [REQUISITE_ID], [OBJECT], [MIN], [MAX]) VALUES (3, 3, 5,  6, 18);
INSERT INTO SKILL_REQUISITE_VALUES ([SKILL_ID], [REQUISITE_ID], [OBJECT], [MIN], [MAX]) VALUES (4, 3, 5,  3, 17);
--GNOME
INSERT INTO SKILL_REQUISITE_VALUES ([SKILL_ID], [REQUISITE_ID], [OBJECT], [MIN], [MAX]) VALUES (0, 3, 3, 6, 18);
INSERT INTO SKILL_REQUISITE_VALUES ([SKILL_ID], [REQUISITE_ID], [OBJECT], [MIN], [MAX]) VALUES (2, 3, 3, 8, 18);
INSERT INTO SKILL_REQUISITE_VALUES ([SKILL_ID], [REQUISITE_ID], [OBJECT], [MIN], [MAX]) VALUES (3, 3, 3, 6, 18);
--HALF-ELF
INSERT INTO SKILL_REQUISITE_VALUES ([SKILL_ID], [REQUISITE_ID], [OBJECT], [MIN], [MAX]) VALUES (1, 3, 4, 6, 18);
INSERT INTO SKILL_REQUISITE_VALUES ([SKILL_ID], [REQUISITE_ID], [OBJECT], [MIN], [MAX]) VALUES (2, 3, 4, 6, 18);
INSERT INTO SKILL_REQUISITE_VALUES ([SKILL_ID], [REQUISITE_ID], [OBJECT], [MIN], [MAX]) VALUES (3, 3, 4, 4, 18);

COMMIT TRANSACTION;

-------------------------------------------------------------------------------------------------------------

BEGIN TRANSACTION;

--ELF
INSERT INTO SKILL_MODIFIER ([RACE_ID], [SKILL_ID], [VALUE]) VALUES (1, 1, 1);
INSERT INTO SKILL_MODIFIER ([RACE_ID], [SKILL_ID], [VALUE]) VALUES (1, 2, -1);
--DWARF
INSERT INTO SKILL_MODIFIER ([RACE_ID], [SKILL_ID], [VALUE]) VALUES (2, 2, 1);
INSERT INTO SKILL_MODIFIER ([RACE_ID], [SKILL_ID], [VALUE]) VALUES (2, 5, -1);
--HALFLING
INSERT INTO SKILL_MODIFIER ([RACE_ID], [SKILL_ID], [VALUE]) VALUES (5, 0, -1);
INSERT INTO SKILL_MODIFIER ([RACE_ID], [SKILL_ID], [VALUE]) VALUES (5, 1, 1);
--GNOME
INSERT INTO SKILL_MODIFIER ([RACE_ID], [SKILL_ID], [VALUE]) VALUES (3, 3, 1);
INSERT INTO SKILL_MODIFIER ([RACE_ID], [SKILL_ID], [VALUE]) VALUES (3, 4, -1);

COMMIT TRANSACTION;

-------------------------------------------------------------------------------------------------------------

BEGIN TRANSACTION;

INSERT INTO RACIAL_STATS ([RACE_ID], [HEIGHT_BASE_MALE], [HEIGHT_BASE_FEMALE], [HEIGHT_DICE_NUMBER], [HEIGHT_DICE_FACES], [HEIGHT_DICE_NUMBER_2], [HEIGHT_DICE_FACES_2], [WEIGHT_BASE_MALE], [WEIGHT_BASE_FEMALE], [WEIGHT_DICE_NUMBER], [WEIGHT_DICE_FACES], [WEIGHT_DICE_NUMBER_2], [WEIGHT_DICE_FACES_2], [AGE_STARTING], [AGE_DICE_NUMBER], [AGE_DICE_FACES], [AGE_MAXIMUM], [AGE_MAXIMUM_DICE_NUMBER], [AGE_MAXIMUM_DICE_FACES], [MIDDLE_AGE], [OLD_AGE], [VENERABLE_AGE]) VALUES (2, 108, 103, 2, 10, 1, 5, 59, 48, 2, 10, NULL, NULL, 40, 5,  6, 250, 2, 100, 125, 167, 250);
INSERT INTO RACIAL_STATS ([RACE_ID], [HEIGHT_BASE_MALE], [HEIGHT_BASE_FEMALE], [HEIGHT_DICE_NUMBER], [HEIGHT_DICE_FACES], [HEIGHT_DICE_NUMBER_2], [HEIGHT_DICE_FACES_2], [WEIGHT_BASE_MALE], [WEIGHT_BASE_FEMALE], [WEIGHT_DICE_NUMBER], [WEIGHT_DICE_FACES], [WEIGHT_DICE_NUMBER_2], [WEIGHT_DICE_FACES_2], [AGE_STARTING], [AGE_DICE_NUMBER], [AGE_DICE_FACES], [AGE_MAXIMUM], [AGE_MAXIMUM_DICE_NUMBER], [AGE_MAXIMUM_DICE_FACES], [MIDDLE_AGE], [OLD_AGE], [VENERABLE_AGE]) VALUES (1, 140, 130, 2, 10, 1, 5,  41,  38, 1, 10, 1, 5, 100, 5,  6, 350, 4, 100, 175, 233, 350);
INSERT INTO RACIAL_STATS ([RACE_ID], [HEIGHT_BASE_MALE], [HEIGHT_BASE_FEMALE], [HEIGHT_DICE_NUMBER], [HEIGHT_DICE_FACES], [HEIGHT_DICE_NUMBER_2], [HEIGHT_DICE_FACES_2], [WEIGHT_BASE_MALE], [WEIGHT_BASE_FEMALE], [WEIGHT_DICE_NUMBER], [WEIGHT_DICE_FACES], [WEIGHT_DICE_NUMBER_2], [WEIGHT_DICE_FACES_2], [AGE_STARTING], [AGE_DICE_NUMBER], [AGE_DICE_FACES], [AGE_MAXIMUM], [AGE_MAXIMUM_DICE_NUMBER], [AGE_MAXIMUM_DICE_FACES], [MIDDLE_AGE], [OLD_AGE], [VENERABLE_AGE]) VALUES (3, 95, 90, 2,  6, 1, 3,  33,  31, 2,  4, 1, 2,  60, 3, 12, 200, 3, 100, 100, 133, 200);
INSERT INTO RACIAL_STATS ([RACE_ID], [HEIGHT_BASE_MALE], [HEIGHT_BASE_FEMALE], [HEIGHT_DICE_NUMBER], [HEIGHT_DICE_FACES], [HEIGHT_DICE_NUMBER_2], [HEIGHT_DICE_FACES_2], [WEIGHT_BASE_MALE], [WEIGHT_BASE_FEMALE], [WEIGHT_DICE_NUMBER], [WEIGHT_DICE_FACES], [WEIGHT_DICE_NUMBER_2], [WEIGHT_DICE_FACES_2], [AGE_STARTING], [AGE_DICE_NUMBER], [AGE_DICE_FACES], [AGE_MAXIMUM], [AGE_MAXIMUM_DICE_NUMBER], [AGE_MAXIMUM_DICE_FACES], [MIDDLE_AGE], [OLD_AGE], [VENERABLE_AGE]) VALUES (4, 150, 145, 5,  6, NULL, NULL, 50,  39, 1, 12, 1, 6,  15, 1,  6, 125, 3,  20, 62,   83, 125);
INSERT INTO RACIAL_STATS ([RACE_ID], [HEIGHT_BASE_MALE], [HEIGHT_BASE_FEMALE], [HEIGHT_DICE_NUMBER], [HEIGHT_DICE_FACES], [HEIGHT_DICE_NUMBER_2], [HEIGHT_DICE_FACES_2], [WEIGHT_BASE_MALE], [WEIGHT_BASE_FEMALE], [WEIGHT_DICE_NUMBER], [WEIGHT_DICE_FACES], [WEIGHT_DICE_NUMBER_2], [WEIGHT_DICE_FACES_2], [AGE_STARTING], [AGE_DICE_NUMBER], [AGE_DICE_FACES], [AGE_MAXIMUM], [AGE_MAXIMUM_DICE_NUMBER], [AGE_MAXIMUM_DICE_FACES], [MIDDLE_AGE], [OLD_AGE], [VENERABLE_AGE]) VALUES (5, 80, 75, 5,  8, NULL, NULL,  24,  22, 2,  4, 1, 2,  20, 3,  4, 100, 1, 100, 50,   67, 100);
INSERT INTO RACIAL_STATS ([RACE_ID], [HEIGHT_BASE_MALE], [HEIGHT_BASE_FEMALE], [HEIGHT_DICE_NUMBER], [HEIGHT_DICE_FACES], [HEIGHT_DICE_NUMBER_2], [HEIGHT_DICE_FACES_2], [WEIGHT_BASE_MALE], [WEIGHT_BASE_FEMALE], [WEIGHT_DICE_NUMBER], [WEIGHT_DICE_FACES], [WEIGHT_DICE_NUMBER_2], [WEIGHT_DICE_FACES_2], [AGE_STARTING], [AGE_DICE_NUMBER], [AGE_DICE_FACES], [AGE_MAXIMUM], [AGE_MAXIMUM_DICE_NUMBER], [AGE_MAXIMUM_DICE_FACES], [MIDDLE_AGE], [OLD_AGE], [VENERABLE_AGE]) VALUES (0, 150, 148, 5, 10, NULL, NULL, 63, 45, 3, 10, NULL, NULL, 15, 1,  4,  90, 2,  20, 45,   60,  90);

COMMIT TRANSACTION;

-------------------------------------------------------------------------------------------------------------

BEGIN TRANSACTION;

INSERT INTO AGING_EFFECTS ([ID], [DESCRIPTION], [STRENGTH_MODIFIER], [DEXTERITY_MODIFIER], [CONSTITUTION_MODIFIER], [INTELLIGENCE_MODIFIER], [WISDOM_MODIFIER], [CHARISMA_MODIFIER]) VALUES (0, 'Young', 0,  0, 0, 0, 0, 0);
INSERT INTO AGING_EFFECTS ([ID], [DESCRIPTION], [STRENGTH_MODIFIER], [DEXTERITY_MODIFIER], [CONSTITUTION_MODIFIER], [INTELLIGENCE_MODIFIER], [WISDOM_MODIFIER], [CHARISMA_MODIFIER]) VALUES (1, 'Middle age', -1,  0, -1, 1, 1, 0);
INSERT INTO AGING_EFFECTS ([ID], [DESCRIPTION], [STRENGTH_MODIFIER], [DEXTERITY_MODIFIER], [CONSTITUTION_MODIFIER], [INTELLIGENCE_MODIFIER], [WISDOM_MODIFIER], [CHARISMA_MODIFIER]) VALUES (2, 'Old age',    -2, -2, -1, 0, 1, 0);
INSERT INTO AGING_EFFECTS ([ID], [DESCRIPTION], [STRENGTH_MODIFIER], [DEXTERITY_MODIFIER], [CONSTITUTION_MODIFIER], [INTELLIGENCE_MODIFIER], [WISDOM_MODIFIER], [CHARISMA_MODIFIER]) VALUES (3, 'Venerable',  -1, -1, -1, 1, 1, 0);

COMMIT TRANSACTION;

-------------------------------------------------------------------------------------------------------------

BEGIN TRANSACTION;

--FIGHTER
INSERT INTO PRIMARY_SKILL ([CLASS_ID], [SKILL_ID]) VALUES (1, 0);
--PALADIN
INSERT INTO PRIMARY_SKILL ([CLASS_ID], [SKILL_ID]) VALUES (2, 0);
INSERT INTO PRIMARY_SKILL ([CLASS_ID], [SKILL_ID]) VALUES (2, 5);
--RANGER
INSERT INTO PRIMARY_SKILL ([CLASS_ID], [SKILL_ID]) VALUES (4, 0);
INSERT INTO PRIMARY_SKILL ([CLASS_ID], [SKILL_ID]) VALUES (4, 1);
INSERT INTO PRIMARY_SKILL ([CLASS_ID], [SKILL_ID]) VALUES (4, 4);
--MAGE
INSERT INTO PRIMARY_SKILL ([CLASS_ID], [SKILL_ID]) VALUES (8, 3);
--SPECIALIST
INSERT INTO PRIMARY_SKILL ([CLASS_ID], [SKILL_ID]) VALUES (16, 3);
INSERT INTO PRIMARY_SKILL ([CLASS_ID], [SKILL_ID]) VALUES (32, 3);
INSERT INTO PRIMARY_SKILL ([CLASS_ID], [SKILL_ID]) VALUES (64, 3);
INSERT INTO PRIMARY_SKILL ([CLASS_ID], [SKILL_ID]) VALUES (128, 3);
INSERT INTO PRIMARY_SKILL ([CLASS_ID], [SKILL_ID]) VALUES (256, 3);
INSERT INTO PRIMARY_SKILL ([CLASS_ID], [SKILL_ID]) VALUES (512, 3);
INSERT INTO PRIMARY_SKILL ([CLASS_ID], [SKILL_ID]) VALUES (1024, 3);
INSERT INTO PRIMARY_SKILL ([CLASS_ID], [SKILL_ID]) VALUES (2048, 3);
--CLERIC
INSERT INTO PRIMARY_SKILL ([CLASS_ID], [SKILL_ID]) VALUES (4096, 4);
--DRUID
INSERT INTO PRIMARY_SKILL ([CLASS_ID], [SKILL_ID]) VALUES (8192, 4);
INSERT INTO PRIMARY_SKILL ([CLASS_ID], [SKILL_ID]) VALUES (8192, 5);
--PREIST OF SPECIFIC MYTHOS
INSERT INTO PRIMARY_SKILL ([CLASS_ID], [SKILL_ID]) VALUES (16384, 4);
--THIEF
INSERT INTO PRIMARY_SKILL ([CLASS_ID], [SKILL_ID]) VALUES (32768, 1);
--BARD
INSERT INTO PRIMARY_SKILL ([CLASS_ID], [SKILL_ID]) VALUES (65536, 1);
INSERT INTO PRIMARY_SKILL ([CLASS_ID], [SKILL_ID]) VALUES (65536, 5);

COMMIT TRANSACTION;

-------------------------------------------------------------------------------------------------------------

BEGIN TRANSACTION;

INSERT INTO THIEF_ABILITY ([ID], [NAME], [BASE_SCORE]) VALUES (0, 'Pick pockets', 15);
INSERT INTO THIEF_ABILITY ([ID], [NAME], [BASE_SCORE]) VALUES (1, 'Open locks', 10);
INSERT INTO THIEF_ABILITY ([ID], [NAME], [BASE_SCORE]) VALUES (2, 'Find remove traps', 5);
INSERT INTO THIEF_ABILITY ([ID], [NAME], [BASE_SCORE]) VALUES (3, 'Move silently', 10);
INSERT INTO THIEF_ABILITY ([ID], [NAME], [BASE_SCORE]) VALUES (4, 'Hide in shadows', 5);
INSERT INTO THIEF_ABILITY ([ID], [NAME], [BASE_SCORE]) VALUES (5, 'Hear noise', 15);
INSERT INTO THIEF_ABILITY ([ID], [NAME], [BASE_SCORE]) VALUES (6, 'Climb walls', 60);
INSERT INTO THIEF_ABILITY ([ID], [NAME], [BASE_SCORE]) VALUES (7, 'Read languages', 0);

COMMIT TRANSACTION;

-------------------------------------------------------------------------------------------------------------

BEGIN TRANSACTION;

INSERT INTO THIEF_ABILITY_SCORES ([LEVEL], [THIEF_ABILITY_ID], [SCORE]) VALUES (1, 0, 30);
INSERT INTO THIEF_ABILITY_SCORES ([LEVEL], [THIEF_ABILITY_ID], [SCORE]) VALUES (1, 1, 25);
INSERT INTO THIEF_ABILITY_SCORES ([LEVEL], [THIEF_ABILITY_ID], [SCORE]) VALUES (1, 2, 20);
INSERT INTO THIEF_ABILITY_SCORES ([LEVEL], [THIEF_ABILITY_ID], [SCORE]) VALUES (1, 3, 15);
INSERT INTO THIEF_ABILITY_SCORES ([LEVEL], [THIEF_ABILITY_ID], [SCORE]) VALUES (1, 4, 10);
INSERT INTO THIEF_ABILITY_SCORES ([LEVEL], [THIEF_ABILITY_ID], [SCORE]) VALUES (1, 5, 10);
INSERT INTO THIEF_ABILITY_SCORES ([LEVEL], [THIEF_ABILITY_ID], [SCORE]) VALUES (1, 6, 85);
INSERT INTO THIEF_ABILITY_SCORES ([LEVEL], [THIEF_ABILITY_ID], [SCORE]) VALUES (1, 7, 0);

INSERT INTO THIEF_ABILITY_SCORES ([LEVEL], [THIEF_ABILITY_ID], [SCORE]) VALUES (2, 0, 30);
INSERT INTO THIEF_ABILITY_SCORES ([LEVEL], [THIEF_ABILITY_ID], [SCORE]) VALUES (2, 1, 29);
INSERT INTO THIEF_ABILITY_SCORES ([LEVEL], [THIEF_ABILITY_ID], [SCORE]) VALUES (2, 2, 25);
INSERT INTO THIEF_ABILITY_SCORES ([LEVEL], [THIEF_ABILITY_ID], [SCORE]) VALUES (2, 3, 21);
INSERT INTO THIEF_ABILITY_SCORES ([LEVEL], [THIEF_ABILITY_ID], [SCORE]) VALUES (2, 4, 15);
INSERT INTO THIEF_ABILITY_SCORES ([LEVEL], [THIEF_ABILITY_ID], [SCORE]) VALUES (2, 5, 10);
INSERT INTO THIEF_ABILITY_SCORES ([LEVEL], [THIEF_ABILITY_ID], [SCORE]) VALUES (2, 6, 86);
INSERT INTO THIEF_ABILITY_SCORES ([LEVEL], [THIEF_ABILITY_ID], [SCORE]) VALUES (2, 7, 0);

INSERT INTO THIEF_ABILITY_SCORES ([LEVEL], [THIEF_ABILITY_ID], [SCORE]) VALUES (3, 0, 40);
INSERT INTO THIEF_ABILITY_SCORES ([LEVEL], [THIEF_ABILITY_ID], [SCORE]) VALUES (3, 1, 33);
INSERT INTO THIEF_ABILITY_SCORES ([LEVEL], [THIEF_ABILITY_ID], [SCORE]) VALUES (3, 2, 30);
INSERT INTO THIEF_ABILITY_SCORES ([LEVEL], [THIEF_ABILITY_ID], [SCORE]) VALUES (3, 3, 27);
INSERT INTO THIEF_ABILITY_SCORES ([LEVEL], [THIEF_ABILITY_ID], [SCORE]) VALUES (3, 4, 20);
INSERT INTO THIEF_ABILITY_SCORES ([LEVEL], [THIEF_ABILITY_ID], [SCORE]) VALUES (3, 5, 15);
INSERT INTO THIEF_ABILITY_SCORES ([LEVEL], [THIEF_ABILITY_ID], [SCORE]) VALUES (3, 6, 87);
INSERT INTO THIEF_ABILITY_SCORES ([LEVEL], [THIEF_ABILITY_ID], [SCORE]) VALUES (3, 7, 0);

INSERT INTO THIEF_ABILITY_SCORES ([LEVEL], [THIEF_ABILITY_ID], [SCORE]) VALUES (4, 0, 45);
INSERT INTO THIEF_ABILITY_SCORES ([LEVEL], [THIEF_ABILITY_ID], [SCORE]) VALUES (4, 1, 37);
INSERT INTO THIEF_ABILITY_SCORES ([LEVEL], [THIEF_ABILITY_ID], [SCORE]) VALUES (4, 2, 35);
INSERT INTO THIEF_ABILITY_SCORES ([LEVEL], [THIEF_ABILITY_ID], [SCORE]) VALUES (4, 3, 33);
INSERT INTO THIEF_ABILITY_SCORES ([LEVEL], [THIEF_ABILITY_ID], [SCORE]) VALUES (4, 4, 25);
INSERT INTO THIEF_ABILITY_SCORES ([LEVEL], [THIEF_ABILITY_ID], [SCORE]) VALUES (4, 5, 15);
INSERT INTO THIEF_ABILITY_SCORES ([LEVEL], [THIEF_ABILITY_ID], [SCORE]) VALUES (4, 6, 88);
INSERT INTO THIEF_ABILITY_SCORES ([LEVEL], [THIEF_ABILITY_ID], [SCORE]) VALUES (4, 7, 20);

INSERT INTO THIEF_ABILITY_SCORES ([LEVEL], [THIEF_ABILITY_ID], [SCORE]) VALUES (5, 0, 50);
INSERT INTO THIEF_ABILITY_SCORES ([LEVEL], [THIEF_ABILITY_ID], [SCORE]) VALUES (5, 1, 42);
INSERT INTO THIEF_ABILITY_SCORES ([LEVEL], [THIEF_ABILITY_ID], [SCORE]) VALUES (5, 2, 40);
INSERT INTO THIEF_ABILITY_SCORES ([LEVEL], [THIEF_ABILITY_ID], [SCORE]) VALUES (5, 3, 40);
INSERT INTO THIEF_ABILITY_SCORES ([LEVEL], [THIEF_ABILITY_ID], [SCORE]) VALUES (5, 4, 31);
INSERT INTO THIEF_ABILITY_SCORES ([LEVEL], [THIEF_ABILITY_ID], [SCORE]) VALUES (5, 5, 20);
INSERT INTO THIEF_ABILITY_SCORES ([LEVEL], [THIEF_ABILITY_ID], [SCORE]) VALUES (5, 6, 90);
INSERT INTO THIEF_ABILITY_SCORES ([LEVEL], [THIEF_ABILITY_ID], [SCORE]) VALUES (5, 7, 25);

INSERT INTO THIEF_ABILITY_SCORES ([LEVEL], [THIEF_ABILITY_ID], [SCORE]) VALUES (6, 0, 55);
INSERT INTO THIEF_ABILITY_SCORES ([LEVEL], [THIEF_ABILITY_ID], [SCORE]) VALUES (6, 1, 47);
INSERT INTO THIEF_ABILITY_SCORES ([LEVEL], [THIEF_ABILITY_ID], [SCORE]) VALUES (6, 2, 45);
INSERT INTO THIEF_ABILITY_SCORES ([LEVEL], [THIEF_ABILITY_ID], [SCORE]) VALUES (6, 3, 47);
INSERT INTO THIEF_ABILITY_SCORES ([LEVEL], [THIEF_ABILITY_ID], [SCORE]) VALUES (6, 4, 37);
INSERT INTO THIEF_ABILITY_SCORES ([LEVEL], [THIEF_ABILITY_ID], [SCORE]) VALUES (6, 5, 20);
INSERT INTO THIEF_ABILITY_SCORES ([LEVEL], [THIEF_ABILITY_ID], [SCORE]) VALUES (6, 6, 92);
INSERT INTO THIEF_ABILITY_SCORES ([LEVEL], [THIEF_ABILITY_ID], [SCORE]) VALUES (6, 7, 30);

INSERT INTO THIEF_ABILITY_SCORES ([LEVEL], [THIEF_ABILITY_ID], [SCORE]) VALUES (7, 0, 60);
INSERT INTO THIEF_ABILITY_SCORES ([LEVEL], [THIEF_ABILITY_ID], [SCORE]) VALUES (7, 1, 52);
INSERT INTO THIEF_ABILITY_SCORES ([LEVEL], [THIEF_ABILITY_ID], [SCORE]) VALUES (7, 2, 50);
INSERT INTO THIEF_ABILITY_SCORES ([LEVEL], [THIEF_ABILITY_ID], [SCORE]) VALUES (7, 3, 55);
INSERT INTO THIEF_ABILITY_SCORES ([LEVEL], [THIEF_ABILITY_ID], [SCORE]) VALUES (7, 4, 43);
INSERT INTO THIEF_ABILITY_SCORES ([LEVEL], [THIEF_ABILITY_ID], [SCORE]) VALUES (7, 5, 25);
INSERT INTO THIEF_ABILITY_SCORES ([LEVEL], [THIEF_ABILITY_ID], [SCORE]) VALUES (7, 6, 94);
INSERT INTO THIEF_ABILITY_SCORES ([LEVEL], [THIEF_ABILITY_ID], [SCORE]) VALUES (7, 7, 35);

INSERT INTO THIEF_ABILITY_SCORES ([LEVEL], [THIEF_ABILITY_ID], [SCORE]) VALUES (8, 0, 65);
INSERT INTO THIEF_ABILITY_SCORES ([LEVEL], [THIEF_ABILITY_ID], [SCORE]) VALUES (8, 1, 57);
INSERT INTO THIEF_ABILITY_SCORES ([LEVEL], [THIEF_ABILITY_ID], [SCORE]) VALUES (8, 2, 55);
INSERT INTO THIEF_ABILITY_SCORES ([LEVEL], [THIEF_ABILITY_ID], [SCORE]) VALUES (8, 3, 62);
INSERT INTO THIEF_ABILITY_SCORES ([LEVEL], [THIEF_ABILITY_ID], [SCORE]) VALUES (8, 4, 49);
INSERT INTO THIEF_ABILITY_SCORES ([LEVEL], [THIEF_ABILITY_ID], [SCORE]) VALUES (8, 5, 25);
INSERT INTO THIEF_ABILITY_SCORES ([LEVEL], [THIEF_ABILITY_ID], [SCORE]) VALUES (8, 6, 95);
INSERT INTO THIEF_ABILITY_SCORES ([LEVEL], [THIEF_ABILITY_ID], [SCORE]) VALUES (8, 7, 40);

INSERT INTO THIEF_ABILITY_SCORES ([LEVEL], [THIEF_ABILITY_ID], [SCORE]) VALUES (9, 0, 70);
INSERT INTO THIEF_ABILITY_SCORES ([LEVEL], [THIEF_ABILITY_ID], [SCORE]) VALUES (9, 1, 62);
INSERT INTO THIEF_ABILITY_SCORES ([LEVEL], [THIEF_ABILITY_ID], [SCORE]) VALUES (9, 2, 60);
INSERT INTO THIEF_ABILITY_SCORES ([LEVEL], [THIEF_ABILITY_ID], [SCORE]) VALUES (9, 3, 70);
INSERT INTO THIEF_ABILITY_SCORES ([LEVEL], [THIEF_ABILITY_ID], [SCORE]) VALUES (9, 4, 56);
INSERT INTO THIEF_ABILITY_SCORES ([LEVEL], [THIEF_ABILITY_ID], [SCORE]) VALUES (9, 5, 30);
INSERT INTO THIEF_ABILITY_SCORES ([LEVEL], [THIEF_ABILITY_ID], [SCORE]) VALUES (9, 6, 95);
INSERT INTO THIEF_ABILITY_SCORES ([LEVEL], [THIEF_ABILITY_ID], [SCORE]) VALUES (9, 7, 40);

INSERT INTO THIEF_ABILITY_SCORES ([LEVEL], [THIEF_ABILITY_ID], [SCORE]) VALUES (10, 0, 80);
INSERT INTO THIEF_ABILITY_SCORES ([LEVEL], [THIEF_ABILITY_ID], [SCORE]) VALUES (10, 1, 67);
INSERT INTO THIEF_ABILITY_SCORES ([LEVEL], [THIEF_ABILITY_ID], [SCORE]) VALUES (10, 2, 65);
INSERT INTO THIEF_ABILITY_SCORES ([LEVEL], [THIEF_ABILITY_ID], [SCORE]) VALUES (10, 3, 78);
INSERT INTO THIEF_ABILITY_SCORES ([LEVEL], [THIEF_ABILITY_ID], [SCORE]) VALUES (10, 4, 63);
INSERT INTO THIEF_ABILITY_SCORES ([LEVEL], [THIEF_ABILITY_ID], [SCORE]) VALUES (10, 5, 30);
INSERT INTO THIEF_ABILITY_SCORES ([LEVEL], [THIEF_ABILITY_ID], [SCORE]) VALUES (10, 6, 95);
INSERT INTO THIEF_ABILITY_SCORES ([LEVEL], [THIEF_ABILITY_ID], [SCORE]) VALUES (10, 7, 50);

INSERT INTO THIEF_ABILITY_SCORES ([LEVEL], [THIEF_ABILITY_ID], [SCORE]) VALUES (11, 0, 90);
INSERT INTO THIEF_ABILITY_SCORES ([LEVEL], [THIEF_ABILITY_ID], [SCORE]) VALUES (11, 1, 72);
INSERT INTO THIEF_ABILITY_SCORES ([LEVEL], [THIEF_ABILITY_ID], [SCORE]) VALUES (11, 2, 70);
INSERT INTO THIEF_ABILITY_SCORES ([LEVEL], [THIEF_ABILITY_ID], [SCORE]) VALUES (11, 3, 86);
INSERT INTO THIEF_ABILITY_SCORES ([LEVEL], [THIEF_ABILITY_ID], [SCORE]) VALUES (11, 4, 70);
INSERT INTO THIEF_ABILITY_SCORES ([LEVEL], [THIEF_ABILITY_ID], [SCORE]) VALUES (11, 5, 35);
INSERT INTO THIEF_ABILITY_SCORES ([LEVEL], [THIEF_ABILITY_ID], [SCORE]) VALUES (11, 6, 95);
INSERT INTO THIEF_ABILITY_SCORES ([LEVEL], [THIEF_ABILITY_ID], [SCORE]) VALUES (11, 7, 55);

INSERT INTO THIEF_ABILITY_SCORES ([LEVEL], [THIEF_ABILITY_ID], [SCORE]) VALUES (12, 0, 95);
INSERT INTO THIEF_ABILITY_SCORES ([LEVEL], [THIEF_ABILITY_ID], [SCORE]) VALUES (12, 1, 77);
INSERT INTO THIEF_ABILITY_SCORES ([LEVEL], [THIEF_ABILITY_ID], [SCORE]) VALUES (12, 2, 75);
INSERT INTO THIEF_ABILITY_SCORES ([LEVEL], [THIEF_ABILITY_ID], [SCORE]) VALUES (12, 3, 94);
INSERT INTO THIEF_ABILITY_SCORES ([LEVEL], [THIEF_ABILITY_ID], [SCORE]) VALUES (12, 4, 77);
INSERT INTO THIEF_ABILITY_SCORES ([LEVEL], [THIEF_ABILITY_ID], [SCORE]) VALUES (12, 5, 35);
INSERT INTO THIEF_ABILITY_SCORES ([LEVEL], [THIEF_ABILITY_ID], [SCORE]) VALUES (12, 6, 95);
INSERT INTO THIEF_ABILITY_SCORES ([LEVEL], [THIEF_ABILITY_ID], [SCORE]) VALUES (12, 7, 60);

INSERT INTO THIEF_ABILITY_SCORES ([LEVEL], [THIEF_ABILITY_ID], [SCORE]) VALUES (13, 0, 95);
INSERT INTO THIEF_ABILITY_SCORES ([LEVEL], [THIEF_ABILITY_ID], [SCORE]) VALUES (13, 1, 82);
INSERT INTO THIEF_ABILITY_SCORES ([LEVEL], [THIEF_ABILITY_ID], [SCORE]) VALUES (13, 2, 80);
INSERT INTO THIEF_ABILITY_SCORES ([LEVEL], [THIEF_ABILITY_ID], [SCORE]) VALUES (13, 3, 95);
INSERT INTO THIEF_ABILITY_SCORES ([LEVEL], [THIEF_ABILITY_ID], [SCORE]) VALUES (13, 4, 85);
INSERT INTO THIEF_ABILITY_SCORES ([LEVEL], [THIEF_ABILITY_ID], [SCORE]) VALUES (13, 5, 40);
INSERT INTO THIEF_ABILITY_SCORES ([LEVEL], [THIEF_ABILITY_ID], [SCORE]) VALUES (13, 6, 95);
INSERT INTO THIEF_ABILITY_SCORES ([LEVEL], [THIEF_ABILITY_ID], [SCORE]) VALUES (13, 7, 65);

INSERT INTO THIEF_ABILITY_SCORES ([LEVEL], [THIEF_ABILITY_ID], [SCORE]) VALUES (14, 0, 95);
INSERT INTO THIEF_ABILITY_SCORES ([LEVEL], [THIEF_ABILITY_ID], [SCORE]) VALUES (14, 1, 87);
INSERT INTO THIEF_ABILITY_SCORES ([LEVEL], [THIEF_ABILITY_ID], [SCORE]) VALUES (14, 2, 85);
INSERT INTO THIEF_ABILITY_SCORES ([LEVEL], [THIEF_ABILITY_ID], [SCORE]) VALUES (14, 3, 95);
INSERT INTO THIEF_ABILITY_SCORES ([LEVEL], [THIEF_ABILITY_ID], [SCORE]) VALUES (14, 4, 93);
INSERT INTO THIEF_ABILITY_SCORES ([LEVEL], [THIEF_ABILITY_ID], [SCORE]) VALUES (14, 5, 40);
INSERT INTO THIEF_ABILITY_SCORES ([LEVEL], [THIEF_ABILITY_ID], [SCORE]) VALUES (14, 6, 95);
INSERT INTO THIEF_ABILITY_SCORES ([LEVEL], [THIEF_ABILITY_ID], [SCORE]) VALUES (14, 7, 70);

INSERT INTO THIEF_ABILITY_SCORES ([LEVEL], [THIEF_ABILITY_ID], [SCORE]) VALUES (15, 0, 95);
INSERT INTO THIEF_ABILITY_SCORES ([LEVEL], [THIEF_ABILITY_ID], [SCORE]) VALUES (15, 1, 92);
INSERT INTO THIEF_ABILITY_SCORES ([LEVEL], [THIEF_ABILITY_ID], [SCORE]) VALUES (15, 2, 90);
INSERT INTO THIEF_ABILITY_SCORES ([LEVEL], [THIEF_ABILITY_ID], [SCORE]) VALUES (15, 3, 95);
INSERT INTO THIEF_ABILITY_SCORES ([LEVEL], [THIEF_ABILITY_ID], [SCORE]) VALUES (15, 4, 95);
INSERT INTO THIEF_ABILITY_SCORES ([LEVEL], [THIEF_ABILITY_ID], [SCORE]) VALUES (15, 5, 50);
INSERT INTO THIEF_ABILITY_SCORES ([LEVEL], [THIEF_ABILITY_ID], [SCORE]) VALUES (15, 6, 95);
INSERT INTO THIEF_ABILITY_SCORES ([LEVEL], [THIEF_ABILITY_ID], [SCORE]) VALUES (15, 7, 75);

INSERT INTO THIEF_ABILITY_SCORES ([LEVEL], [THIEF_ABILITY_ID], [SCORE]) VALUES (16, 0, 95);
INSERT INTO THIEF_ABILITY_SCORES ([LEVEL], [THIEF_ABILITY_ID], [SCORE]) VALUES (16, 1, 95);
INSERT INTO THIEF_ABILITY_SCORES ([LEVEL], [THIEF_ABILITY_ID], [SCORE]) VALUES (16, 2, 95);
INSERT INTO THIEF_ABILITY_SCORES ([LEVEL], [THIEF_ABILITY_ID], [SCORE]) VALUES (16, 3, 95);
INSERT INTO THIEF_ABILITY_SCORES ([LEVEL], [THIEF_ABILITY_ID], [SCORE]) VALUES (16, 4, 95);
INSERT INTO THIEF_ABILITY_SCORES ([LEVEL], [THIEF_ABILITY_ID], [SCORE]) VALUES (16, 5, 50);
INSERT INTO THIEF_ABILITY_SCORES ([LEVEL], [THIEF_ABILITY_ID], [SCORE]) VALUES (16, 6, 95);
INSERT INTO THIEF_ABILITY_SCORES ([LEVEL], [THIEF_ABILITY_ID], [SCORE]) VALUES (16, 7, 80);

INSERT INTO THIEF_ABILITY_SCORES ([LEVEL], [THIEF_ABILITY_ID], [SCORE]) VALUES (17, 0, 95);
INSERT INTO THIEF_ABILITY_SCORES ([LEVEL], [THIEF_ABILITY_ID], [SCORE]) VALUES (17, 1, 95);
INSERT INTO THIEF_ABILITY_SCORES ([LEVEL], [THIEF_ABILITY_ID], [SCORE]) VALUES (17, 2, 95);
INSERT INTO THIEF_ABILITY_SCORES ([LEVEL], [THIEF_ABILITY_ID], [SCORE]) VALUES (17, 3, 95);
INSERT INTO THIEF_ABILITY_SCORES ([LEVEL], [THIEF_ABILITY_ID], [SCORE]) VALUES (17, 4, 95);
INSERT INTO THIEF_ABILITY_SCORES ([LEVEL], [THIEF_ABILITY_ID], [SCORE]) VALUES (17, 5, 55);
INSERT INTO THIEF_ABILITY_SCORES ([LEVEL], [THIEF_ABILITY_ID], [SCORE]) VALUES (17, 6, 95);
INSERT INTO THIEF_ABILITY_SCORES ([LEVEL], [THIEF_ABILITY_ID], [SCORE]) VALUES (17, 7, 80);

COMMIT TRANSACTION;

-------------------------------------------------------------------------------------------------------------

BEGIN TRANSACTION;

INSERT INTO THACO ([CLASS_TYPE_ID], [SCORE], [FACTOR]) VALUES (1, 1, 1);
INSERT INTO THACO ([CLASS_TYPE_ID], [SCORE], [FACTOR]) VALUES (2, 3, 1);
INSERT INTO THACO ([CLASS_TYPE_ID], [SCORE], [FACTOR]) VALUES (4, 3, 2);
INSERT INTO THACO ([CLASS_TYPE_ID], [SCORE], [FACTOR]) VALUES (8, 2, 1);

COMMIT TRANSACTION;

-------------------------------------------------------------------------------------------------------------

BEGIN TRANSACTION;

INSERT INTO LEVEL_ADVANCEMENT_FACTOR ([CLASS_ID], [SCORE]) VALUES (1,     250000);
INSERT INTO LEVEL_ADVANCEMENT_FACTOR ([CLASS_ID], [SCORE]) VALUES (2,     300000);
INSERT INTO LEVEL_ADVANCEMENT_FACTOR ([CLASS_ID], [SCORE]) VALUES (4,     300000);
INSERT INTO LEVEL_ADVANCEMENT_FACTOR ([CLASS_ID], [SCORE]) VALUES (8,     375000);
INSERT INTO LEVEL_ADVANCEMENT_FACTOR ([CLASS_ID], [SCORE]) VALUES (16,    375000);
INSERT INTO LEVEL_ADVANCEMENT_FACTOR ([CLASS_ID], [SCORE]) VALUES (32,    375000);
INSERT INTO LEVEL_ADVANCEMENT_FACTOR ([CLASS_ID], [SCORE]) VALUES (64,    375000);
INSERT INTO LEVEL_ADVANCEMENT_FACTOR ([CLASS_ID], [SCORE]) VALUES (128,   375000);
INSERT INTO LEVEL_ADVANCEMENT_FACTOR ([CLASS_ID], [SCORE]) VALUES (256,   375000);
INSERT INTO LEVEL_ADVANCEMENT_FACTOR ([CLASS_ID], [SCORE]) VALUES (512,   375000);
INSERT INTO LEVEL_ADVANCEMENT_FACTOR ([CLASS_ID], [SCORE]) VALUES (1024,  375000);
INSERT INTO LEVEL_ADVANCEMENT_FACTOR ([CLASS_ID], [SCORE]) VALUES (2048,  375000);
INSERT INTO LEVEL_ADVANCEMENT_FACTOR ([CLASS_ID], [SCORE]) VALUES (4096,  225000);
INSERT INTO LEVEL_ADVANCEMENT_FACTOR ([CLASS_ID], [SCORE]) VALUES (8192,  500000);
INSERT INTO LEVEL_ADVANCEMENT_FACTOR ([CLASS_ID], [SCORE]) VALUES (16384, 225000);
INSERT INTO LEVEL_ADVANCEMENT_FACTOR ([CLASS_ID], [SCORE]) VALUES (32768, 220000);
INSERT INTO LEVEL_ADVANCEMENT_FACTOR ([CLASS_ID], [SCORE]) VALUES (65536, 220000);

COMMIT TRANSACTION;

-------------------------------------------------------------------------------------------------------------

BEGIN TRANSACTION;

-- FIGHTER
INSERT INTO LEVEL_ADVANCEMENT ([CLASS_ID], [LEVEL], [SCORE]) VALUES (1, 2, 2000);
INSERT INTO LEVEL_ADVANCEMENT ([CLASS_ID], [LEVEL], [SCORE]) VALUES (1, 3, 4000);
INSERT INTO LEVEL_ADVANCEMENT ([CLASS_ID], [LEVEL], [SCORE]) VALUES (1, 4, 8000);
INSERT INTO LEVEL_ADVANCEMENT ([CLASS_ID], [LEVEL], [SCORE]) VALUES (1, 5, 16000);
INSERT INTO LEVEL_ADVANCEMENT ([CLASS_ID], [LEVEL], [SCORE]) VALUES (1, 6, 32000);
INSERT INTO LEVEL_ADVANCEMENT ([CLASS_ID], [LEVEL], [SCORE]) VALUES (1, 7, 64000);
INSERT INTO LEVEL_ADVANCEMENT ([CLASS_ID], [LEVEL], [SCORE]) VALUES (1, 8, 125000);
INSERT INTO LEVEL_ADVANCEMENT ([CLASS_ID], [LEVEL], [SCORE]) VALUES (1, 9, 250000);
-- PALADIN
INSERT INTO LEVEL_ADVANCEMENT ([CLASS_ID], [LEVEL], [SCORE]) VALUES (2, 2, 2250);
INSERT INTO LEVEL_ADVANCEMENT ([CLASS_ID], [LEVEL], [SCORE]) VALUES (2, 3, 4500);
INSERT INTO LEVEL_ADVANCEMENT ([CLASS_ID], [LEVEL], [SCORE]) VALUES (2, 4, 9000);
INSERT INTO LEVEL_ADVANCEMENT ([CLASS_ID], [LEVEL], [SCORE]) VALUES (2, 5, 18000);
INSERT INTO LEVEL_ADVANCEMENT ([CLASS_ID], [LEVEL], [SCORE]) VALUES (2, 6, 36000);
INSERT INTO LEVEL_ADVANCEMENT ([CLASS_ID], [LEVEL], [SCORE]) VALUES (2, 7, 75000);
INSERT INTO LEVEL_ADVANCEMENT ([CLASS_ID], [LEVEL], [SCORE]) VALUES (2, 8, 150000);
INSERT INTO LEVEL_ADVANCEMENT ([CLASS_ID], [LEVEL], [SCORE]) VALUES (2, 9, 300000);
-- RANGER
INSERT INTO LEVEL_ADVANCEMENT ([CLASS_ID], [LEVEL], [SCORE]) VALUES (4, 2, 2250);
INSERT INTO LEVEL_ADVANCEMENT ([CLASS_ID], [LEVEL], [SCORE]) VALUES (4, 3, 4500);
INSERT INTO LEVEL_ADVANCEMENT ([CLASS_ID], [LEVEL], [SCORE]) VALUES (4, 4, 9000);
INSERT INTO LEVEL_ADVANCEMENT ([CLASS_ID], [LEVEL], [SCORE]) VALUES (4, 5, 18000);
INSERT INTO LEVEL_ADVANCEMENT ([CLASS_ID], [LEVEL], [SCORE]) VALUES (4, 6, 36000);
INSERT INTO LEVEL_ADVANCEMENT ([CLASS_ID], [LEVEL], [SCORE]) VALUES (4, 7, 75000);
INSERT INTO LEVEL_ADVANCEMENT ([CLASS_ID], [LEVEL], [SCORE]) VALUES (4, 8, 150000);
INSERT INTO LEVEL_ADVANCEMENT ([CLASS_ID], [LEVEL], [SCORE]) VALUES (4, 9, 300000);

-- MAGE
INSERT INTO LEVEL_ADVANCEMENT ([CLASS_ID], [LEVEL], [SCORE]) VALUES (8, 2, 2500);
INSERT INTO LEVEL_ADVANCEMENT ([CLASS_ID], [LEVEL], [SCORE]) VALUES (8, 3, 5000);
INSERT INTO LEVEL_ADVANCEMENT ([CLASS_ID], [LEVEL], [SCORE]) VALUES (8, 4, 10000);
INSERT INTO LEVEL_ADVANCEMENT ([CLASS_ID], [LEVEL], [SCORE]) VALUES (8, 5, 20000);
INSERT INTO LEVEL_ADVANCEMENT ([CLASS_ID], [LEVEL], [SCORE]) VALUES (8, 6, 40000);
INSERT INTO LEVEL_ADVANCEMENT ([CLASS_ID], [LEVEL], [SCORE]) VALUES (8, 7, 60000);
INSERT INTO LEVEL_ADVANCEMENT ([CLASS_ID], [LEVEL], [SCORE]) VALUES (8, 8, 90000);
INSERT INTO LEVEL_ADVANCEMENT ([CLASS_ID], [LEVEL], [SCORE]) VALUES (8, 9, 135000);
INSERT INTO LEVEL_ADVANCEMENT ([CLASS_ID], [LEVEL], [SCORE]) VALUES (8, 10, 250000);
INSERT INTO LEVEL_ADVANCEMENT ([CLASS_ID], [LEVEL], [SCORE]) VALUES (8, 11, 375000);

-- SPECIALIST WIZARD
INSERT INTO LEVEL_ADVANCEMENT ([CLASS_ID], [LEVEL], [SCORE]) VALUES (16, 2, 2500);
INSERT INTO LEVEL_ADVANCEMENT ([CLASS_ID], [LEVEL], [SCORE]) VALUES (16, 3, 5000);
INSERT INTO LEVEL_ADVANCEMENT ([CLASS_ID], [LEVEL], [SCORE]) VALUES (16, 4, 10000);
INSERT INTO LEVEL_ADVANCEMENT ([CLASS_ID], [LEVEL], [SCORE]) VALUES (16, 5, 20000);
INSERT INTO LEVEL_ADVANCEMENT ([CLASS_ID], [LEVEL], [SCORE]) VALUES (16, 6, 40000);
INSERT INTO LEVEL_ADVANCEMENT ([CLASS_ID], [LEVEL], [SCORE]) VALUES (16, 7, 60000);
INSERT INTO LEVEL_ADVANCEMENT ([CLASS_ID], [LEVEL], [SCORE]) VALUES (16, 8, 90000);
INSERT INTO LEVEL_ADVANCEMENT ([CLASS_ID], [LEVEL], [SCORE]) VALUES (16, 9, 135000);
INSERT INTO LEVEL_ADVANCEMENT ([CLASS_ID], [LEVEL], [SCORE]) VALUES (16, 10, 250000);
INSERT INTO LEVEL_ADVANCEMENT ([CLASS_ID], [LEVEL], [SCORE]) VALUES (16, 11, 375000);
INSERT INTO LEVEL_ADVANCEMENT ([CLASS_ID], [LEVEL], [SCORE]) VALUES (32, 2, 2500);
INSERT INTO LEVEL_ADVANCEMENT ([CLASS_ID], [LEVEL], [SCORE]) VALUES (32, 3, 5000);
INSERT INTO LEVEL_ADVANCEMENT ([CLASS_ID], [LEVEL], [SCORE]) VALUES (32, 4, 10000);
INSERT INTO LEVEL_ADVANCEMENT ([CLASS_ID], [LEVEL], [SCORE]) VALUES (32, 5, 20000);
INSERT INTO LEVEL_ADVANCEMENT ([CLASS_ID], [LEVEL], [SCORE]) VALUES (32, 6, 40000);
INSERT INTO LEVEL_ADVANCEMENT ([CLASS_ID], [LEVEL], [SCORE]) VALUES (32, 7, 60000);
INSERT INTO LEVEL_ADVANCEMENT ([CLASS_ID], [LEVEL], [SCORE]) VALUES (32, 8, 90000);
INSERT INTO LEVEL_ADVANCEMENT ([CLASS_ID], [LEVEL], [SCORE]) VALUES (32, 9, 135000);
INSERT INTO LEVEL_ADVANCEMENT ([CLASS_ID], [LEVEL], [SCORE]) VALUES (32, 10, 250000);
INSERT INTO LEVEL_ADVANCEMENT ([CLASS_ID], [LEVEL], [SCORE]) VALUES (32, 11, 375000);
INSERT INTO LEVEL_ADVANCEMENT ([CLASS_ID], [LEVEL], [SCORE]) VALUES (64, 2, 2500);
INSERT INTO LEVEL_ADVANCEMENT ([CLASS_ID], [LEVEL], [SCORE]) VALUES (64, 3, 5000);
INSERT INTO LEVEL_ADVANCEMENT ([CLASS_ID], [LEVEL], [SCORE]) VALUES (64, 4, 10000);
INSERT INTO LEVEL_ADVANCEMENT ([CLASS_ID], [LEVEL], [SCORE]) VALUES (64, 5, 20000);
INSERT INTO LEVEL_ADVANCEMENT ([CLASS_ID], [LEVEL], [SCORE]) VALUES (64, 6, 40000);
INSERT INTO LEVEL_ADVANCEMENT ([CLASS_ID], [LEVEL], [SCORE]) VALUES (64, 7, 60000);
INSERT INTO LEVEL_ADVANCEMENT ([CLASS_ID], [LEVEL], [SCORE]) VALUES (64, 8, 90000);
INSERT INTO LEVEL_ADVANCEMENT ([CLASS_ID], [LEVEL], [SCORE]) VALUES (64, 9, 135000);
INSERT INTO LEVEL_ADVANCEMENT ([CLASS_ID], [LEVEL], [SCORE]) VALUES (64, 10, 250000);
INSERT INTO LEVEL_ADVANCEMENT ([CLASS_ID], [LEVEL], [SCORE]) VALUES (64, 11, 375000);
INSERT INTO LEVEL_ADVANCEMENT ([CLASS_ID], [LEVEL], [SCORE]) VALUES (128, 2, 2500);
INSERT INTO LEVEL_ADVANCEMENT ([CLASS_ID], [LEVEL], [SCORE]) VALUES (128, 3, 5000);
INSERT INTO LEVEL_ADVANCEMENT ([CLASS_ID], [LEVEL], [SCORE]) VALUES (128, 4, 10000);
INSERT INTO LEVEL_ADVANCEMENT ([CLASS_ID], [LEVEL], [SCORE]) VALUES (128, 5, 20000);
INSERT INTO LEVEL_ADVANCEMENT ([CLASS_ID], [LEVEL], [SCORE]) VALUES (128, 6, 40000);
INSERT INTO LEVEL_ADVANCEMENT ([CLASS_ID], [LEVEL], [SCORE]) VALUES (128, 7, 60000);
INSERT INTO LEVEL_ADVANCEMENT ([CLASS_ID], [LEVEL], [SCORE]) VALUES (128, 8, 90000);
INSERT INTO LEVEL_ADVANCEMENT ([CLASS_ID], [LEVEL], [SCORE]) VALUES (128, 9, 135000);
INSERT INTO LEVEL_ADVANCEMENT ([CLASS_ID], [LEVEL], [SCORE]) VALUES (128, 10, 250000);
INSERT INTO LEVEL_ADVANCEMENT ([CLASS_ID], [LEVEL], [SCORE]) VALUES (128, 11, 375000);
INSERT INTO LEVEL_ADVANCEMENT ([CLASS_ID], [LEVEL], [SCORE]) VALUES (256, 2, 2500);
INSERT INTO LEVEL_ADVANCEMENT ([CLASS_ID], [LEVEL], [SCORE]) VALUES (256, 3, 5000);
INSERT INTO LEVEL_ADVANCEMENT ([CLASS_ID], [LEVEL], [SCORE]) VALUES (256, 4, 10000);
INSERT INTO LEVEL_ADVANCEMENT ([CLASS_ID], [LEVEL], [SCORE]) VALUES (256, 5, 20000);
INSERT INTO LEVEL_ADVANCEMENT ([CLASS_ID], [LEVEL], [SCORE]) VALUES (256, 6, 40000);
INSERT INTO LEVEL_ADVANCEMENT ([CLASS_ID], [LEVEL], [SCORE]) VALUES (256, 7, 60000);
INSERT INTO LEVEL_ADVANCEMENT ([CLASS_ID], [LEVEL], [SCORE]) VALUES (256, 8, 90000);
INSERT INTO LEVEL_ADVANCEMENT ([CLASS_ID], [LEVEL], [SCORE]) VALUES (256, 9, 135000);
INSERT INTO LEVEL_ADVANCEMENT ([CLASS_ID], [LEVEL], [SCORE]) VALUES (256, 10, 250000);
INSERT INTO LEVEL_ADVANCEMENT ([CLASS_ID], [LEVEL], [SCORE]) VALUES (256, 11, 375000);
INSERT INTO LEVEL_ADVANCEMENT ([CLASS_ID], [LEVEL], [SCORE]) VALUES (512, 2, 2500);
INSERT INTO LEVEL_ADVANCEMENT ([CLASS_ID], [LEVEL], [SCORE]) VALUES (512, 3, 5000);
INSERT INTO LEVEL_ADVANCEMENT ([CLASS_ID], [LEVEL], [SCORE]) VALUES (512, 4, 10000);
INSERT INTO LEVEL_ADVANCEMENT ([CLASS_ID], [LEVEL], [SCORE]) VALUES (512, 5, 20000);
INSERT INTO LEVEL_ADVANCEMENT ([CLASS_ID], [LEVEL], [SCORE]) VALUES (512, 6, 40000);
INSERT INTO LEVEL_ADVANCEMENT ([CLASS_ID], [LEVEL], [SCORE]) VALUES (512, 7, 60000);
INSERT INTO LEVEL_ADVANCEMENT ([CLASS_ID], [LEVEL], [SCORE]) VALUES (512, 8, 90000);
INSERT INTO LEVEL_ADVANCEMENT ([CLASS_ID], [LEVEL], [SCORE]) VALUES (512, 9, 135000);
INSERT INTO LEVEL_ADVANCEMENT ([CLASS_ID], [LEVEL], [SCORE]) VALUES (512, 10, 250000);
INSERT INTO LEVEL_ADVANCEMENT ([CLASS_ID], [LEVEL], [SCORE]) VALUES (512, 11, 375000);
INSERT INTO LEVEL_ADVANCEMENT ([CLASS_ID], [LEVEL], [SCORE]) VALUES (1024, 2, 2500);
INSERT INTO LEVEL_ADVANCEMENT ([CLASS_ID], [LEVEL], [SCORE]) VALUES (1024, 3, 5000);
INSERT INTO LEVEL_ADVANCEMENT ([CLASS_ID], [LEVEL], [SCORE]) VALUES (1024, 4, 10000);
INSERT INTO LEVEL_ADVANCEMENT ([CLASS_ID], [LEVEL], [SCORE]) VALUES (1024, 5, 20000);
INSERT INTO LEVEL_ADVANCEMENT ([CLASS_ID], [LEVEL], [SCORE]) VALUES (1024, 6, 40000);
INSERT INTO LEVEL_ADVANCEMENT ([CLASS_ID], [LEVEL], [SCORE]) VALUES (1024, 7, 60000);
INSERT INTO LEVEL_ADVANCEMENT ([CLASS_ID], [LEVEL], [SCORE]) VALUES (1024, 8, 90000);
INSERT INTO LEVEL_ADVANCEMENT ([CLASS_ID], [LEVEL], [SCORE]) VALUES (1024, 9, 135000);
INSERT INTO LEVEL_ADVANCEMENT ([CLASS_ID], [LEVEL], [SCORE]) VALUES (1024, 10, 250000);
INSERT INTO LEVEL_ADVANCEMENT ([CLASS_ID], [LEVEL], [SCORE]) VALUES (1024, 11, 375000);
INSERT INTO LEVEL_ADVANCEMENT ([CLASS_ID], [LEVEL], [SCORE]) VALUES (2048, 2, 2500);
INSERT INTO LEVEL_ADVANCEMENT ([CLASS_ID], [LEVEL], [SCORE]) VALUES (2048, 3, 5000);
INSERT INTO LEVEL_ADVANCEMENT ([CLASS_ID], [LEVEL], [SCORE]) VALUES (2048, 4, 10000);
INSERT INTO LEVEL_ADVANCEMENT ([CLASS_ID], [LEVEL], [SCORE]) VALUES (2048, 5, 20000);
INSERT INTO LEVEL_ADVANCEMENT ([CLASS_ID], [LEVEL], [SCORE]) VALUES (2048, 6, 40000);
INSERT INTO LEVEL_ADVANCEMENT ([CLASS_ID], [LEVEL], [SCORE]) VALUES (2048, 7, 60000);
INSERT INTO LEVEL_ADVANCEMENT ([CLASS_ID], [LEVEL], [SCORE]) VALUES (2048, 8, 90000);
INSERT INTO LEVEL_ADVANCEMENT ([CLASS_ID], [LEVEL], [SCORE]) VALUES (2048, 9, 135000);
INSERT INTO LEVEL_ADVANCEMENT ([CLASS_ID], [LEVEL], [SCORE]) VALUES (2048, 10, 250000);
INSERT INTO LEVEL_ADVANCEMENT ([CLASS_ID], [LEVEL], [SCORE]) VALUES (2048, 11, 375000);

-- CLERIC
INSERT INTO LEVEL_ADVANCEMENT ([CLASS_ID], [LEVEL], [SCORE]) VALUES (4096, 2, 1500);
INSERT INTO LEVEL_ADVANCEMENT ([CLASS_ID], [LEVEL], [SCORE]) VALUES (4096, 3, 3000);
INSERT INTO LEVEL_ADVANCEMENT ([CLASS_ID], [LEVEL], [SCORE]) VALUES (4096, 4, 6000);
INSERT INTO LEVEL_ADVANCEMENT ([CLASS_ID], [LEVEL], [SCORE]) VALUES (4096, 5, 13000);
INSERT INTO LEVEL_ADVANCEMENT ([CLASS_ID], [LEVEL], [SCORE]) VALUES (4096, 6, 27500);
INSERT INTO LEVEL_ADVANCEMENT ([CLASS_ID], [LEVEL], [SCORE]) VALUES (4096, 7, 55000);
INSERT INTO LEVEL_ADVANCEMENT ([CLASS_ID], [LEVEL], [SCORE]) VALUES (4096, 8, 110000);
INSERT INTO LEVEL_ADVANCEMENT ([CLASS_ID], [LEVEL], [SCORE]) VALUES (4096, 9, 225000);

--DRUID
INSERT INTO LEVEL_ADVANCEMENT ([CLASS_ID], [LEVEL], [SCORE]) VALUES (8192, 2, 2000);
INSERT INTO LEVEL_ADVANCEMENT ([CLASS_ID], [LEVEL], [SCORE]) VALUES (8192, 3, 4000);
INSERT INTO LEVEL_ADVANCEMENT ([CLASS_ID], [LEVEL], [SCORE]) VALUES (8192, 4, 7500);
INSERT INTO LEVEL_ADVANCEMENT ([CLASS_ID], [LEVEL], [SCORE]) VALUES (8192, 5, 12500);
INSERT INTO LEVEL_ADVANCEMENT ([CLASS_ID], [LEVEL], [SCORE]) VALUES (8192, 6, 20000);
INSERT INTO LEVEL_ADVANCEMENT ([CLASS_ID], [LEVEL], [SCORE]) VALUES (8192, 7, 35000);
INSERT INTO LEVEL_ADVANCEMENT ([CLASS_ID], [LEVEL], [SCORE]) VALUES (8192, 8, 60000);
INSERT INTO LEVEL_ADVANCEMENT ([CLASS_ID], [LEVEL], [SCORE]) VALUES (8192, 9, 90000);
INSERT INTO LEVEL_ADVANCEMENT ([CLASS_ID], [LEVEL], [SCORE]) VALUES (8192, 10, 125000);
INSERT INTO LEVEL_ADVANCEMENT ([CLASS_ID], [LEVEL], [SCORE]) VALUES (8192, 11, 200000);
INSERT INTO LEVEL_ADVANCEMENT ([CLASS_ID], [LEVEL], [SCORE]) VALUES (8192, 12, 300000);
INSERT INTO LEVEL_ADVANCEMENT ([CLASS_ID], [LEVEL], [SCORE]) VALUES (8192, 13, 750000);
INSERT INTO LEVEL_ADVANCEMENT ([CLASS_ID], [LEVEL], [SCORE]) VALUES (8192, 14, 1500000);
INSERT INTO LEVEL_ADVANCEMENT ([CLASS_ID], [LEVEL], [SCORE]) VALUES (8192, 15, 3000000);
INSERT INTO LEVEL_ADVANCEMENT ([CLASS_ID], [LEVEL], [SCORE]) VALUES (8192, 16, 3500000);
INSERT INTO LEVEL_ADVANCEMENT ([CLASS_ID], [LEVEL], [SCORE]) VALUES (8192, 17, 4000000);
INSERT INTO LEVEL_ADVANCEMENT ([CLASS_ID], [LEVEL], [SCORE]) VALUES (8192, 18, 4500000);
INSERT INTO LEVEL_ADVANCEMENT ([CLASS_ID], [LEVEL], [SCORE]) VALUES (8192, 19, 5000000);
INSERT INTO LEVEL_ADVANCEMENT ([CLASS_ID], [LEVEL], [SCORE]) VALUES (8192, 20, 5500000);

-- PREIST OF SPECIFIC MYTHOS
INSERT INTO LEVEL_ADVANCEMENT ([CLASS_ID], [LEVEL], [SCORE]) VALUES (16384, 2, 1500);
INSERT INTO LEVEL_ADVANCEMENT ([CLASS_ID], [LEVEL], [SCORE]) VALUES (16384, 3, 3000);
INSERT INTO LEVEL_ADVANCEMENT ([CLASS_ID], [LEVEL], [SCORE]) VALUES (16384, 4, 6000);
INSERT INTO LEVEL_ADVANCEMENT ([CLASS_ID], [LEVEL], [SCORE]) VALUES (16384, 5, 13000);
INSERT INTO LEVEL_ADVANCEMENT ([CLASS_ID], [LEVEL], [SCORE]) VALUES (16384, 6, 27500);
INSERT INTO LEVEL_ADVANCEMENT ([CLASS_ID], [LEVEL], [SCORE]) VALUES (16384, 7, 55000);
INSERT INTO LEVEL_ADVANCEMENT ([CLASS_ID], [LEVEL], [SCORE]) VALUES (16384, 8, 110000);
INSERT INTO LEVEL_ADVANCEMENT ([CLASS_ID], [LEVEL], [SCORE]) VALUES (16384, 9, 225000);

-- THIEF
INSERT INTO LEVEL_ADVANCEMENT ([CLASS_ID], [LEVEL], [SCORE]) VALUES (32768, 2, 1250);
INSERT INTO LEVEL_ADVANCEMENT ([CLASS_ID], [LEVEL], [SCORE]) VALUES (32768, 3, 2500);
INSERT INTO LEVEL_ADVANCEMENT ([CLASS_ID], [LEVEL], [SCORE]) VALUES (32768, 4, 5000);
INSERT INTO LEVEL_ADVANCEMENT ([CLASS_ID], [LEVEL], [SCORE]) VALUES (32768, 5, 10000);
INSERT INTO LEVEL_ADVANCEMENT ([CLASS_ID], [LEVEL], [SCORE]) VALUES (32768, 6, 20000);
INSERT INTO LEVEL_ADVANCEMENT ([CLASS_ID], [LEVEL], [SCORE]) VALUES (32768, 7, 40000);
INSERT INTO LEVEL_ADVANCEMENT ([CLASS_ID], [LEVEL], [SCORE]) VALUES (32768, 8, 70000);
INSERT INTO LEVEL_ADVANCEMENT ([CLASS_ID], [LEVEL], [SCORE]) VALUES (32768, 9, 110000);
INSERT INTO LEVEL_ADVANCEMENT ([CLASS_ID], [LEVEL], [SCORE]) VALUES (32768, 10, 160000);
INSERT INTO LEVEL_ADVANCEMENT ([CLASS_ID], [LEVEL], [SCORE]) VALUES (32768, 11, 220000);

-- BARD
INSERT INTO LEVEL_ADVANCEMENT ([CLASS_ID], [LEVEL], [SCORE]) VALUES (65536, 2, 1250);
INSERT INTO LEVEL_ADVANCEMENT ([CLASS_ID], [LEVEL], [SCORE]) VALUES (65536, 3, 2500);
INSERT INTO LEVEL_ADVANCEMENT ([CLASS_ID], [LEVEL], [SCORE]) VALUES (65536, 4, 5000);
INSERT INTO LEVEL_ADVANCEMENT ([CLASS_ID], [LEVEL], [SCORE]) VALUES (65536, 5, 10000);
INSERT INTO LEVEL_ADVANCEMENT ([CLASS_ID], [LEVEL], [SCORE]) VALUES (65536, 6, 20000);
INSERT INTO LEVEL_ADVANCEMENT ([CLASS_ID], [LEVEL], [SCORE]) VALUES (65536, 7, 40000);
INSERT INTO LEVEL_ADVANCEMENT ([CLASS_ID], [LEVEL], [SCORE]) VALUES (65536, 8, 70000);
INSERT INTO LEVEL_ADVANCEMENT ([CLASS_ID], [LEVEL], [SCORE]) VALUES (65536, 9, 110000);
INSERT INTO LEVEL_ADVANCEMENT ([CLASS_ID], [LEVEL], [SCORE]) VALUES (65536, 10, 160000);
INSERT INTO LEVEL_ADVANCEMENT ([CLASS_ID], [LEVEL], [SCORE]) VALUES (65536, 11, 220000);

COMMIT TRANSACTION;

-------------------------------------------------------------------------------------------------------------

BEGIN TRANSACTION;

--HUMAN
INSERT INTO [CLASS_AVAILABILITY] ([RACE_ID], [CLASS_ID], [LEVEL_LIMIT]) VALUES (0, 1, NULL);
INSERT INTO [CLASS_AVAILABILITY] ([RACE_ID], [CLASS_ID], [LEVEL_LIMIT]) VALUES (0, 2, NULL);
INSERT INTO [CLASS_AVAILABILITY] ([RACE_ID], [CLASS_ID], [LEVEL_LIMIT]) VALUES (0, 4, NULL);
INSERT INTO [CLASS_AVAILABILITY] ([RACE_ID], [CLASS_ID], [LEVEL_LIMIT]) VALUES (0, 8, NULL);
INSERT INTO [CLASS_AVAILABILITY] ([RACE_ID], [CLASS_ID], [LEVEL_LIMIT]) VALUES (0, 16, NULL);
INSERT INTO [CLASS_AVAILABILITY] ([RACE_ID], [CLASS_ID], [LEVEL_LIMIT]) VALUES (0, 32, NULL);
INSERT INTO [CLASS_AVAILABILITY] ([RACE_ID], [CLASS_ID], [LEVEL_LIMIT]) VALUES (0, 64, NULL);
INSERT INTO [CLASS_AVAILABILITY] ([RACE_ID], [CLASS_ID], [LEVEL_LIMIT]) VALUES (0, 128, NULL);
INSERT INTO [CLASS_AVAILABILITY] ([RACE_ID], [CLASS_ID], [LEVEL_LIMIT]) VALUES (0, 256, NULL);
INSERT INTO [CLASS_AVAILABILITY] ([RACE_ID], [CLASS_ID], [LEVEL_LIMIT]) VALUES (0, 512, NULL);
INSERT INTO [CLASS_AVAILABILITY] ([RACE_ID], [CLASS_ID], [LEVEL_LIMIT]) VALUES (0, 1024, NULL);
INSERT INTO [CLASS_AVAILABILITY] ([RACE_ID], [CLASS_ID], [LEVEL_LIMIT]) VALUES (0, 2048, NULL);
INSERT INTO [CLASS_AVAILABILITY] ([RACE_ID], [CLASS_ID], [LEVEL_LIMIT]) VALUES (0, 4096, NULL);
INSERT INTO [CLASS_AVAILABILITY] ([RACE_ID], [CLASS_ID], [LEVEL_LIMIT]) VALUES (0, 8192, NULL);
INSERT INTO [CLASS_AVAILABILITY] ([RACE_ID], [CLASS_ID], [LEVEL_LIMIT]) VALUES (0, 16384, NULL);
INSERT INTO [CLASS_AVAILABILITY] ([RACE_ID], [CLASS_ID], [LEVEL_LIMIT]) VALUES (0, 32768, NULL);
INSERT INTO [CLASS_AVAILABILITY] ([RACE_ID], [CLASS_ID], [LEVEL_LIMIT]) VALUES (0, 65536, NULL);

--ELF
INSERT INTO [CLASS_AVAILABILITY] ([RACE_ID], [CLASS_ID], [LEVEL_LIMIT]) VALUES (1, 1, 12);
INSERT INTO [CLASS_AVAILABILITY] ([RACE_ID], [CLASS_ID], [LEVEL_LIMIT]) VALUES (1, 4, 15);
INSERT INTO [CLASS_AVAILABILITY] ([RACE_ID], [CLASS_ID], [LEVEL_LIMIT]) VALUES (1, 8, 15);
INSERT INTO [CLASS_AVAILABILITY] ([RACE_ID], [CLASS_ID], [LEVEL_LIMIT]) VALUES (1, 64, 15);
INSERT INTO [CLASS_AVAILABILITY] ([RACE_ID], [CLASS_ID], [LEVEL_LIMIT]) VALUES (1, 128, 15);
INSERT INTO [CLASS_AVAILABILITY] ([RACE_ID], [CLASS_ID], [LEVEL_LIMIT]) VALUES (1, 4096, 12);
INSERT INTO [CLASS_AVAILABILITY] ([RACE_ID], [CLASS_ID], [LEVEL_LIMIT]) VALUES (1, 16384, 12);
INSERT INTO [CLASS_AVAILABILITY] ([RACE_ID], [CLASS_ID], [LEVEL_LIMIT]) VALUES (1, 32768, 12);
INSERT INTO [CLASS_AVAILABILITY] ([RACE_ID], [CLASS_ID], [LEVEL_LIMIT]) VALUES (1, 9, NULL);
INSERT INTO [CLASS_AVAILABILITY] ([RACE_ID], [CLASS_ID], [LEVEL_LIMIT]) VALUES (1, 32769, NULL);
INSERT INTO [CLASS_AVAILABILITY] ([RACE_ID], [CLASS_ID], [LEVEL_LIMIT]) VALUES (1, 32776, NULL);

--HALF-ELF
INSERT INTO [CLASS_AVAILABILITY] ([RACE_ID], [CLASS_ID], [LEVEL_LIMIT]) VALUES (4, 1, 14);
INSERT INTO [CLASS_AVAILABILITY] ([RACE_ID], [CLASS_ID], [LEVEL_LIMIT]) VALUES (4, 4, 16);
INSERT INTO [CLASS_AVAILABILITY] ([RACE_ID], [CLASS_ID], [LEVEL_LIMIT]) VALUES (4, 8, 12);
INSERT INTO [CLASS_AVAILABILITY] ([RACE_ID], [CLASS_ID], [LEVEL_LIMIT]) VALUES (4, 32, 12);
INSERT INTO [CLASS_AVAILABILITY] ([RACE_ID], [CLASS_ID], [LEVEL_LIMIT]) VALUES (4, 64, 12);
INSERT INTO [CLASS_AVAILABILITY] ([RACE_ID], [CLASS_ID], [LEVEL_LIMIT]) VALUES (4, 128, 12);
INSERT INTO [CLASS_AVAILABILITY] ([RACE_ID], [CLASS_ID], [LEVEL_LIMIT]) VALUES (4, 2048, 12);
INSERT INTO [CLASS_AVAILABILITY] ([RACE_ID], [CLASS_ID], [LEVEL_LIMIT]) VALUES (4, 4096, 14);
INSERT INTO [CLASS_AVAILABILITY] ([RACE_ID], [CLASS_ID], [LEVEL_LIMIT]) VALUES (4, 16384, 14);
INSERT INTO [CLASS_AVAILABILITY] ([RACE_ID], [CLASS_ID], [LEVEL_LIMIT]) VALUES (4, 8192, 9);
INSERT INTO [CLASS_AVAILABILITY] ([RACE_ID], [CLASS_ID], [LEVEL_LIMIT]) VALUES (4, 32768, 12);
INSERT INTO [CLASS_AVAILABILITY] ([RACE_ID], [CLASS_ID], [LEVEL_LIMIT]) VALUES (4, 65536, NULL);
INSERT INTO [CLASS_AVAILABILITY] ([RACE_ID], [CLASS_ID], [LEVEL_LIMIT]) VALUES (4, 9, NULL);
INSERT INTO [CLASS_AVAILABILITY] ([RACE_ID], [CLASS_ID], [LEVEL_LIMIT]) VALUES (4, 4097, NULL);
INSERT INTO [CLASS_AVAILABILITY] ([RACE_ID], [CLASS_ID], [LEVEL_LIMIT]) VALUES (4, 32769, NULL);
INSERT INTO [CLASS_AVAILABILITY] ([RACE_ID], [CLASS_ID], [LEVEL_LIMIT]) VALUES (4, 32776, NULL);
INSERT INTO [CLASS_AVAILABILITY] ([RACE_ID], [CLASS_ID], [LEVEL_LIMIT]) VALUES (4, 4104, NULL);
INSERT INTO [CLASS_AVAILABILITY] ([RACE_ID], [CLASS_ID], [LEVEL_LIMIT]) VALUES (4, 4105, NULL);
INSERT INTO [CLASS_AVAILABILITY] ([RACE_ID], [CLASS_ID], [LEVEL_LIMIT]) VALUES (4, 32777, NULL);
INSERT INTO [CLASS_AVAILABILITY] ([RACE_ID], [CLASS_ID], [LEVEL_LIMIT]) VALUES (4, 8193, NULL);
INSERT INTO [CLASS_AVAILABILITY] ([RACE_ID], [CLASS_ID], [LEVEL_LIMIT]) VALUES (4, 4100, NULL);
INSERT INTO [CLASS_AVAILABILITY] ([RACE_ID], [CLASS_ID], [LEVEL_LIMIT]) VALUES (4, 8200, NULL);
INSERT INTO [CLASS_AVAILABILITY] ([RACE_ID], [CLASS_ID], [LEVEL_LIMIT]) VALUES (4, 8201, NULL);

--DWARF
INSERT INTO [CLASS_AVAILABILITY] ([RACE_ID], [CLASS_ID], [LEVEL_LIMIT]) VALUES (2, 1, 15);
INSERT INTO [CLASS_AVAILABILITY] ([RACE_ID], [CLASS_ID], [LEVEL_LIMIT]) VALUES (2, 4096, 10);
INSERT INTO [CLASS_AVAILABILITY] ([RACE_ID], [CLASS_ID], [LEVEL_LIMIT]) VALUES (2, 16384, 10);
INSERT INTO [CLASS_AVAILABILITY] ([RACE_ID], [CLASS_ID], [LEVEL_LIMIT]) VALUES (2, 32768, 12);
INSERT INTO [CLASS_AVAILABILITY] ([RACE_ID], [CLASS_ID], [LEVEL_LIMIT]) VALUES (2, 4097, NULL);
INSERT INTO [CLASS_AVAILABILITY] ([RACE_ID], [CLASS_ID], [LEVEL_LIMIT]) VALUES (2, 32769, NULL);

--HALFLING
INSERT INTO [CLASS_AVAILABILITY] ([RACE_ID], [CLASS_ID], [LEVEL_LIMIT]) VALUES (5, 1, 9);
INSERT INTO [CLASS_AVAILABILITY] ([RACE_ID], [CLASS_ID], [LEVEL_LIMIT]) VALUES (5, 4096, 8);
INSERT INTO [CLASS_AVAILABILITY] ([RACE_ID], [CLASS_ID], [LEVEL_LIMIT]) VALUES (5, 16384, 8);
INSERT INTO [CLASS_AVAILABILITY] ([RACE_ID], [CLASS_ID], [LEVEL_LIMIT]) VALUES (5, 32768, 15);
INSERT INTO [CLASS_AVAILABILITY] ([RACE_ID], [CLASS_ID], [LEVEL_LIMIT]) VALUES (5, 32769, NULL);

--GNOME
INSERT INTO [CLASS_AVAILABILITY] ([RACE_ID], [CLASS_ID], [LEVEL_LIMIT]) VALUES (3, 1, 11);
INSERT INTO [CLASS_AVAILABILITY] ([RACE_ID], [CLASS_ID], [LEVEL_LIMIT]) VALUES (3, 256, 15);
INSERT INTO [CLASS_AVAILABILITY] ([RACE_ID], [CLASS_ID], [LEVEL_LIMIT]) VALUES (3, 4096, 9);
INSERT INTO [CLASS_AVAILABILITY] ([RACE_ID], [CLASS_ID], [LEVEL_LIMIT]) VALUES (3, 16384, 9);
INSERT INTO [CLASS_AVAILABILITY] ([RACE_ID], [CLASS_ID], [LEVEL_LIMIT]) VALUES (3, 32768, 13);
INSERT INTO [CLASS_AVAILABILITY] ([RACE_ID], [CLASS_ID], [LEVEL_LIMIT]) VALUES (3, 4097, NULL);
INSERT INTO [CLASS_AVAILABILITY] ([RACE_ID], [CLASS_ID], [LEVEL_LIMIT]) VALUES (3, 32769, NULL);
INSERT INTO [CLASS_AVAILABILITY] ([RACE_ID], [CLASS_ID], [LEVEL_LIMIT]) VALUES (3, 36864, NULL);
INSERT INTO [CLASS_AVAILABILITY] ([RACE_ID], [CLASS_ID], [LEVEL_LIMIT]) VALUES (3, 257, NULL);
INSERT INTO [CLASS_AVAILABILITY] ([RACE_ID], [CLASS_ID], [LEVEL_LIMIT]) VALUES (3, 4352, NULL);
INSERT INTO [CLASS_AVAILABILITY] ([RACE_ID], [CLASS_ID], [LEVEL_LIMIT]) VALUES (3, 33024, NULL);

COMMIT TRANSACTION;

-------------------------------------------------------------------------------------------------------------

BEGIN TRANSACTION;

INSERT INTO WARRIOR_MELEE_ATTACKS ([LEVEL_FROM], [LEVEL_TO], [ATTACKS], [ROUNDS]) VALUES (1, 6, 1, 1);
INSERT INTO WARRIOR_MELEE_ATTACKS ([LEVEL_FROM], [LEVEL_TO], [ATTACKS], [ROUNDS]) VALUES (7, 12, 3, 2);
INSERT INTO WARRIOR_MELEE_ATTACKS ([LEVEL_FROM], [LEVEL_TO], [ATTACKS], [ROUNDS]) VALUES (13, NULL, 2, 1);

COMMIT TRANSACTION;

-------------------------------------------------------------------------------------------------------------

BEGIN TRANSACTION;

INSERT INTO PALADIN_SPELL_PROGRESSION ([LEVEL], [CASTING_LEVEL], [SPELL_LEVEL_1], [SPELL_LEVEL_2], [SPELL_LEVEL_3], [SPELL_LEVEL_4]) VALUES (1,  NULL, NULL, NULL, NULL, NULL);
INSERT INTO PALADIN_SPELL_PROGRESSION ([LEVEL], [CASTING_LEVEL], [SPELL_LEVEL_1], [SPELL_LEVEL_2], [SPELL_LEVEL_3], [SPELL_LEVEL_4]) VALUES (2,  NULL, NULL, NULL, NULL, NULL);
INSERT INTO PALADIN_SPELL_PROGRESSION ([LEVEL], [CASTING_LEVEL], [SPELL_LEVEL_1], [SPELL_LEVEL_2], [SPELL_LEVEL_3], [SPELL_LEVEL_4]) VALUES (3,  NULL, NULL, NULL, NULL, NULL);
INSERT INTO PALADIN_SPELL_PROGRESSION ([LEVEL], [CASTING_LEVEL], [SPELL_LEVEL_1], [SPELL_LEVEL_2], [SPELL_LEVEL_3], [SPELL_LEVEL_4]) VALUES (4,  NULL, NULL, NULL, NULL, NULL);
INSERT INTO PALADIN_SPELL_PROGRESSION ([LEVEL], [CASTING_LEVEL], [SPELL_LEVEL_1], [SPELL_LEVEL_2], [SPELL_LEVEL_3], [SPELL_LEVEL_4]) VALUES (5,  NULL, NULL, NULL, NULL, NULL);
INSERT INTO PALADIN_SPELL_PROGRESSION ([LEVEL], [CASTING_LEVEL], [SPELL_LEVEL_1], [SPELL_LEVEL_2], [SPELL_LEVEL_3], [SPELL_LEVEL_4]) VALUES (6,  NULL, NULL, NULL, NULL, NULL);
INSERT INTO PALADIN_SPELL_PROGRESSION ([LEVEL], [CASTING_LEVEL], [SPELL_LEVEL_1], [SPELL_LEVEL_2], [SPELL_LEVEL_3], [SPELL_LEVEL_4]) VALUES (7,  NULL, NULL, NULL, NULL, NULL);
INSERT INTO PALADIN_SPELL_PROGRESSION ([LEVEL], [CASTING_LEVEL], [SPELL_LEVEL_1], [SPELL_LEVEL_2], [SPELL_LEVEL_3], [SPELL_LEVEL_4]) VALUES (8,  NULL, NULL, NULL, NULL, NULL);
INSERT INTO PALADIN_SPELL_PROGRESSION ([LEVEL], [CASTING_LEVEL], [SPELL_LEVEL_1], [SPELL_LEVEL_2], [SPELL_LEVEL_3], [SPELL_LEVEL_4]) VALUES (9,     1,    1, NULL, NULL, NULL);
INSERT INTO PALADIN_SPELL_PROGRESSION ([LEVEL], [CASTING_LEVEL], [SPELL_LEVEL_1], [SPELL_LEVEL_2], [SPELL_LEVEL_3], [SPELL_LEVEL_4]) VALUES (10,    2,    2, NULL, NULL, NULL);
INSERT INTO PALADIN_SPELL_PROGRESSION ([LEVEL], [CASTING_LEVEL], [SPELL_LEVEL_1], [SPELL_LEVEL_2], [SPELL_LEVEL_3], [SPELL_LEVEL_4]) VALUES (11,    3,    2,    1, NULL, NULL);
INSERT INTO PALADIN_SPELL_PROGRESSION ([LEVEL], [CASTING_LEVEL], [SPELL_LEVEL_1], [SPELL_LEVEL_2], [SPELL_LEVEL_3], [SPELL_LEVEL_4]) VALUES (12,    4,    2,    2, NULL, NULL);
INSERT INTO PALADIN_SPELL_PROGRESSION ([LEVEL], [CASTING_LEVEL], [SPELL_LEVEL_1], [SPELL_LEVEL_2], [SPELL_LEVEL_3], [SPELL_LEVEL_4]) VALUES (13,    5,    2,    2,    1, NULL);
INSERT INTO PALADIN_SPELL_PROGRESSION ([LEVEL], [CASTING_LEVEL], [SPELL_LEVEL_1], [SPELL_LEVEL_2], [SPELL_LEVEL_3], [SPELL_LEVEL_4]) VALUES (14,    6,    3,    2,    1, NULL);
INSERT INTO PALADIN_SPELL_PROGRESSION ([LEVEL], [CASTING_LEVEL], [SPELL_LEVEL_1], [SPELL_LEVEL_2], [SPELL_LEVEL_3], [SPELL_LEVEL_4]) VALUES (15,    7,    3,    2,    1,    1);
INSERT INTO PALADIN_SPELL_PROGRESSION ([LEVEL], [CASTING_LEVEL], [SPELL_LEVEL_1], [SPELL_LEVEL_2], [SPELL_LEVEL_3], [SPELL_LEVEL_4]) VALUES (16,    8,    3,    3,    2,    1);
INSERT INTO PALADIN_SPELL_PROGRESSION ([LEVEL], [CASTING_LEVEL], [SPELL_LEVEL_1], [SPELL_LEVEL_2], [SPELL_LEVEL_3], [SPELL_LEVEL_4]) VALUES (17,    9,    3,    3,    3,    1);
INSERT INTO PALADIN_SPELL_PROGRESSION ([LEVEL], [CASTING_LEVEL], [SPELL_LEVEL_1], [SPELL_LEVEL_2], [SPELL_LEVEL_3], [SPELL_LEVEL_4]) VALUES (18,    9,    3,    3,    3,    1);
INSERT INTO PALADIN_SPELL_PROGRESSION ([LEVEL], [CASTING_LEVEL], [SPELL_LEVEL_1], [SPELL_LEVEL_2], [SPELL_LEVEL_3], [SPELL_LEVEL_4]) VALUES (19,    9,    3,    3,    3,    2);
INSERT INTO PALADIN_SPELL_PROGRESSION ([LEVEL], [CASTING_LEVEL], [SPELL_LEVEL_1], [SPELL_LEVEL_2], [SPELL_LEVEL_3], [SPELL_LEVEL_4]) VALUES (20,    9,    3,    3,    3,    3);
	
COMMIT TRANSACTION;

-------------------------------------------------------------------------------------------------------------

BEGIN TRANSACTION;

INSERT INTO RANGER_ABILITIES ([LEVEL], [HIDE_IN_SHADOWS], [MOVE_SILENTLY], [CASTING_LEVEL], [SPELL_LEVEL_1], [SPELL_LEVEL_2], [SPELL_LEVEL_3]) VALUES (1,  10, 15, NULL, NULL, NULL, NULL);
INSERT INTO RANGER_ABILITIES ([LEVEL], [HIDE_IN_SHADOWS], [MOVE_SILENTLY], [CASTING_LEVEL], [SPELL_LEVEL_1], [SPELL_LEVEL_2], [SPELL_LEVEL_3]) VALUES (2,  15, 21, NULL, NULL, NULL, NULL);
INSERT INTO RANGER_ABILITIES ([LEVEL], [HIDE_IN_SHADOWS], [MOVE_SILENTLY], [CASTING_LEVEL], [SPELL_LEVEL_1], [SPELL_LEVEL_2], [SPELL_LEVEL_3]) VALUES (3,  20, 27, NULL, NULL, NULL, NULL);
INSERT INTO RANGER_ABILITIES ([LEVEL], [HIDE_IN_SHADOWS], [MOVE_SILENTLY], [CASTING_LEVEL], [SPELL_LEVEL_1], [SPELL_LEVEL_2], [SPELL_LEVEL_3]) VALUES (4,  25, 33, NULL, NULL, NULL, NULL);
INSERT INTO RANGER_ABILITIES ([LEVEL], [HIDE_IN_SHADOWS], [MOVE_SILENTLY], [CASTING_LEVEL], [SPELL_LEVEL_1], [SPELL_LEVEL_2], [SPELL_LEVEL_3]) VALUES (5,  31, 40, NULL, NULL, NULL, NULL);
INSERT INTO RANGER_ABILITIES ([LEVEL], [HIDE_IN_SHADOWS], [MOVE_SILENTLY], [CASTING_LEVEL], [SPELL_LEVEL_1], [SPELL_LEVEL_2], [SPELL_LEVEL_3]) VALUES (6,  37, 47, NULL, NULL, NULL, NULL);
INSERT INTO RANGER_ABILITIES ([LEVEL], [HIDE_IN_SHADOWS], [MOVE_SILENTLY], [CASTING_LEVEL], [SPELL_LEVEL_1], [SPELL_LEVEL_2], [SPELL_LEVEL_3]) VALUES (7,  43, 55, NULL, NULL, NULL, NULL);
INSERT INTO RANGER_ABILITIES ([LEVEL], [HIDE_IN_SHADOWS], [MOVE_SILENTLY], [CASTING_LEVEL], [SPELL_LEVEL_1], [SPELL_LEVEL_2], [SPELL_LEVEL_3]) VALUES (8,  49, 62,    1,    1, NULL, NULL);
INSERT INTO RANGER_ABILITIES ([LEVEL], [HIDE_IN_SHADOWS], [MOVE_SILENTLY], [CASTING_LEVEL], [SPELL_LEVEL_1], [SPELL_LEVEL_2], [SPELL_LEVEL_3]) VALUES (9,  56, 70,    2,    2, NULL, NULL);
INSERT INTO RANGER_ABILITIES ([LEVEL], [HIDE_IN_SHADOWS], [MOVE_SILENTLY], [CASTING_LEVEL], [SPELL_LEVEL_1], [SPELL_LEVEL_2], [SPELL_LEVEL_3]) VALUES (10, 63, 78,    3,    2,    1, NULL);
INSERT INTO RANGER_ABILITIES ([LEVEL], [HIDE_IN_SHADOWS], [MOVE_SILENTLY], [CASTING_LEVEL], [SPELL_LEVEL_1], [SPELL_LEVEL_2], [SPELL_LEVEL_3]) VALUES (11, 70, 86,    4,    2,    2, NULL);
INSERT INTO RANGER_ABILITIES ([LEVEL], [HIDE_IN_SHADOWS], [MOVE_SILENTLY], [CASTING_LEVEL], [SPELL_LEVEL_1], [SPELL_LEVEL_2], [SPELL_LEVEL_3]) VALUES (12, 77, 94,    5,    2,    2,    1);
INSERT INTO RANGER_ABILITIES ([LEVEL], [HIDE_IN_SHADOWS], [MOVE_SILENTLY], [CASTING_LEVEL], [SPELL_LEVEL_1], [SPELL_LEVEL_2], [SPELL_LEVEL_3]) VALUES (13, 85, 99,    6,    3,    2,    1);
INSERT INTO RANGER_ABILITIES ([LEVEL], [HIDE_IN_SHADOWS], [MOVE_SILENTLY], [CASTING_LEVEL], [SPELL_LEVEL_1], [SPELL_LEVEL_2], [SPELL_LEVEL_3]) VALUES (14, 93, 99,    7,    3,    2,    2);
INSERT INTO RANGER_ABILITIES ([LEVEL], [HIDE_IN_SHADOWS], [MOVE_SILENTLY], [CASTING_LEVEL], [SPELL_LEVEL_1], [SPELL_LEVEL_2], [SPELL_LEVEL_3]) VALUES (15, 99, 99,    8,    3,    3,    2);
INSERT INTO RANGER_ABILITIES ([LEVEL], [HIDE_IN_SHADOWS], [MOVE_SILENTLY], [CASTING_LEVEL], [SPELL_LEVEL_1], [SPELL_LEVEL_2], [SPELL_LEVEL_3]) VALUES (16, 99, 99,    9,    3,    3,    3);
	
COMMIT TRANSACTION;

-------------------------------------------------------------------------------------------------------------

BEGIN TRANSACTION;

INSERT INTO WIZARD_SPELL_PROGRESSION ([LEVEL], [SPELL_LEVEL_1], [SPELL_LEVEL_2], [SPELL_LEVEL_3], [SPELL_LEVEL_4], [SPELL_LEVEL_5], [SPELL_LEVEL_6], [SPELL_LEVEL_7], [SPELL_LEVEL_8], [SPELL_LEVEL_9]) VALUES (1,     1, NULL, NULL, NULL, NULL, NULL, NULL, NULL, NULL);
INSERT INTO WIZARD_SPELL_PROGRESSION ([LEVEL], [SPELL_LEVEL_1], [SPELL_LEVEL_2], [SPELL_LEVEL_3], [SPELL_LEVEL_4], [SPELL_LEVEL_5], [SPELL_LEVEL_6], [SPELL_LEVEL_7], [SPELL_LEVEL_8], [SPELL_LEVEL_9]) VALUES (2,     2, NULL, NULL, NULL, NULL, NULL, NULL, NULL, NULL);
INSERT INTO WIZARD_SPELL_PROGRESSION ([LEVEL], [SPELL_LEVEL_1], [SPELL_LEVEL_2], [SPELL_LEVEL_3], [SPELL_LEVEL_4], [SPELL_LEVEL_5], [SPELL_LEVEL_6], [SPELL_LEVEL_7], [SPELL_LEVEL_8], [SPELL_LEVEL_9]) VALUES (3,     2,    1, NULL, NULL, NULL, NULL, NULL, NULL, NULL);
INSERT INTO WIZARD_SPELL_PROGRESSION ([LEVEL], [SPELL_LEVEL_1], [SPELL_LEVEL_2], [SPELL_LEVEL_3], [SPELL_LEVEL_4], [SPELL_LEVEL_5], [SPELL_LEVEL_6], [SPELL_LEVEL_7], [SPELL_LEVEL_8], [SPELL_LEVEL_9]) VALUES (4,     3,    2, NULL, NULL, NULL, NULL, NULL, NULL, NULL);
INSERT INTO WIZARD_SPELL_PROGRESSION ([LEVEL], [SPELL_LEVEL_1], [SPELL_LEVEL_2], [SPELL_LEVEL_3], [SPELL_LEVEL_4], [SPELL_LEVEL_5], [SPELL_LEVEL_6], [SPELL_LEVEL_7], [SPELL_LEVEL_8], [SPELL_LEVEL_9]) VALUES (5,     4,    2,	   1, NULL, NULL, NULL, NULL, NULL, NULL);
INSERT INTO WIZARD_SPELL_PROGRESSION ([LEVEL], [SPELL_LEVEL_1], [SPELL_LEVEL_2], [SPELL_LEVEL_3], [SPELL_LEVEL_4], [SPELL_LEVEL_5], [SPELL_LEVEL_6], [SPELL_LEVEL_7], [SPELL_LEVEL_8], [SPELL_LEVEL_9]) VALUES (6,     4,    2,	   2, NULL, NULL, NULL, NULL, NULL, NULL);
INSERT INTO WIZARD_SPELL_PROGRESSION ([LEVEL], [SPELL_LEVEL_1], [SPELL_LEVEL_2], [SPELL_LEVEL_3], [SPELL_LEVEL_4], [SPELL_LEVEL_5], [SPELL_LEVEL_6], [SPELL_LEVEL_7], [SPELL_LEVEL_8], [SPELL_LEVEL_9]) VALUES (7,     4,    3,	   2,    1, NULL, NULL, NULL, NULL, NULL);
INSERT INTO WIZARD_SPELL_PROGRESSION ([LEVEL], [SPELL_LEVEL_1], [SPELL_LEVEL_2], [SPELL_LEVEL_3], [SPELL_LEVEL_4], [SPELL_LEVEL_5], [SPELL_LEVEL_6], [SPELL_LEVEL_7], [SPELL_LEVEL_8], [SPELL_LEVEL_9]) VALUES (8,     4,    3,	   3,    2, NULL, NULL, NULL, NULL, NULL);
INSERT INTO WIZARD_SPELL_PROGRESSION ([LEVEL], [SPELL_LEVEL_1], [SPELL_LEVEL_2], [SPELL_LEVEL_3], [SPELL_LEVEL_4], [SPELL_LEVEL_5], [SPELL_LEVEL_6], [SPELL_LEVEL_7], [SPELL_LEVEL_8], [SPELL_LEVEL_9]) VALUES (9,     4,    3,	   3,    2,    1, NULL, NULL, NULL, NULL);
INSERT INTO WIZARD_SPELL_PROGRESSION ([LEVEL], [SPELL_LEVEL_1], [SPELL_LEVEL_2], [SPELL_LEVEL_3], [SPELL_LEVEL_4], [SPELL_LEVEL_5], [SPELL_LEVEL_6], [SPELL_LEVEL_7], [SPELL_LEVEL_8], [SPELL_LEVEL_9]) VALUES (10,    4,    4,	   3,    2,    2, NULL, NULL, NULL, NULL);
INSERT INTO WIZARD_SPELL_PROGRESSION ([LEVEL], [SPELL_LEVEL_1], [SPELL_LEVEL_2], [SPELL_LEVEL_3], [SPELL_LEVEL_4], [SPELL_LEVEL_5], [SPELL_LEVEL_6], [SPELL_LEVEL_7], [SPELL_LEVEL_8], [SPELL_LEVEL_9]) VALUES (11,    4,    4,	   4,    3,    3, NULL, NULL, NULL, NULL);
INSERT INTO WIZARD_SPELL_PROGRESSION ([LEVEL], [SPELL_LEVEL_1], [SPELL_LEVEL_2], [SPELL_LEVEL_3], [SPELL_LEVEL_4], [SPELL_LEVEL_5], [SPELL_LEVEL_6], [SPELL_LEVEL_7], [SPELL_LEVEL_8], [SPELL_LEVEL_9]) VALUES (12,    4,    4,	   4,    4,    4,    1, NULL, NULL, NULL);
INSERT INTO WIZARD_SPELL_PROGRESSION ([LEVEL], [SPELL_LEVEL_1], [SPELL_LEVEL_2], [SPELL_LEVEL_3], [SPELL_LEVEL_4], [SPELL_LEVEL_5], [SPELL_LEVEL_6], [SPELL_LEVEL_7], [SPELL_LEVEL_8], [SPELL_LEVEL_9]) VALUES (13,    5,    5,	   5,    4,    4,    2, NULL, NULL, NULL);
INSERT INTO WIZARD_SPELL_PROGRESSION ([LEVEL], [SPELL_LEVEL_1], [SPELL_LEVEL_2], [SPELL_LEVEL_3], [SPELL_LEVEL_4], [SPELL_LEVEL_5], [SPELL_LEVEL_6], [SPELL_LEVEL_7], [SPELL_LEVEL_8], [SPELL_LEVEL_9]) VALUES (14,    5,    5,	   5,    4,    4,    2,    1, NULL, NULL);
INSERT INTO WIZARD_SPELL_PROGRESSION ([LEVEL], [SPELL_LEVEL_1], [SPELL_LEVEL_2], [SPELL_LEVEL_3], [SPELL_LEVEL_4], [SPELL_LEVEL_5], [SPELL_LEVEL_6], [SPELL_LEVEL_7], [SPELL_LEVEL_8], [SPELL_LEVEL_9]) VALUES (15,    5,    5,	   5,    5,    5,    2,    1, NULL, NULL);
INSERT INTO WIZARD_SPELL_PROGRESSION ([LEVEL], [SPELL_LEVEL_1], [SPELL_LEVEL_2], [SPELL_LEVEL_3], [SPELL_LEVEL_4], [SPELL_LEVEL_5], [SPELL_LEVEL_6], [SPELL_LEVEL_7], [SPELL_LEVEL_8], [SPELL_LEVEL_9]) VALUES (16,    5,    5,	   5,    5,    5,    3,    2,    1, NULL);
INSERT INTO WIZARD_SPELL_PROGRESSION ([LEVEL], [SPELL_LEVEL_1], [SPELL_LEVEL_2], [SPELL_LEVEL_3], [SPELL_LEVEL_4], [SPELL_LEVEL_5], [SPELL_LEVEL_6], [SPELL_LEVEL_7], [SPELL_LEVEL_8], [SPELL_LEVEL_9]) VALUES (17,    5,    5,	   5,    5,    5,    3,    3,    2, NULL);
INSERT INTO WIZARD_SPELL_PROGRESSION ([LEVEL], [SPELL_LEVEL_1], [SPELL_LEVEL_2], [SPELL_LEVEL_3], [SPELL_LEVEL_4], [SPELL_LEVEL_5], [SPELL_LEVEL_6], [SPELL_LEVEL_7], [SPELL_LEVEL_8], [SPELL_LEVEL_9]) VALUES (18,    5,    5,	   5,    5,    5,    3,    3,    2,    1);
INSERT INTO WIZARD_SPELL_PROGRESSION ([LEVEL], [SPELL_LEVEL_1], [SPELL_LEVEL_2], [SPELL_LEVEL_3], [SPELL_LEVEL_4], [SPELL_LEVEL_5], [SPELL_LEVEL_6], [SPELL_LEVEL_7], [SPELL_LEVEL_8], [SPELL_LEVEL_9]) VALUES (19,    5,    5,	   5,    5,    5,    3,    3,    3,    1);
INSERT INTO WIZARD_SPELL_PROGRESSION ([LEVEL], [SPELL_LEVEL_1], [SPELL_LEVEL_2], [SPELL_LEVEL_3], [SPELL_LEVEL_4], [SPELL_LEVEL_5], [SPELL_LEVEL_6], [SPELL_LEVEL_7], [SPELL_LEVEL_8], [SPELL_LEVEL_9]) VALUES (20,    5,    5,	   5,    5,    5,    4,    3,    3,    2);
	
COMMIT TRANSACTION;

-------------------------------------------------------------------------------------------------------------

BEGIN TRANSACTION;

INSERT INTO PRIEST_SPELL_PROGRESSION ([LEVEL], [SPELL_LEVEL_1], [SPELL_LEVEL_2], [SPELL_LEVEL_3], [SPELL_LEVEL_4], [SPELL_LEVEL_5], [SPELL_LEVEL_6], [SPELL_LEVEL_7]) VALUES (1,  1, NULL, NULL, NULL, NULL, NULL, NULL);
INSERT INTO PRIEST_SPELL_PROGRESSION ([LEVEL], [SPELL_LEVEL_1], [SPELL_LEVEL_2], [SPELL_LEVEL_3], [SPELL_LEVEL_4], [SPELL_LEVEL_5], [SPELL_LEVEL_6], [SPELL_LEVEL_7]) VALUES (2,  2, NULL, NULL, NULL, NULL, NULL, NULL);
INSERT INTO PRIEST_SPELL_PROGRESSION ([LEVEL], [SPELL_LEVEL_1], [SPELL_LEVEL_2], [SPELL_LEVEL_3], [SPELL_LEVEL_4], [SPELL_LEVEL_5], [SPELL_LEVEL_6], [SPELL_LEVEL_7]) VALUES (3,  2,    1, NULL, NULL, NULL, NULL, NULL);
INSERT INTO PRIEST_SPELL_PROGRESSION ([LEVEL], [SPELL_LEVEL_1], [SPELL_LEVEL_2], [SPELL_LEVEL_3], [SPELL_LEVEL_4], [SPELL_LEVEL_5], [SPELL_LEVEL_6], [SPELL_LEVEL_7]) VALUES (4,  3,    2, NULL, NULL, NULL, NULL, NULL);
INSERT INTO PRIEST_SPELL_PROGRESSION ([LEVEL], [SPELL_LEVEL_1], [SPELL_LEVEL_2], [SPELL_LEVEL_3], [SPELL_LEVEL_4], [SPELL_LEVEL_5], [SPELL_LEVEL_6], [SPELL_LEVEL_7]) VALUES (5,  3,    3,    1, NULL, NULL, NULL, NULL);
INSERT INTO PRIEST_SPELL_PROGRESSION ([LEVEL], [SPELL_LEVEL_1], [SPELL_LEVEL_2], [SPELL_LEVEL_3], [SPELL_LEVEL_4], [SPELL_LEVEL_5], [SPELL_LEVEL_6], [SPELL_LEVEL_7]) VALUES (6,  3,    3,    2, NULL, NULL, NULL, NULL);
INSERT INTO PRIEST_SPELL_PROGRESSION ([LEVEL], [SPELL_LEVEL_1], [SPELL_LEVEL_2], [SPELL_LEVEL_3], [SPELL_LEVEL_4], [SPELL_LEVEL_5], [SPELL_LEVEL_6], [SPELL_LEVEL_7]) VALUES (7,  3,    3,    2,    1, NULL, NULL, NULL);
INSERT INTO PRIEST_SPELL_PROGRESSION ([LEVEL], [SPELL_LEVEL_1], [SPELL_LEVEL_2], [SPELL_LEVEL_3], [SPELL_LEVEL_4], [SPELL_LEVEL_5], [SPELL_LEVEL_6], [SPELL_LEVEL_7]) VALUES (8,  3,    3,    3,    2, NULL, NULL, NULL);
INSERT INTO PRIEST_SPELL_PROGRESSION ([LEVEL], [SPELL_LEVEL_1], [SPELL_LEVEL_2], [SPELL_LEVEL_3], [SPELL_LEVEL_4], [SPELL_LEVEL_5], [SPELL_LEVEL_6], [SPELL_LEVEL_7]) VALUES (9,  4,    4,    3,    2,    1, NULL, NULL);
INSERT INTO PRIEST_SPELL_PROGRESSION ([LEVEL], [SPELL_LEVEL_1], [SPELL_LEVEL_2], [SPELL_LEVEL_3], [SPELL_LEVEL_4], [SPELL_LEVEL_5], [SPELL_LEVEL_6], [SPELL_LEVEL_7]) VALUES (10, 4,    4,    3,    3,    2, NULL, NULL);
INSERT INTO PRIEST_SPELL_PROGRESSION ([LEVEL], [SPELL_LEVEL_1], [SPELL_LEVEL_2], [SPELL_LEVEL_3], [SPELL_LEVEL_4], [SPELL_LEVEL_5], [SPELL_LEVEL_6], [SPELL_LEVEL_7]) VALUES (11, 5,    4,    4,    3,    2,    1, NULL);
INSERT INTO PRIEST_SPELL_PROGRESSION ([LEVEL], [SPELL_LEVEL_1], [SPELL_LEVEL_2], [SPELL_LEVEL_3], [SPELL_LEVEL_4], [SPELL_LEVEL_5], [SPELL_LEVEL_6], [SPELL_LEVEL_7]) VALUES (12, 6,    5,    5,    3,    2,    2, NULL);
INSERT INTO PRIEST_SPELL_PROGRESSION ([LEVEL], [SPELL_LEVEL_1], [SPELL_LEVEL_2], [SPELL_LEVEL_3], [SPELL_LEVEL_4], [SPELL_LEVEL_5], [SPELL_LEVEL_6], [SPELL_LEVEL_7]) VALUES (13, 6,    6,    6,    4,    2,    2, NULL);
INSERT INTO PRIEST_SPELL_PROGRESSION ([LEVEL], [SPELL_LEVEL_1], [SPELL_LEVEL_2], [SPELL_LEVEL_3], [SPELL_LEVEL_4], [SPELL_LEVEL_5], [SPELL_LEVEL_6], [SPELL_LEVEL_7]) VALUES (14, 6,    6,    6,    5,    3,    2,    1);
INSERT INTO PRIEST_SPELL_PROGRESSION ([LEVEL], [SPELL_LEVEL_1], [SPELL_LEVEL_2], [SPELL_LEVEL_3], [SPELL_LEVEL_4], [SPELL_LEVEL_5], [SPELL_LEVEL_6], [SPELL_LEVEL_7]) VALUES (15, 6,    6,    6,    6,    4,    2,    1);
INSERT INTO PRIEST_SPELL_PROGRESSION ([LEVEL], [SPELL_LEVEL_1], [SPELL_LEVEL_2], [SPELL_LEVEL_3], [SPELL_LEVEL_4], [SPELL_LEVEL_5], [SPELL_LEVEL_6], [SPELL_LEVEL_7]) VALUES (16, 7,    7,    7,    6,    4,    3,    1);
INSERT INTO PRIEST_SPELL_PROGRESSION ([LEVEL], [SPELL_LEVEL_1], [SPELL_LEVEL_2], [SPELL_LEVEL_3], [SPELL_LEVEL_4], [SPELL_LEVEL_5], [SPELL_LEVEL_6], [SPELL_LEVEL_7]) VALUES (17, 7,    7,    7,    7,    5,    3,    2);
INSERT INTO PRIEST_SPELL_PROGRESSION ([LEVEL], [SPELL_LEVEL_1], [SPELL_LEVEL_2], [SPELL_LEVEL_3], [SPELL_LEVEL_4], [SPELL_LEVEL_5], [SPELL_LEVEL_6], [SPELL_LEVEL_7]) VALUES (18, 8,    8,    8,    8,    6,    4,    2);
INSERT INTO PRIEST_SPELL_PROGRESSION ([LEVEL], [SPELL_LEVEL_1], [SPELL_LEVEL_2], [SPELL_LEVEL_3], [SPELL_LEVEL_4], [SPELL_LEVEL_5], [SPELL_LEVEL_6], [SPELL_LEVEL_7]) VALUES (19, 9,    9,    8,    8,    6,    4,    2);
INSERT INTO PRIEST_SPELL_PROGRESSION ([LEVEL], [SPELL_LEVEL_1], [SPELL_LEVEL_2], [SPELL_LEVEL_3], [SPELL_LEVEL_4], [SPELL_LEVEL_5], [SPELL_LEVEL_6], [SPELL_LEVEL_7]) VALUES (20, 9,    9,    9,    8,    7,    5,    2);

COMMIT TRANSACTION;

-------------------------------------------------------------------------------------------------------------

BEGIN TRANSACTION;

INSERT INTO THIEVING_SKILL_RACIAL_ADJUSTMENTS ([THIEVING_SKILL], [RACE_ID], [MODIFIER]) VALUES (0, 2, NULL);
INSERT INTO THIEVING_SKILL_RACIAL_ADJUSTMENTS ([THIEVING_SKILL], [RACE_ID], [MODIFIER]) VALUES (0, 1, 5);
INSERT INTO THIEVING_SKILL_RACIAL_ADJUSTMENTS ([THIEVING_SKILL], [RACE_ID], [MODIFIER]) VALUES (0, 3, NULL);
INSERT INTO THIEVING_SKILL_RACIAL_ADJUSTMENTS ([THIEVING_SKILL], [RACE_ID], [MODIFIER]) VALUES (0, 4, 10);
INSERT INTO THIEVING_SKILL_RACIAL_ADJUSTMENTS ([THIEVING_SKILL], [RACE_ID], [MODIFIER]) VALUES (0, 5, 5);

INSERT INTO THIEVING_SKILL_RACIAL_ADJUSTMENTS ([THIEVING_SKILL], [RACE_ID], [MODIFIER]) VALUES (1, 2, 10);
INSERT INTO THIEVING_SKILL_RACIAL_ADJUSTMENTS ([THIEVING_SKILL], [RACE_ID], [MODIFIER]) VALUES (1, 1, -5);
INSERT INTO THIEVING_SKILL_RACIAL_ADJUSTMENTS ([THIEVING_SKILL], [RACE_ID], [MODIFIER]) VALUES (1, 3, 5);
INSERT INTO THIEVING_SKILL_RACIAL_ADJUSTMENTS ([THIEVING_SKILL], [RACE_ID], [MODIFIER]) VALUES (1, 4, NULL);
INSERT INTO THIEVING_SKILL_RACIAL_ADJUSTMENTS ([THIEVING_SKILL], [RACE_ID], [MODIFIER]) VALUES (1, 5, 5);

INSERT INTO THIEVING_SKILL_RACIAL_ADJUSTMENTS ([THIEVING_SKILL], [RACE_ID], [MODIFIER]) VALUES (2, 2, 15);
INSERT INTO THIEVING_SKILL_RACIAL_ADJUSTMENTS ([THIEVING_SKILL], [RACE_ID], [MODIFIER]) VALUES (2, 1, NULL);
INSERT INTO THIEVING_SKILL_RACIAL_ADJUSTMENTS ([THIEVING_SKILL], [RACE_ID], [MODIFIER]) VALUES (2, 3, 10);
INSERT INTO THIEVING_SKILL_RACIAL_ADJUSTMENTS ([THIEVING_SKILL], [RACE_ID], [MODIFIER]) VALUES (2, 4, NULL);
INSERT INTO THIEVING_SKILL_RACIAL_ADJUSTMENTS ([THIEVING_SKILL], [RACE_ID], [MODIFIER]) VALUES (2, 5, 5);

INSERT INTO THIEVING_SKILL_RACIAL_ADJUSTMENTS ([THIEVING_SKILL], [RACE_ID], [MODIFIER]) VALUES (3, 2, NULL);
INSERT INTO THIEVING_SKILL_RACIAL_ADJUSTMENTS ([THIEVING_SKILL], [RACE_ID], [MODIFIER]) VALUES (3, 1, 5);
INSERT INTO THIEVING_SKILL_RACIAL_ADJUSTMENTS ([THIEVING_SKILL], [RACE_ID], [MODIFIER]) VALUES (3, 3, 5);
INSERT INTO THIEVING_SKILL_RACIAL_ADJUSTMENTS ([THIEVING_SKILL], [RACE_ID], [MODIFIER]) VALUES (3, 4, NULL);
INSERT INTO THIEVING_SKILL_RACIAL_ADJUSTMENTS ([THIEVING_SKILL], [RACE_ID], [MODIFIER]) VALUES (3, 5, 10);

INSERT INTO THIEVING_SKILL_RACIAL_ADJUSTMENTS ([THIEVING_SKILL], [RACE_ID], [MODIFIER]) VALUES (4, 2, NULL);
INSERT INTO THIEVING_SKILL_RACIAL_ADJUSTMENTS ([THIEVING_SKILL], [RACE_ID], [MODIFIER]) VALUES (4, 1, 10);
INSERT INTO THIEVING_SKILL_RACIAL_ADJUSTMENTS ([THIEVING_SKILL], [RACE_ID], [MODIFIER]) VALUES (4, 3, 5);
INSERT INTO THIEVING_SKILL_RACIAL_ADJUSTMENTS ([THIEVING_SKILL], [RACE_ID], [MODIFIER]) VALUES (4, 4, 5);
INSERT INTO THIEVING_SKILL_RACIAL_ADJUSTMENTS ([THIEVING_SKILL], [RACE_ID], [MODIFIER]) VALUES (4, 5, 15);

INSERT INTO THIEVING_SKILL_RACIAL_ADJUSTMENTS ([THIEVING_SKILL], [RACE_ID], [MODIFIER]) VALUES (5, 2, NULL);
INSERT INTO THIEVING_SKILL_RACIAL_ADJUSTMENTS ([THIEVING_SKILL], [RACE_ID], [MODIFIER]) VALUES (5, 1, 5);
INSERT INTO THIEVING_SKILL_RACIAL_ADJUSTMENTS ([THIEVING_SKILL], [RACE_ID], [MODIFIER]) VALUES (5, 3, 10);
INSERT INTO THIEVING_SKILL_RACIAL_ADJUSTMENTS ([THIEVING_SKILL], [RACE_ID], [MODIFIER]) VALUES (5, 4, NULL);
INSERT INTO THIEVING_SKILL_RACIAL_ADJUSTMENTS ([THIEVING_SKILL], [RACE_ID], [MODIFIER]) VALUES (5, 5, 5);

INSERT INTO THIEVING_SKILL_RACIAL_ADJUSTMENTS ([THIEVING_SKILL], [RACE_ID], [MODIFIER]) VALUES (6, 2, -10);
INSERT INTO THIEVING_SKILL_RACIAL_ADJUSTMENTS ([THIEVING_SKILL], [RACE_ID], [MODIFIER]) VALUES (6, 1, NULL);
INSERT INTO THIEVING_SKILL_RACIAL_ADJUSTMENTS ([THIEVING_SKILL], [RACE_ID], [MODIFIER]) VALUES (6, 3, -15);
INSERT INTO THIEVING_SKILL_RACIAL_ADJUSTMENTS ([THIEVING_SKILL], [RACE_ID], [MODIFIER]) VALUES (6, 4, NULL);
INSERT INTO THIEVING_SKILL_RACIAL_ADJUSTMENTS ([THIEVING_SKILL], [RACE_ID], [MODIFIER]) VALUES (6, 5, -15);

INSERT INTO THIEVING_SKILL_RACIAL_ADJUSTMENTS ([THIEVING_SKILL], [RACE_ID], [MODIFIER]) VALUES (7, 2, -5);
INSERT INTO THIEVING_SKILL_RACIAL_ADJUSTMENTS ([THIEVING_SKILL], [RACE_ID], [MODIFIER]) VALUES (7, 1, NULL);
INSERT INTO THIEVING_SKILL_RACIAL_ADJUSTMENTS ([THIEVING_SKILL], [RACE_ID], [MODIFIER]) VALUES (7, 3, NULL);
INSERT INTO THIEVING_SKILL_RACIAL_ADJUSTMENTS ([THIEVING_SKILL], [RACE_ID], [MODIFIER]) VALUES (7, 4, NULL);
INSERT INTO THIEVING_SKILL_RACIAL_ADJUSTMENTS ([THIEVING_SKILL], [RACE_ID], [MODIFIER]) VALUES (7, 5, -5);

COMMIT TRANSACTION;

-------------------------------------------------------------------------------------------------------------

BEGIN TRANSACTION;

INSERT INTO THIEVING_SKILL_DEXTERITY_ADJUSTMENTS ([DEXTERITY], [THIEVING_SKILL], [MODIFIER]) VALUES (9, 0, -15);
INSERT INTO THIEVING_SKILL_DEXTERITY_ADJUSTMENTS ([DEXTERITY], [THIEVING_SKILL], [MODIFIER]) VALUES (9, 1, -10);
INSERT INTO THIEVING_SKILL_DEXTERITY_ADJUSTMENTS ([DEXTERITY], [THIEVING_SKILL], [MODIFIER]) VALUES (9, 2, -10);
INSERT INTO THIEVING_SKILL_DEXTERITY_ADJUSTMENTS ([DEXTERITY], [THIEVING_SKILL], [MODIFIER]) VALUES (9, 3, -20);
INSERT INTO THIEVING_SKILL_DEXTERITY_ADJUSTMENTS ([DEXTERITY], [THIEVING_SKILL], [MODIFIER]) VALUES (9, 4, -10);

INSERT INTO THIEVING_SKILL_DEXTERITY_ADJUSTMENTS ([DEXTERITY], [THIEVING_SKILL], [MODIFIER]) VALUES (10, 0, -10);
INSERT INTO THIEVING_SKILL_DEXTERITY_ADJUSTMENTS ([DEXTERITY], [THIEVING_SKILL], [MODIFIER]) VALUES (10, 1, -5);
INSERT INTO THIEVING_SKILL_DEXTERITY_ADJUSTMENTS ([DEXTERITY], [THIEVING_SKILL], [MODIFIER]) VALUES (10, 2, -10);
INSERT INTO THIEVING_SKILL_DEXTERITY_ADJUSTMENTS ([DEXTERITY], [THIEVING_SKILL], [MODIFIER]) VALUES (10, 3, -15);
INSERT INTO THIEVING_SKILL_DEXTERITY_ADJUSTMENTS ([DEXTERITY], [THIEVING_SKILL], [MODIFIER]) VALUES (10, 4, -5);

INSERT INTO THIEVING_SKILL_DEXTERITY_ADJUSTMENTS ([DEXTERITY], [THIEVING_SKILL], [MODIFIER]) VALUES (11, 0, -5);
INSERT INTO THIEVING_SKILL_DEXTERITY_ADJUSTMENTS ([DEXTERITY], [THIEVING_SKILL], [MODIFIER]) VALUES (11, 1, NULL);
INSERT INTO THIEVING_SKILL_DEXTERITY_ADJUSTMENTS ([DEXTERITY], [THIEVING_SKILL], [MODIFIER]) VALUES (11, 2, -5);
INSERT INTO THIEVING_SKILL_DEXTERITY_ADJUSTMENTS ([DEXTERITY], [THIEVING_SKILL], [MODIFIER]) VALUES (11, 3, -10);
INSERT INTO THIEVING_SKILL_DEXTERITY_ADJUSTMENTS ([DEXTERITY], [THIEVING_SKILL], [MODIFIER]) VALUES (11, 4, NULL);

INSERT INTO THIEVING_SKILL_DEXTERITY_ADJUSTMENTS ([DEXTERITY], [THIEVING_SKILL], [MODIFIER]) VALUES (12, 0, NULL);
INSERT INTO THIEVING_SKILL_DEXTERITY_ADJUSTMENTS ([DEXTERITY], [THIEVING_SKILL], [MODIFIER]) VALUES (12, 1, NULL);
INSERT INTO THIEVING_SKILL_DEXTERITY_ADJUSTMENTS ([DEXTERITY], [THIEVING_SKILL], [MODIFIER]) VALUES (12, 2, NULL);
INSERT INTO THIEVING_SKILL_DEXTERITY_ADJUSTMENTS ([DEXTERITY], [THIEVING_SKILL], [MODIFIER]) VALUES (12, 3, -5);
INSERT INTO THIEVING_SKILL_DEXTERITY_ADJUSTMENTS ([DEXTERITY], [THIEVING_SKILL], [MODIFIER]) VALUES (12, 4, NULL);

INSERT INTO THIEVING_SKILL_DEXTERITY_ADJUSTMENTS ([DEXTERITY], [THIEVING_SKILL], [MODIFIER]) VALUES (13, 0, NULL);
INSERT INTO THIEVING_SKILL_DEXTERITY_ADJUSTMENTS ([DEXTERITY], [THIEVING_SKILL], [MODIFIER]) VALUES (13, 1, NULL);
INSERT INTO THIEVING_SKILL_DEXTERITY_ADJUSTMENTS ([DEXTERITY], [THIEVING_SKILL], [MODIFIER]) VALUES (13, 2, NULL);
INSERT INTO THIEVING_SKILL_DEXTERITY_ADJUSTMENTS ([DEXTERITY], [THIEVING_SKILL], [MODIFIER]) VALUES (13, 3, NULL);
INSERT INTO THIEVING_SKILL_DEXTERITY_ADJUSTMENTS ([DEXTERITY], [THIEVING_SKILL], [MODIFIER]) VALUES (13, 4, NULL);

INSERT INTO THIEVING_SKILL_DEXTERITY_ADJUSTMENTS ([DEXTERITY], [THIEVING_SKILL], [MODIFIER]) VALUES (16, 0, NULL);
INSERT INTO THIEVING_SKILL_DEXTERITY_ADJUSTMENTS ([DEXTERITY], [THIEVING_SKILL], [MODIFIER]) VALUES (16, 1, 5);
INSERT INTO THIEVING_SKILL_DEXTERITY_ADJUSTMENTS ([DEXTERITY], [THIEVING_SKILL], [MODIFIER]) VALUES (16, 2, NULL);
INSERT INTO THIEVING_SKILL_DEXTERITY_ADJUSTMENTS ([DEXTERITY], [THIEVING_SKILL], [MODIFIER]) VALUES (16, 3, NULL);
INSERT INTO THIEVING_SKILL_DEXTERITY_ADJUSTMENTS ([DEXTERITY], [THIEVING_SKILL], [MODIFIER]) VALUES (16, 4, NULL);

INSERT INTO THIEVING_SKILL_DEXTERITY_ADJUSTMENTS ([DEXTERITY], [THIEVING_SKILL], [MODIFIER]) VALUES (17, 0, 5);
INSERT INTO THIEVING_SKILL_DEXTERITY_ADJUSTMENTS ([DEXTERITY], [THIEVING_SKILL], [MODIFIER]) VALUES (17, 1, 10);
INSERT INTO THIEVING_SKILL_DEXTERITY_ADJUSTMENTS ([DEXTERITY], [THIEVING_SKILL], [MODIFIER]) VALUES (17, 2, NULL);
INSERT INTO THIEVING_SKILL_DEXTERITY_ADJUSTMENTS ([DEXTERITY], [THIEVING_SKILL], [MODIFIER]) VALUES (17, 3, 5);
INSERT INTO THIEVING_SKILL_DEXTERITY_ADJUSTMENTS ([DEXTERITY], [THIEVING_SKILL], [MODIFIER]) VALUES (17, 4, 5);

INSERT INTO THIEVING_SKILL_DEXTERITY_ADJUSTMENTS ([DEXTERITY], [THIEVING_SKILL], [MODIFIER]) VALUES (18, 0, 10);
INSERT INTO THIEVING_SKILL_DEXTERITY_ADJUSTMENTS ([DEXTERITY], [THIEVING_SKILL], [MODIFIER]) VALUES (18, 1, 15);
INSERT INTO THIEVING_SKILL_DEXTERITY_ADJUSTMENTS ([DEXTERITY], [THIEVING_SKILL], [MODIFIER]) VALUES (18, 2, 5);
INSERT INTO THIEVING_SKILL_DEXTERITY_ADJUSTMENTS ([DEXTERITY], [THIEVING_SKILL], [MODIFIER]) VALUES (18, 3, 10);
INSERT INTO THIEVING_SKILL_DEXTERITY_ADJUSTMENTS ([DEXTERITY], [THIEVING_SKILL], [MODIFIER]) VALUES (18, 4, 10);

INSERT INTO THIEVING_SKILL_DEXTERITY_ADJUSTMENTS ([DEXTERITY], [THIEVING_SKILL], [MODIFIER]) VALUES (19, 0, 15);
INSERT INTO THIEVING_SKILL_DEXTERITY_ADJUSTMENTS ([DEXTERITY], [THIEVING_SKILL], [MODIFIER]) VALUES (19, 1, 20);
INSERT INTO THIEVING_SKILL_DEXTERITY_ADJUSTMENTS ([DEXTERITY], [THIEVING_SKILL], [MODIFIER]) VALUES (19, 2, 10);
INSERT INTO THIEVING_SKILL_DEXTERITY_ADJUSTMENTS ([DEXTERITY], [THIEVING_SKILL], [MODIFIER]) VALUES (19, 3, 15);
INSERT INTO THIEVING_SKILL_DEXTERITY_ADJUSTMENTS ([DEXTERITY], [THIEVING_SKILL], [MODIFIER]) VALUES (19, 4, 15);

COMMIT TRANSACTION;

-------------------------------------------------------------------------------------------------------------

BEGIN TRANSACTION;

INSERT INTO THIEVING_SKILL_ARMOUR_ADJUSTMENTS ([THIEVING_SKILL], [ARMOUR_ID], [MODIFIER]) VALUES (0, NULL, 5);
INSERT INTO THIEVING_SKILL_ARMOUR_ADJUSTMENTS ([THIEVING_SKILL], [ARMOUR_ID], [MODIFIER]) VALUES (1, NULL, NULL);
INSERT INTO THIEVING_SKILL_ARMOUR_ADJUSTMENTS ([THIEVING_SKILL], [ARMOUR_ID], [MODIFIER]) VALUES (2, NULL, NULL);
INSERT INTO THIEVING_SKILL_ARMOUR_ADJUSTMENTS ([THIEVING_SKILL], [ARMOUR_ID], [MODIFIER]) VALUES (3, NULL, 10);
INSERT INTO THIEVING_SKILL_ARMOUR_ADJUSTMENTS ([THIEVING_SKILL], [ARMOUR_ID], [MODIFIER]) VALUES (4, NULL, 5);
INSERT INTO THIEVING_SKILL_ARMOUR_ADJUSTMENTS ([THIEVING_SKILL], [ARMOUR_ID], [MODIFIER]) VALUES (5, NULL, NULL);
INSERT INTO THIEVING_SKILL_ARMOUR_ADJUSTMENTS ([THIEVING_SKILL], [ARMOUR_ID], [MODIFIER]) VALUES (6, NULL, 10);
INSERT INTO THIEVING_SKILL_ARMOUR_ADJUSTMENTS ([THIEVING_SKILL], [ARMOUR_ID], [MODIFIER]) VALUES (7, NULL, NULL);

INSERT INTO THIEVING_SKILL_ARMOUR_ADJUSTMENTS ([THIEVING_SKILL], [ARMOUR_ID], [MODIFIER]) VALUES (0, 8020, -20);
INSERT INTO THIEVING_SKILL_ARMOUR_ADJUSTMENTS ([THIEVING_SKILL], [ARMOUR_ID], [MODIFIER]) VALUES (1, 8020, -5);
INSERT INTO THIEVING_SKILL_ARMOUR_ADJUSTMENTS ([THIEVING_SKILL], [ARMOUR_ID], [MODIFIER]) VALUES (2, 8020, -5);
INSERT INTO THIEVING_SKILL_ARMOUR_ADJUSTMENTS ([THIEVING_SKILL], [ARMOUR_ID], [MODIFIER]) VALUES (3, 8020, -10);
INSERT INTO THIEVING_SKILL_ARMOUR_ADJUSTMENTS ([THIEVING_SKILL], [ARMOUR_ID], [MODIFIER]) VALUES (4, 8020, -10);
INSERT INTO THIEVING_SKILL_ARMOUR_ADJUSTMENTS ([THIEVING_SKILL], [ARMOUR_ID], [MODIFIER]) VALUES (5, 8020, -5);
INSERT INTO THIEVING_SKILL_ARMOUR_ADJUSTMENTS ([THIEVING_SKILL], [ARMOUR_ID], [MODIFIER]) VALUES (6, 8020, -20);
INSERT INTO THIEVING_SKILL_ARMOUR_ADJUSTMENTS ([THIEVING_SKILL], [ARMOUR_ID], [MODIFIER]) VALUES (7, 8020, NULL);

INSERT INTO THIEVING_SKILL_ARMOUR_ADJUSTMENTS ([THIEVING_SKILL], [ARMOUR_ID], [MODIFIER]) VALUES (0, 8008, -30);
INSERT INTO THIEVING_SKILL_ARMOUR_ADJUSTMENTS ([THIEVING_SKILL], [ARMOUR_ID], [MODIFIER]) VALUES (1, 8008, -10);
INSERT INTO THIEVING_SKILL_ARMOUR_ADJUSTMENTS ([THIEVING_SKILL], [ARMOUR_ID], [MODIFIER]) VALUES (2, 8008, -10);
INSERT INTO THIEVING_SKILL_ARMOUR_ADJUSTMENTS ([THIEVING_SKILL], [ARMOUR_ID], [MODIFIER]) VALUES (3, 8008, -20);
INSERT INTO THIEVING_SKILL_ARMOUR_ADJUSTMENTS ([THIEVING_SKILL], [ARMOUR_ID], [MODIFIER]) VALUES (4, 8008, -20);
INSERT INTO THIEVING_SKILL_ARMOUR_ADJUSTMENTS ([THIEVING_SKILL], [ARMOUR_ID], [MODIFIER]) VALUES (5, 8008, -10);
INSERT INTO THIEVING_SKILL_ARMOUR_ADJUSTMENTS ([THIEVING_SKILL], [ARMOUR_ID], [MODIFIER]) VALUES (6, 8008, -30);
INSERT INTO THIEVING_SKILL_ARMOUR_ADJUSTMENTS ([THIEVING_SKILL], [ARMOUR_ID], [MODIFIER]) VALUES (7, 8008, NULL);

INSERT INTO THIEVING_SKILL_ARMOUR_ADJUSTMENTS ([THIEVING_SKILL], [ARMOUR_ID], [MODIFIER]) VALUES (0, 8010, -30);
INSERT INTO THIEVING_SKILL_ARMOUR_ADJUSTMENTS ([THIEVING_SKILL], [ARMOUR_ID], [MODIFIER]) VALUES (1, 8010, -10);
INSERT INTO THIEVING_SKILL_ARMOUR_ADJUSTMENTS ([THIEVING_SKILL], [ARMOUR_ID], [MODIFIER]) VALUES (2, 8010, -10);
INSERT INTO THIEVING_SKILL_ARMOUR_ADJUSTMENTS ([THIEVING_SKILL], [ARMOUR_ID], [MODIFIER]) VALUES (3, 8010, -20);
INSERT INTO THIEVING_SKILL_ARMOUR_ADJUSTMENTS ([THIEVING_SKILL], [ARMOUR_ID], [MODIFIER]) VALUES (4, 8010, -20);
INSERT INTO THIEVING_SKILL_ARMOUR_ADJUSTMENTS ([THIEVING_SKILL], [ARMOUR_ID], [MODIFIER]) VALUES (5, 8010, -10);
INSERT INTO THIEVING_SKILL_ARMOUR_ADJUSTMENTS ([THIEVING_SKILL], [ARMOUR_ID], [MODIFIER]) VALUES (6, 8010, -30);
INSERT INTO THIEVING_SKILL_ARMOUR_ADJUSTMENTS ([THIEVING_SKILL], [ARMOUR_ID], [MODIFIER]) VALUES (7, 8010, NULL);

INSERT INTO THIEVING_SKILL_ARMOUR_ADJUSTMENTS ([THIEVING_SKILL], [ARMOUR_ID], [MODIFIER]) VALUES (0, 8019, -30);
INSERT INTO THIEVING_SKILL_ARMOUR_ADJUSTMENTS ([THIEVING_SKILL], [ARMOUR_ID], [MODIFIER]) VALUES (1, 8019, -10);
INSERT INTO THIEVING_SKILL_ARMOUR_ADJUSTMENTS ([THIEVING_SKILL], [ARMOUR_ID], [MODIFIER]) VALUES (2, 8019, -10);
INSERT INTO THIEVING_SKILL_ARMOUR_ADJUSTMENTS ([THIEVING_SKILL], [ARMOUR_ID], [MODIFIER]) VALUES (3, 8019, -20);
INSERT INTO THIEVING_SKILL_ARMOUR_ADJUSTMENTS ([THIEVING_SKILL], [ARMOUR_ID], [MODIFIER]) VALUES (4, 8019, -20);
INSERT INTO THIEVING_SKILL_ARMOUR_ADJUSTMENTS ([THIEVING_SKILL], [ARMOUR_ID], [MODIFIER]) VALUES (5, 8019, -10);
INSERT INTO THIEVING_SKILL_ARMOUR_ADJUSTMENTS ([THIEVING_SKILL], [ARMOUR_ID], [MODIFIER]) VALUES (6, 8019, -30);
INSERT INTO THIEVING_SKILL_ARMOUR_ADJUSTMENTS ([THIEVING_SKILL], [ARMOUR_ID], [MODIFIER]) VALUES (7, 8019, NULL);

INSERT INTO THIEVING_SKILL_ARMOUR_ADJUSTMENTS ([THIEVING_SKILL], [ARMOUR_ID], [MODIFIER]) VALUES (0, 8003, -25);
INSERT INTO THIEVING_SKILL_ARMOUR_ADJUSTMENTS ([THIEVING_SKILL], [ARMOUR_ID], [MODIFIER]) VALUES (1, 8003, -10);
INSERT INTO THIEVING_SKILL_ARMOUR_ADJUSTMENTS ([THIEVING_SKILL], [ARMOUR_ID], [MODIFIER]) VALUES (2, 8003, -10);
INSERT INTO THIEVING_SKILL_ARMOUR_ADJUSTMENTS ([THIEVING_SKILL], [ARMOUR_ID], [MODIFIER]) VALUES (3, 8003, -15);
INSERT INTO THIEVING_SKILL_ARMOUR_ADJUSTMENTS ([THIEVING_SKILL], [ARMOUR_ID], [MODIFIER]) VALUES (4, 8003, -15);
INSERT INTO THIEVING_SKILL_ARMOUR_ADJUSTMENTS ([THIEVING_SKILL], [ARMOUR_ID], [MODIFIER]) VALUES (5, 8003, -5);
INSERT INTO THIEVING_SKILL_ARMOUR_ADJUSTMENTS ([THIEVING_SKILL], [ARMOUR_ID], [MODIFIER]) VALUES (6, 8003, -25);
INSERT INTO THIEVING_SKILL_ARMOUR_ADJUSTMENTS ([THIEVING_SKILL], [ARMOUR_ID], [MODIFIER]) VALUES (7, 8003, NULL);

INSERT INTO THIEVING_SKILL_ARMOUR_ADJUSTMENTS ([THIEVING_SKILL], [ARMOUR_ID], [MODIFIER]) VALUES (0, 8012, -25);
INSERT INTO THIEVING_SKILL_ARMOUR_ADJUSTMENTS ([THIEVING_SKILL], [ARMOUR_ID], [MODIFIER]) VALUES (1, 8012, -10);
INSERT INTO THIEVING_SKILL_ARMOUR_ADJUSTMENTS ([THIEVING_SKILL], [ARMOUR_ID], [MODIFIER]) VALUES (2, 8012, -10);
INSERT INTO THIEVING_SKILL_ARMOUR_ADJUSTMENTS ([THIEVING_SKILL], [ARMOUR_ID], [MODIFIER]) VALUES (3, 8012, -15);
INSERT INTO THIEVING_SKILL_ARMOUR_ADJUSTMENTS ([THIEVING_SKILL], [ARMOUR_ID], [MODIFIER]) VALUES (4, 8012, -15);
INSERT INTO THIEVING_SKILL_ARMOUR_ADJUSTMENTS ([THIEVING_SKILL], [ARMOUR_ID], [MODIFIER]) VALUES (5, 8012, -5);
INSERT INTO THIEVING_SKILL_ARMOUR_ADJUSTMENTS ([THIEVING_SKILL], [ARMOUR_ID], [MODIFIER]) VALUES (6, 8012, -25);
INSERT INTO THIEVING_SKILL_ARMOUR_ADJUSTMENTS ([THIEVING_SKILL], [ARMOUR_ID], [MODIFIER]) VALUES (7, 8012, NULL);

COMMIT TRANSACTION;

-------------------------------------------------------------------------------------------------------------

BEGIN TRANSACTION;

INSERT INTO BACKSTAB_DAMAGE_MULTIPLIER ([LEVEL], [MULTIPLIER]) VALUES (1, 2);
INSERT INTO BACKSTAB_DAMAGE_MULTIPLIER ([LEVEL], [MULTIPLIER]) VALUES (5, 3);
INSERT INTO BACKSTAB_DAMAGE_MULTIPLIER ([LEVEL], [MULTIPLIER]) VALUES (9, 4);
INSERT INTO BACKSTAB_DAMAGE_MULTIPLIER ([LEVEL], [MULTIPLIER]) VALUES (13, 5);

COMMIT TRANSACTION;

-------------------------------------------------------------------------------------------------------------

BEGIN TRANSACTION;

INSERT INTO BARD_SPELL_PROGRESSION ([LEVEL], [SPELL_LEVEL_1], [SPELL_LEVEL_2], [SPELL_LEVEL_3], [SPELL_LEVEL_4], [SPELL_LEVEL_5], [SPELL_LEVEL_6]) VALUES ( 1, NULL, NULL, NULL, NULL, NULL, NULL);
INSERT INTO BARD_SPELL_PROGRESSION ([LEVEL], [SPELL_LEVEL_1], [SPELL_LEVEL_2], [SPELL_LEVEL_3], [SPELL_LEVEL_4], [SPELL_LEVEL_5], [SPELL_LEVEL_6]) VALUES ( 2,    1, NULL, NULL, NULL, NULL, NULL);
INSERT INTO BARD_SPELL_PROGRESSION ([LEVEL], [SPELL_LEVEL_1], [SPELL_LEVEL_2], [SPELL_LEVEL_3], [SPELL_LEVEL_4], [SPELL_LEVEL_5], [SPELL_LEVEL_6]) VALUES ( 3,    2, NULL, NULL, NULL, NULL, NULL);
INSERT INTO BARD_SPELL_PROGRESSION ([LEVEL], [SPELL_LEVEL_1], [SPELL_LEVEL_2], [SPELL_LEVEL_3], [SPELL_LEVEL_4], [SPELL_LEVEL_5], [SPELL_LEVEL_6]) VALUES ( 4,    2,    1, NULL, NULL, NULL, NULL);
INSERT INTO BARD_SPELL_PROGRESSION ([LEVEL], [SPELL_LEVEL_1], [SPELL_LEVEL_2], [SPELL_LEVEL_3], [SPELL_LEVEL_4], [SPELL_LEVEL_5], [SPELL_LEVEL_6]) VALUES ( 5,    3,    1, NULL, NULL, NULL, NULL);
INSERT INTO BARD_SPELL_PROGRESSION ([LEVEL], [SPELL_LEVEL_1], [SPELL_LEVEL_2], [SPELL_LEVEL_3], [SPELL_LEVEL_4], [SPELL_LEVEL_5], [SPELL_LEVEL_6]) VALUES ( 6,    3,    2, NULL, NULL, NULL, NULL);
INSERT INTO BARD_SPELL_PROGRESSION ([LEVEL], [SPELL_LEVEL_1], [SPELL_LEVEL_2], [SPELL_LEVEL_3], [SPELL_LEVEL_4], [SPELL_LEVEL_5], [SPELL_LEVEL_6]) VALUES ( 7,    3,    2,    1, NULL, NULL, NULL);
INSERT INTO BARD_SPELL_PROGRESSION ([LEVEL], [SPELL_LEVEL_1], [SPELL_LEVEL_2], [SPELL_LEVEL_3], [SPELL_LEVEL_4], [SPELL_LEVEL_5], [SPELL_LEVEL_6]) VALUES ( 8,    3,    3,    1, NULL, NULL, NULL);
INSERT INTO BARD_SPELL_PROGRESSION ([LEVEL], [SPELL_LEVEL_1], [SPELL_LEVEL_2], [SPELL_LEVEL_3], [SPELL_LEVEL_4], [SPELL_LEVEL_5], [SPELL_LEVEL_6]) VALUES ( 9,    3,    3,    2, NULL, NULL, NULL);
INSERT INTO BARD_SPELL_PROGRESSION ([LEVEL], [SPELL_LEVEL_1], [SPELL_LEVEL_2], [SPELL_LEVEL_3], [SPELL_LEVEL_4], [SPELL_LEVEL_5], [SPELL_LEVEL_6]) VALUES (10,    3,    3,    2,    1, NULL, NULL);
INSERT INTO BARD_SPELL_PROGRESSION ([LEVEL], [SPELL_LEVEL_1], [SPELL_LEVEL_2], [SPELL_LEVEL_3], [SPELL_LEVEL_4], [SPELL_LEVEL_5], [SPELL_LEVEL_6]) VALUES (11,    3,    3,    3,    1, NULL, NULL);
INSERT INTO BARD_SPELL_PROGRESSION ([LEVEL], [SPELL_LEVEL_1], [SPELL_LEVEL_2], [SPELL_LEVEL_3], [SPELL_LEVEL_4], [SPELL_LEVEL_5], [SPELL_LEVEL_6]) VALUES (12,    3,    3,    3,    2, NULL, NULL);
INSERT INTO BARD_SPELL_PROGRESSION ([LEVEL], [SPELL_LEVEL_1], [SPELL_LEVEL_2], [SPELL_LEVEL_3], [SPELL_LEVEL_4], [SPELL_LEVEL_5], [SPELL_LEVEL_6]) VALUES (13,    3,    3,    3,    2,    1, NULL);
INSERT INTO BARD_SPELL_PROGRESSION ([LEVEL], [SPELL_LEVEL_1], [SPELL_LEVEL_2], [SPELL_LEVEL_3], [SPELL_LEVEL_4], [SPELL_LEVEL_5], [SPELL_LEVEL_6]) VALUES (14,    3,    3,    3,    3,    1, NULL);
INSERT INTO BARD_SPELL_PROGRESSION ([LEVEL], [SPELL_LEVEL_1], [SPELL_LEVEL_2], [SPELL_LEVEL_3], [SPELL_LEVEL_4], [SPELL_LEVEL_5], [SPELL_LEVEL_6]) VALUES (15,    3,    3,    3,    3,    2, NULL);
INSERT INTO BARD_SPELL_PROGRESSION ([LEVEL], [SPELL_LEVEL_1], [SPELL_LEVEL_2], [SPELL_LEVEL_3], [SPELL_LEVEL_4], [SPELL_LEVEL_5], [SPELL_LEVEL_6]) VALUES (16,    4,    3,    3,    3,    2,    1);
INSERT INTO BARD_SPELL_PROGRESSION ([LEVEL], [SPELL_LEVEL_1], [SPELL_LEVEL_2], [SPELL_LEVEL_3], [SPELL_LEVEL_4], [SPELL_LEVEL_5], [SPELL_LEVEL_6]) VALUES (17,    4,    4,    3,    3,    3,    1);
INSERT INTO BARD_SPELL_PROGRESSION ([LEVEL], [SPELL_LEVEL_1], [SPELL_LEVEL_2], [SPELL_LEVEL_3], [SPELL_LEVEL_4], [SPELL_LEVEL_5], [SPELL_LEVEL_6]) VALUES (18,    4,    4,    4,    3,    3,    2);
INSERT INTO BARD_SPELL_PROGRESSION ([LEVEL], [SPELL_LEVEL_1], [SPELL_LEVEL_2], [SPELL_LEVEL_3], [SPELL_LEVEL_4], [SPELL_LEVEL_5], [SPELL_LEVEL_6]) VALUES (19,    4,    4,    4,    4,    3,    2);
INSERT INTO BARD_SPELL_PROGRESSION ([LEVEL], [SPELL_LEVEL_1], [SPELL_LEVEL_2], [SPELL_LEVEL_3], [SPELL_LEVEL_4], [SPELL_LEVEL_5], [SPELL_LEVEL_6]) VALUES (20,    4,    4,    4,    4,    4,    3);

COMMIT TRANSACTION;

-------------------------------------------------------------------------------------------------------------

BEGIN TRANSACTION;

INSERT INTO BARD_ABILITIES ([ABILITY_ID], [SCORE]) VALUES (6, 50);
INSERT INTO BARD_ABILITIES ([ABILITY_ID], [SCORE]) VALUES (5, 20);
INSERT INTO BARD_ABILITIES ([ABILITY_ID], [SCORE]) VALUES (0, 10);
INSERT INTO BARD_ABILITIES ([ABILITY_ID], [SCORE]) VALUES (7, 5);

COMMIT TRANSACTION;
-------------------------------------------------------------------------------------------------------------

BEGIN TRANSACTION;

INSERT INTO PROFICIENCY_SLOTS ([CLASS_TYPE_ID], [WEAPON_INITIAL_SCORE], [WEAPON_NUM_LEVELS], [PENALTY], [NON_WEAPON_INITIAL_SCORE], [NON_WEAPON_NUM_LEVELS]) VALUES (1, 4, 3, -2, 3, 3);
INSERT INTO PROFICIENCY_SLOTS ([CLASS_TYPE_ID], [WEAPON_INITIAL_SCORE], [WEAPON_NUM_LEVELS], [PENALTY], [NON_WEAPON_INITIAL_SCORE], [NON_WEAPON_NUM_LEVELS]) VALUES (2, 1, 6, -5, 4, 3);
INSERT INTO PROFICIENCY_SLOTS ([CLASS_TYPE_ID], [WEAPON_INITIAL_SCORE], [WEAPON_NUM_LEVELS], [PENALTY], [NON_WEAPON_INITIAL_SCORE], [NON_WEAPON_NUM_LEVELS]) VALUES (4, 2, 4, -3, 4, 3);
INSERT INTO PROFICIENCY_SLOTS ([CLASS_TYPE_ID], [WEAPON_INITIAL_SCORE], [WEAPON_NUM_LEVELS], [PENALTY], [NON_WEAPON_INITIAL_SCORE], [NON_WEAPON_NUM_LEVELS]) VALUES (8, 2, 4, -3, 3, 4);

COMMIT TRANSACTION;

-------------------------------------------------------------------------------------------------------------

BEGIN TRANSACTION;

INSERT INTO SPECIALIST_ATTACKS_PER_ROUND ([LEVEL], [MELEE_WEAPON_ATTACKS], [MELEE_WEAPON_ROUND], [LIGHT_X_BOW_ATTACKS], [LIGHT_X_BOW_ROUND], [HEAVY_X_BOW_ATTACKS], [HEAVY_X_BOW_ROUND], [THROWN_DAGGER_ATTACKS], [THROWN_DAGGER_ROUND], [THROWN_DART_ATTACKS], [THROWN_DART_ROUND], [OTHER_MISSILE_ATTACKS], [OTHER_MISSILE_ROUND]) VALUES ( 1, 3, 2, 1, 1, 1, 2, 3, 1, 4, 1, 3, 2);
INSERT INTO SPECIALIST_ATTACKS_PER_ROUND ([LEVEL], [MELEE_WEAPON_ATTACKS], [MELEE_WEAPON_ROUND], [LIGHT_X_BOW_ATTACKS], [LIGHT_X_BOW_ROUND], [HEAVY_X_BOW_ATTACKS], [HEAVY_X_BOW_ROUND], [THROWN_DAGGER_ATTACKS], [THROWN_DAGGER_ROUND], [THROWN_DART_ATTACKS], [THROWN_DART_ROUND], [OTHER_MISSILE_ATTACKS], [OTHER_MISSILE_ROUND]) VALUES ( 7, 2, 1, 3, 2, 1, 1, 4, 1, 5, 1, 2, 1);
INSERT INTO SPECIALIST_ATTACKS_PER_ROUND ([LEVEL], [MELEE_WEAPON_ATTACKS], [MELEE_WEAPON_ROUND], [LIGHT_X_BOW_ATTACKS], [LIGHT_X_BOW_ROUND], [HEAVY_X_BOW_ATTACKS], [HEAVY_X_BOW_ROUND], [THROWN_DAGGER_ATTACKS], [THROWN_DAGGER_ROUND], [THROWN_DART_ATTACKS], [THROWN_DART_ROUND], [OTHER_MISSILE_ATTACKS], [OTHER_MISSILE_ROUND]) VALUES (13, 5, 2, 2, 1, 3, 2, 5, 1, 6, 1, 5, 2);

COMMIT TRANSACTION;

-------------------------------------------------------------------------------------------------------------

BEGIN TRANSACTION;

INSERT INTO ELEMENT_TYPE ([ID], [NAME]) VALUES (0, 'Element');
INSERT INTO ELEMENT_TYPE ([ID], [NAME]) VALUES (1, 'Para-element');
INSERT INTO ELEMENT_TYPE ([ID], [NAME]) VALUES (2, 'Quasi-element (positive)');
INSERT INTO ELEMENT_TYPE ([ID], [NAME]) VALUES (3, 'Quasi-element (negative)');

COMMIT TRANSACTION;

-------------------------------------------------------------------------------------------------------------

BEGIN TRANSACTION;

INSERT INTO ELEMENT ([ID], [TYPE], [NAME]) VALUES (0, 0, 'Air');
INSERT INTO ELEMENT ([ID], [TYPE], [NAME]) VALUES (1, 0, 'Water');
INSERT INTO ELEMENT ([ID], [TYPE], [NAME]) VALUES (2, 0, 'Fire');
INSERT INTO ELEMENT ([ID], [TYPE], [NAME]) VALUES (3, 0, 'Earth');
INSERT INTO ELEMENT ([ID], [TYPE], [NAME]) VALUES (4, 1, 'Smoke');
INSERT INTO ELEMENT ([ID], [TYPE], [NAME]) VALUES (5, 1, 'Ice');
INSERT INTO ELEMENT ([ID], [TYPE], [NAME]) VALUES (6, 1, 'Ooze');
INSERT INTO ELEMENT ([ID], [TYPE], [NAME]) VALUES (7, 1, 'Magma');
INSERT INTO ELEMENT ([ID], [TYPE], [NAME]) VALUES (8, 2, 'Lightning');
INSERT INTO ELEMENT ([ID], [TYPE], [NAME]) VALUES (9, 2, 'Steam');
INSERT INTO ELEMENT ([ID], [TYPE], [NAME]) VALUES (10, 2, 'Minerals');
INSERT INTO ELEMENT ([ID], [TYPE], [NAME]) VALUES (11, 2, 'Radiance');
INSERT INTO ELEMENT ([ID], [TYPE], [NAME]) VALUES (12, 3, 'Salt');
INSERT INTO ELEMENT ([ID], [TYPE], [NAME]) VALUES (13, 3, 'Vacuum');
INSERT INTO ELEMENT ([ID], [TYPE], [NAME]) VALUES (14, 3, 'Ash');
INSERT INTO ELEMENT ([ID], [TYPE], [NAME]) VALUES (15, 3, 'Dust');

COMMIT TRANSACTION;

-------------------------------------------------------------------------------------------------------------

BEGIN TRANSACTION;

INSERT INTO COIN ([ID], [ACRONYM], [DESCRIPTION]) VALUES (0, 'CP', 'Copper Piece');
INSERT INTO COIN ([ID], [ACRONYM], [DESCRIPTION]) VALUES (1, 'SP', 'Silver Piece');
INSERT INTO COIN ([ID], [ACRONYM], [DESCRIPTION]) VALUES (2, 'EP', 'Electrum Piece');
INSERT INTO COIN ([ID], [ACRONYM], [DESCRIPTION]) VALUES (3, 'GP', 'Gold Piece');
INSERT INTO COIN ([ID], [ACRONYM], [DESCRIPTION]) VALUES (4, 'PP', 'Platinum Piece');

COMMIT TRANSACTION;

-------------------------------------------------------------------------------------------------------------

BEGIN TRANSACTION;

INSERT INTO COIN_EXCHANGE_VALUES ([COIN_FROM], [COIN_TO], [EXCHANGE_VALUE]) VALUES (0, 0, 1.0);
INSERT INTO COIN_EXCHANGE_VALUES ([COIN_FROM], [COIN_TO], [EXCHANGE_VALUE]) VALUES (0, 1, 1.0/10.0);
INSERT INTO COIN_EXCHANGE_VALUES ([COIN_FROM], [COIN_TO], [EXCHANGE_VALUE]) VALUES (0, 2, 1.0/50.0);
INSERT INTO COIN_EXCHANGE_VALUES ([COIN_FROM], [COIN_TO], [EXCHANGE_VALUE]) VALUES (0, 3, 1.0/100.0);
INSERT INTO COIN_EXCHANGE_VALUES ([COIN_FROM], [COIN_TO], [EXCHANGE_VALUE]) VALUES (0, 4, 1.0/500.0);

INSERT INTO COIN_EXCHANGE_VALUES ([COIN_FROM], [COIN_TO], [EXCHANGE_VALUE]) VALUES (1, 0, 10.0);
INSERT INTO COIN_EXCHANGE_VALUES ([COIN_FROM], [COIN_TO], [EXCHANGE_VALUE]) VALUES (1, 1, 1.0);
INSERT INTO COIN_EXCHANGE_VALUES ([COIN_FROM], [COIN_TO], [EXCHANGE_VALUE]) VALUES (1, 2, 1.0/5.0);
INSERT INTO COIN_EXCHANGE_VALUES ([COIN_FROM], [COIN_TO], [EXCHANGE_VALUE]) VALUES (1, 3, 1.0/10.0);
INSERT INTO COIN_EXCHANGE_VALUES ([COIN_FROM], [COIN_TO], [EXCHANGE_VALUE]) VALUES (1, 4, 1.0/50.0);

INSERT INTO COIN_EXCHANGE_VALUES ([COIN_FROM], [COIN_TO], [EXCHANGE_VALUE]) VALUES (2, 0, 50.0);
INSERT INTO COIN_EXCHANGE_VALUES ([COIN_FROM], [COIN_TO], [EXCHANGE_VALUE]) VALUES (2, 1, 5.0);
INSERT INTO COIN_EXCHANGE_VALUES ([COIN_FROM], [COIN_TO], [EXCHANGE_VALUE]) VALUES (2, 2, 1.0);
INSERT INTO COIN_EXCHANGE_VALUES ([COIN_FROM], [COIN_TO], [EXCHANGE_VALUE]) VALUES (2, 3, 1.0/2.0);
INSERT INTO COIN_EXCHANGE_VALUES ([COIN_FROM], [COIN_TO], [EXCHANGE_VALUE]) VALUES (2, 4, 1.0/10.0);

INSERT INTO COIN_EXCHANGE_VALUES ([COIN_FROM], [COIN_TO], [EXCHANGE_VALUE]) VALUES (3, 0, 100.0);
INSERT INTO COIN_EXCHANGE_VALUES ([COIN_FROM], [COIN_TO], [EXCHANGE_VALUE]) VALUES (3, 1, 10.0);
INSERT INTO COIN_EXCHANGE_VALUES ([COIN_FROM], [COIN_TO], [EXCHANGE_VALUE]) VALUES (3, 2, 2.0);
INSERT INTO COIN_EXCHANGE_VALUES ([COIN_FROM], [COIN_TO], [EXCHANGE_VALUE]) VALUES (3, 3, 1.0);
INSERT INTO COIN_EXCHANGE_VALUES ([COIN_FROM], [COIN_TO], [EXCHANGE_VALUE]) VALUES (3, 4, 1.0/5.0);

INSERT INTO COIN_EXCHANGE_VALUES ([COIN_FROM], [COIN_TO], [EXCHANGE_VALUE]) VALUES (4, 0, 500.0);
INSERT INTO COIN_EXCHANGE_VALUES ([COIN_FROM], [COIN_TO], [EXCHANGE_VALUE]) VALUES (4, 1, 50.0);
INSERT INTO COIN_EXCHANGE_VALUES ([COIN_FROM], [COIN_TO], [EXCHANGE_VALUE]) VALUES (4, 2, 10.0);
INSERT INTO COIN_EXCHANGE_VALUES ([COIN_FROM], [COIN_TO], [EXCHANGE_VALUE]) VALUES (4, 3, 5.0);
INSERT INTO COIN_EXCHANGE_VALUES ([COIN_FROM], [COIN_TO], [EXCHANGE_VALUE]) VALUES (4, 4, 1.0);

COMMIT TRANSACTION;

-------------------------------------------------------------------------------------------------------------

BEGIN TRANSACTION;

INSERT INTO STARTING_MONEY ([CLASS_TYPE_ID], [DIE_NUMBER], [DIE_FACES], [DIE_BASE], [MULTIPLIER]) VALUES (1, 5, 4, 0, 10);
INSERT INTO STARTING_MONEY ([CLASS_TYPE_ID], [DIE_NUMBER], [DIE_FACES], [DIE_BASE], [MULTIPLIER]) VALUES (2, 1, 4, 1, 10);
INSERT INTO STARTING_MONEY ([CLASS_TYPE_ID], [DIE_NUMBER], [DIE_FACES], [DIE_BASE], [MULTIPLIER]) VALUES (4, 2, 6, 0, 10);
INSERT INTO STARTING_MONEY ([CLASS_TYPE_ID], [DIE_NUMBER], [DIE_FACES], [DIE_BASE], [MULTIPLIER]) VALUES (8, 3, 6, 0, 10);

COMMIT TRANSACTION;

-------------------------------------------------------------------------------------------------------------

BEGIN TRANSACTION;

INSERT INTO HAND_SLOT_TYPE ([ACRONYM], [DESCRIPTION]) VALUES ('P', 'Primary');
INSERT INTO HAND_SLOT_TYPE ([ACRONYM], [DESCRIPTION]) VALUES ('S', 'Secondary');

COMMIT TRANSACTION;

-------------------------------------------------------------------------------------------------------------

BEGIN TRANSACTION;
				
INSERT INTO ATTACK_TYPE ([ID], [DESCRIPTION]) VALUES (0, 'Melee');
INSERT INTO ATTACK_TYPE ([ID], [DESCRIPTION]) VALUES (1, 'Light bow');
INSERT INTO ATTACK_TYPE ([ID], [DESCRIPTION]) VALUES (2, 'Heavy bow');
INSERT INTO ATTACK_TYPE ([ID], [DESCRIPTION]) VALUES (3, 'Thrown dagger');
INSERT INTO ATTACK_TYPE ([ID], [DESCRIPTION]) VALUES (4, 'Thrown dart');
INSERT INTO ATTACK_TYPE ([ID], [DESCRIPTION]) VALUES (5, 'Missile');

COMMIT TRANSACTION;

-----------------------------------------------------------------------------------------------------------

BEGIN TRANSACTION;

INSERT INTO ATTACK_RESULT ([ACRONYM], [DESCRIPTION]) VALUES ('M', 'Miss');
INSERT INTO ATTACK_RESULT ([ACRONYM], [DESCRIPTION]) VALUES ('H', 'Hit');
INSERT INTO ATTACK_RESULT ([ACRONYM], [DESCRIPTION]) VALUES ('CM', 'Critical miss');
INSERT INTO ATTACK_RESULT ([ACRONYM], [DESCRIPTION]) VALUES ('CH', 'Critical hit');

COMMIT TRANSACTION;BEGIN TRANSACTION;

INSERT INTO WEAPON_TYPE_VS_ARMOUR_MODIFIERS ([ARMOUR_ID], [WEAPON_TYPE_ID], [ARMOUR_MODIFIER]) VALUES (8000, 8, 2);
INSERT INTO WEAPON_TYPE_VS_ARMOUR_MODIFIERS ([ARMOUR_ID], [WEAPON_TYPE_ID], [ARMOUR_MODIFIER]) VALUES (8000, 4, 0);
INSERT INTO WEAPON_TYPE_VS_ARMOUR_MODIFIERS ([ARMOUR_ID], [WEAPON_TYPE_ID], [ARMOUR_MODIFIER]) VALUES (8000, 2, 1);
INSERT INTO WEAPON_TYPE_VS_ARMOUR_MODIFIERS ([ARMOUR_ID], [WEAPON_TYPE_ID], [ARMOUR_MODIFIER]) VALUES (8001, 8, 1);
INSERT INTO WEAPON_TYPE_VS_ARMOUR_MODIFIERS ([ARMOUR_ID], [WEAPON_TYPE_ID], [ARMOUR_MODIFIER]) VALUES (8001, 4, 1);
INSERT INTO WEAPON_TYPE_VS_ARMOUR_MODIFIERS ([ARMOUR_ID], [WEAPON_TYPE_ID], [ARMOUR_MODIFIER]) VALUES (8001, 2, 0);
INSERT INTO WEAPON_TYPE_VS_ARMOUR_MODIFIERS ([ARMOUR_ID], [WEAPON_TYPE_ID], [ARMOUR_MODIFIER]) VALUES (8002, 8, 2);
INSERT INTO WEAPON_TYPE_VS_ARMOUR_MODIFIERS ([ARMOUR_ID], [WEAPON_TYPE_ID], [ARMOUR_MODIFIER]) VALUES (8002, 4, 0);
INSERT INTO WEAPON_TYPE_VS_ARMOUR_MODIFIERS ([ARMOUR_ID], [WEAPON_TYPE_ID], [ARMOUR_MODIFIER]) VALUES (8002, 2, -2);
INSERT INTO WEAPON_TYPE_VS_ARMOUR_MODIFIERS ([ARMOUR_ID], [WEAPON_TYPE_ID], [ARMOUR_MODIFIER]) VALUES (8003, 8, 2);
INSERT INTO WEAPON_TYPE_VS_ARMOUR_MODIFIERS ([ARMOUR_ID], [WEAPON_TYPE_ID], [ARMOUR_MODIFIER]) VALUES (8003, 4, 0);
INSERT INTO WEAPON_TYPE_VS_ARMOUR_MODIFIERS ([ARMOUR_ID], [WEAPON_TYPE_ID], [ARMOUR_MODIFIER]) VALUES (8003, 2, -2);
INSERT INTO WEAPON_TYPE_VS_ARMOUR_MODIFIERS ([ARMOUR_ID], [WEAPON_TYPE_ID], [ARMOUR_MODIFIER]) VALUES (8004, 8, 3);
INSERT INTO WEAPON_TYPE_VS_ARMOUR_MODIFIERS ([ARMOUR_ID], [WEAPON_TYPE_ID], [ARMOUR_MODIFIER]) VALUES (8004, 4, 1);
INSERT INTO WEAPON_TYPE_VS_ARMOUR_MODIFIERS ([ARMOUR_ID], [WEAPON_TYPE_ID], [ARMOUR_MODIFIER]) VALUES (8004, 2, 0);
INSERT INTO WEAPON_TYPE_VS_ARMOUR_MODIFIERS ([ARMOUR_ID], [WEAPON_TYPE_ID], [ARMOUR_MODIFIER]) VALUES (8005, 8, 4);
INSERT INTO WEAPON_TYPE_VS_ARMOUR_MODIFIERS ([ARMOUR_ID], [WEAPON_TYPE_ID], [ARMOUR_MODIFIER]) VALUES (8005, 4, 3);
INSERT INTO WEAPON_TYPE_VS_ARMOUR_MODIFIERS ([ARMOUR_ID], [WEAPON_TYPE_ID], [ARMOUR_MODIFIER]) VALUES (8005, 2, 0);
INSERT INTO WEAPON_TYPE_VS_ARMOUR_MODIFIERS ([ARMOUR_ID], [WEAPON_TYPE_ID], [ARMOUR_MODIFIER]) VALUES (8008, 8, 0);
INSERT INTO WEAPON_TYPE_VS_ARMOUR_MODIFIERS ([ARMOUR_ID], [WEAPON_TYPE_ID], [ARMOUR_MODIFIER]) VALUES (8008, 4, -2);
INSERT INTO WEAPON_TYPE_VS_ARMOUR_MODIFIERS ([ARMOUR_ID], [WEAPON_TYPE_ID], [ARMOUR_MODIFIER]) VALUES (8008, 2, 0);
INSERT INTO WEAPON_TYPE_VS_ARMOUR_MODIFIERS ([ARMOUR_ID], [WEAPON_TYPE_ID], [ARMOUR_MODIFIER]) VALUES (8009, 8, 0);
INSERT INTO WEAPON_TYPE_VS_ARMOUR_MODIFIERS ([ARMOUR_ID], [WEAPON_TYPE_ID], [ARMOUR_MODIFIER]) VALUES (8009, 4, -2);
INSERT INTO WEAPON_TYPE_VS_ARMOUR_MODIFIERS ([ARMOUR_ID], [WEAPON_TYPE_ID], [ARMOUR_MODIFIER]) VALUES (8009, 2, 0);
INSERT INTO WEAPON_TYPE_VS_ARMOUR_MODIFIERS ([ARMOUR_ID], [WEAPON_TYPE_ID], [ARMOUR_MODIFIER]) VALUES (8010, 8, 0);
INSERT INTO WEAPON_TYPE_VS_ARMOUR_MODIFIERS ([ARMOUR_ID], [WEAPON_TYPE_ID], [ARMOUR_MODIFIER]) VALUES (8010, 4, -2);
INSERT INTO WEAPON_TYPE_VS_ARMOUR_MODIFIERS ([ARMOUR_ID], [WEAPON_TYPE_ID], [ARMOUR_MODIFIER]) VALUES (8010, 2, 0);
INSERT INTO WEAPON_TYPE_VS_ARMOUR_MODIFIERS ([ARMOUR_ID], [WEAPON_TYPE_ID], [ARMOUR_MODIFIER]) VALUES (8011, 8, 3);
INSERT INTO WEAPON_TYPE_VS_ARMOUR_MODIFIERS ([ARMOUR_ID], [WEAPON_TYPE_ID], [ARMOUR_MODIFIER]) VALUES (8011, 4, 0);
INSERT INTO WEAPON_TYPE_VS_ARMOUR_MODIFIERS ([ARMOUR_ID], [WEAPON_TYPE_ID], [ARMOUR_MODIFIER]) VALUES (8011, 2, 0);
INSERT INTO WEAPON_TYPE_VS_ARMOUR_MODIFIERS ([ARMOUR_ID], [WEAPON_TYPE_ID], [ARMOUR_MODIFIER]) VALUES (8012, 8, 1);
INSERT INTO WEAPON_TYPE_VS_ARMOUR_MODIFIERS ([ARMOUR_ID], [WEAPON_TYPE_ID], [ARMOUR_MODIFIER]) VALUES (8012, 4, 1);
INSERT INTO WEAPON_TYPE_VS_ARMOUR_MODIFIERS ([ARMOUR_ID], [WEAPON_TYPE_ID], [ARMOUR_MODIFIER]) VALUES (8012, 2, 0);
INSERT INTO WEAPON_TYPE_VS_ARMOUR_MODIFIERS ([ARMOUR_ID], [WEAPON_TYPE_ID], [ARMOUR_MODIFIER]) VALUES (8013, 8, 0);
INSERT INTO WEAPON_TYPE_VS_ARMOUR_MODIFIERS ([ARMOUR_ID], [WEAPON_TYPE_ID], [ARMOUR_MODIFIER]) VALUES (8013, 4, 1);
INSERT INTO WEAPON_TYPE_VS_ARMOUR_MODIFIERS ([ARMOUR_ID], [WEAPON_TYPE_ID], [ARMOUR_MODIFIER]) VALUES (8013, 2, 0);
INSERT INTO WEAPON_TYPE_VS_ARMOUR_MODIFIERS ([ARMOUR_ID], [WEAPON_TYPE_ID], [ARMOUR_MODIFIER]) VALUES (8018, 8, 0);
INSERT INTO WEAPON_TYPE_VS_ARMOUR_MODIFIERS ([ARMOUR_ID], [WEAPON_TYPE_ID], [ARMOUR_MODIFIER]) VALUES (8018, 4, 1);
INSERT INTO WEAPON_TYPE_VS_ARMOUR_MODIFIERS ([ARMOUR_ID], [WEAPON_TYPE_ID], [ARMOUR_MODIFIER]) VALUES (8018, 2, 2);
INSERT INTO WEAPON_TYPE_VS_ARMOUR_MODIFIERS ([ARMOUR_ID], [WEAPON_TYPE_ID], [ARMOUR_MODIFIER]) VALUES (8019, 8, 2);
INSERT INTO WEAPON_TYPE_VS_ARMOUR_MODIFIERS ([ARMOUR_ID], [WEAPON_TYPE_ID], [ARMOUR_MODIFIER]) VALUES (8019, 4, 1);
INSERT INTO WEAPON_TYPE_VS_ARMOUR_MODIFIERS ([ARMOUR_ID], [WEAPON_TYPE_ID], [ARMOUR_MODIFIER]) VALUES (8019, 2, 0);

COMMIT TRANSACTION;

-------------------------------------------------------------------------------------------------------------

BEGIN TRANSACTION;

INSERT INTO MORAL_ORDER ([ID], [NAME], [ACRONYM]) VALUES (256, 'Lawful', 'L');
INSERT INTO MORAL_ORDER ([ID], [NAME], [ACRONYM]) VALUES (512, 'Neutral', 'N');
INSERT INTO MORAL_ORDER ([ID], [NAME], [ACRONYM]) VALUES (1024, 'Chaotic', 'C');

COMMIT TRANSACTION;

-------------------------------------------------------------------------------------------------------------

BEGIN TRANSACTION;

INSERT INTO MORAL_VIEW ([ID], [NAME], [ACRONYM]) VALUES (1, 'Good', 'G');
INSERT INTO MORAL_VIEW ([ID], [NAME], [ACRONYM]) VALUES (2, 'Neutral', 'N');
INSERT INTO MORAL_VIEW ([ID], [NAME], [ACRONYM]) VALUES (4, 'Evil', 'E');

COMMIT TRANSACTION;

-------------------------------------------------------------------------------------------------------------

BEGIN TRANSACTION;

INSERT INTO MORAL_ALIGNMENT ([ID], [NAME], [ACRONYM]) VALUES (256+1, 'Lawful good', 'LG');
INSERT INTO MORAL_ALIGNMENT ([ID], [NAME], [ACRONYM]) VALUES (256+2, 'Lawful neutral', 'LN');
INSERT INTO MORAL_ALIGNMENT ([ID], [NAME], [ACRONYM]) VALUES (256+4, 'Lawful evil', 'LE');
INSERT INTO MORAL_ALIGNMENT ([ID], [NAME], [ACRONYM]) VALUES (512+1, 'Neutral good', 'NG');
INSERT INTO MORAL_ALIGNMENT ([ID], [NAME], [ACRONYM]) VALUES (512+2, 'True neutral', 'TN');
INSERT INTO MORAL_ALIGNMENT ([ID], [NAME], [ACRONYM]) VALUES (512+4, 'Neutral evil', 'NE');
INSERT INTO MORAL_ALIGNMENT ([ID], [NAME], [ACRONYM]) VALUES (1024+1, 'Chaotic good', 'CG');
INSERT INTO MORAL_ALIGNMENT ([ID], [NAME], [ACRONYM]) VALUES (1024+2, 'Chaotic neutral', 'CN');
INSERT INTO MORAL_ALIGNMENT ([ID], [NAME], [ACRONYM]) VALUES (1024+4, 'Chaotic evil', 'CE');

COMMIT TRANSACTION;

-------------------------------------------------------------------------------------------------------------

BEGIN TRANSACTION;

--Fighter
INSERT INTO MORAL_ALIGNMENT_PER_CLASS ([CLASS_ID], [ALIGNMENT_ID]) VALUES (1, 257);
INSERT INTO MORAL_ALIGNMENT_PER_CLASS ([CLASS_ID], [ALIGNMENT_ID]) VALUES (1, 258);
INSERT INTO MORAL_ALIGNMENT_PER_CLASS ([CLASS_ID], [ALIGNMENT_ID]) VALUES (1, 260);
INSERT INTO MORAL_ALIGNMENT_PER_CLASS ([CLASS_ID], [ALIGNMENT_ID]) VALUES (1, 513);
INSERT INTO MORAL_ALIGNMENT_PER_CLASS ([CLASS_ID], [ALIGNMENT_ID]) VALUES (1, 514);
INSERT INTO MORAL_ALIGNMENT_PER_CLASS ([CLASS_ID], [ALIGNMENT_ID]) VALUES (1, 516);
INSERT INTO MORAL_ALIGNMENT_PER_CLASS ([CLASS_ID], [ALIGNMENT_ID]) VALUES (1, 1025);
INSERT INTO MORAL_ALIGNMENT_PER_CLASS ([CLASS_ID], [ALIGNMENT_ID]) VALUES (1, 1026);
INSERT INTO MORAL_ALIGNMENT_PER_CLASS ([CLASS_ID], [ALIGNMENT_ID]) VALUES (1, 1028);

--Paladin
INSERT INTO MORAL_ALIGNMENT_PER_CLASS ([CLASS_ID], [ALIGNMENT_ID]) VALUES (2, 257);

--Ranger
INSERT INTO MORAL_ALIGNMENT_PER_CLASS ([CLASS_ID], [ALIGNMENT_ID]) VALUES (4, 257);
INSERT INTO MORAL_ALIGNMENT_PER_CLASS ([CLASS_ID], [ALIGNMENT_ID]) VALUES (4, 513);
INSERT INTO MORAL_ALIGNMENT_PER_CLASS ([CLASS_ID], [ALIGNMENT_ID]) VALUES (4, 1025);	

--Mage
INSERT INTO MORAL_ALIGNMENT_PER_CLASS ([CLASS_ID], [ALIGNMENT_ID]) VALUES (8, 257);
INSERT INTO MORAL_ALIGNMENT_PER_CLASS ([CLASS_ID], [ALIGNMENT_ID]) VALUES (8, 258);
INSERT INTO MORAL_ALIGNMENT_PER_CLASS ([CLASS_ID], [ALIGNMENT_ID]) VALUES (8, 260);
INSERT INTO MORAL_ALIGNMENT_PER_CLASS ([CLASS_ID], [ALIGNMENT_ID]) VALUES (8, 513);
INSERT INTO MORAL_ALIGNMENT_PER_CLASS ([CLASS_ID], [ALIGNMENT_ID]) VALUES (8, 514);
INSERT INTO MORAL_ALIGNMENT_PER_CLASS ([CLASS_ID], [ALIGNMENT_ID]) VALUES (8, 516);
INSERT INTO MORAL_ALIGNMENT_PER_CLASS ([CLASS_ID], [ALIGNMENT_ID]) VALUES (8, 1025);
INSERT INTO MORAL_ALIGNMENT_PER_CLASS ([CLASS_ID], [ALIGNMENT_ID]) VALUES (8, 1026);
INSERT INTO MORAL_ALIGNMENT_PER_CLASS ([CLASS_ID], [ALIGNMENT_ID]) VALUES (8, 1028);

--Abjurer
INSERT INTO MORAL_ALIGNMENT_PER_CLASS ([CLASS_ID], [ALIGNMENT_ID]) VALUES (16, 257);
INSERT INTO MORAL_ALIGNMENT_PER_CLASS ([CLASS_ID], [ALIGNMENT_ID]) VALUES (16, 258);
INSERT INTO MORAL_ALIGNMENT_PER_CLASS ([CLASS_ID], [ALIGNMENT_ID]) VALUES (16, 260);
INSERT INTO MORAL_ALIGNMENT_PER_CLASS ([CLASS_ID], [ALIGNMENT_ID]) VALUES (16, 513);
INSERT INTO MORAL_ALIGNMENT_PER_CLASS ([CLASS_ID], [ALIGNMENT_ID]) VALUES (16, 514);
INSERT INTO MORAL_ALIGNMENT_PER_CLASS ([CLASS_ID], [ALIGNMENT_ID]) VALUES (16, 516);
INSERT INTO MORAL_ALIGNMENT_PER_CLASS ([CLASS_ID], [ALIGNMENT_ID]) VALUES (16, 1025);
INSERT INTO MORAL_ALIGNMENT_PER_CLASS ([CLASS_ID], [ALIGNMENT_ID]) VALUES (16, 1026);
INSERT INTO MORAL_ALIGNMENT_PER_CLASS ([CLASS_ID], [ALIGNMENT_ID]) VALUES (16, 1028);

--Conjurer
INSERT INTO MORAL_ALIGNMENT_PER_CLASS ([CLASS_ID], [ALIGNMENT_ID]) VALUES (32, 257);
INSERT INTO MORAL_ALIGNMENT_PER_CLASS ([CLASS_ID], [ALIGNMENT_ID]) VALUES (32, 258);
INSERT INTO MORAL_ALIGNMENT_PER_CLASS ([CLASS_ID], [ALIGNMENT_ID]) VALUES (32, 260);
INSERT INTO MORAL_ALIGNMENT_PER_CLASS ([CLASS_ID], [ALIGNMENT_ID]) VALUES (32, 513);
INSERT INTO MORAL_ALIGNMENT_PER_CLASS ([CLASS_ID], [ALIGNMENT_ID]) VALUES (32, 514);
INSERT INTO MORAL_ALIGNMENT_PER_CLASS ([CLASS_ID], [ALIGNMENT_ID]) VALUES (32, 516);
INSERT INTO MORAL_ALIGNMENT_PER_CLASS ([CLASS_ID], [ALIGNMENT_ID]) VALUES (32, 1025);
INSERT INTO MORAL_ALIGNMENT_PER_CLASS ([CLASS_ID], [ALIGNMENT_ID]) VALUES (32, 1026);
INSERT INTO MORAL_ALIGNMENT_PER_CLASS ([CLASS_ID], [ALIGNMENT_ID]) VALUES (32, 1028);

--Diviner
INSERT INTO MORAL_ALIGNMENT_PER_CLASS ([CLASS_ID], [ALIGNMENT_ID]) VALUES (64, 257);
INSERT INTO MORAL_ALIGNMENT_PER_CLASS ([CLASS_ID], [ALIGNMENT_ID]) VALUES (64, 258);
INSERT INTO MORAL_ALIGNMENT_PER_CLASS ([CLASS_ID], [ALIGNMENT_ID]) VALUES (64, 260);
INSERT INTO MORAL_ALIGNMENT_PER_CLASS ([CLASS_ID], [ALIGNMENT_ID]) VALUES (64, 513);
INSERT INTO MORAL_ALIGNMENT_PER_CLASS ([CLASS_ID], [ALIGNMENT_ID]) VALUES (64, 514);
INSERT INTO MORAL_ALIGNMENT_PER_CLASS ([CLASS_ID], [ALIGNMENT_ID]) VALUES (64, 516);
INSERT INTO MORAL_ALIGNMENT_PER_CLASS ([CLASS_ID], [ALIGNMENT_ID]) VALUES (64, 1025);
INSERT INTO MORAL_ALIGNMENT_PER_CLASS ([CLASS_ID], [ALIGNMENT_ID]) VALUES (64, 1026);
INSERT INTO MORAL_ALIGNMENT_PER_CLASS ([CLASS_ID], [ALIGNMENT_ID]) VALUES (64, 1028);

--Enchanter
INSERT INTO MORAL_ALIGNMENT_PER_CLASS ([CLASS_ID], [ALIGNMENT_ID]) VALUES (128, 257);
INSERT INTO MORAL_ALIGNMENT_PER_CLASS ([CLASS_ID], [ALIGNMENT_ID]) VALUES (128, 258);
INSERT INTO MORAL_ALIGNMENT_PER_CLASS ([CLASS_ID], [ALIGNMENT_ID]) VALUES (128, 260);
INSERT INTO MORAL_ALIGNMENT_PER_CLASS ([CLASS_ID], [ALIGNMENT_ID]) VALUES (128, 513);
INSERT INTO MORAL_ALIGNMENT_PER_CLASS ([CLASS_ID], [ALIGNMENT_ID]) VALUES (128, 514);
INSERT INTO MORAL_ALIGNMENT_PER_CLASS ([CLASS_ID], [ALIGNMENT_ID]) VALUES (128, 516);
INSERT INTO MORAL_ALIGNMENT_PER_CLASS ([CLASS_ID], [ALIGNMENT_ID]) VALUES (128, 1025);
INSERT INTO MORAL_ALIGNMENT_PER_CLASS ([CLASS_ID], [ALIGNMENT_ID]) VALUES (128, 1026);
INSERT INTO MORAL_ALIGNMENT_PER_CLASS ([CLASS_ID], [ALIGNMENT_ID]) VALUES (128, 1028);

--Illusionist
INSERT INTO MORAL_ALIGNMENT_PER_CLASS ([CLASS_ID], [ALIGNMENT_ID]) VALUES (256, 257);
INSERT INTO MORAL_ALIGNMENT_PER_CLASS ([CLASS_ID], [ALIGNMENT_ID]) VALUES (256, 258);
INSERT INTO MORAL_ALIGNMENT_PER_CLASS ([CLASS_ID], [ALIGNMENT_ID]) VALUES (256, 260);
INSERT INTO MORAL_ALIGNMENT_PER_CLASS ([CLASS_ID], [ALIGNMENT_ID]) VALUES (256, 513);
INSERT INTO MORAL_ALIGNMENT_PER_CLASS ([CLASS_ID], [ALIGNMENT_ID]) VALUES (256, 514);
INSERT INTO MORAL_ALIGNMENT_PER_CLASS ([CLASS_ID], [ALIGNMENT_ID]) VALUES (256, 516);
INSERT INTO MORAL_ALIGNMENT_PER_CLASS ([CLASS_ID], [ALIGNMENT_ID]) VALUES (256, 1025);
INSERT INTO MORAL_ALIGNMENT_PER_CLASS ([CLASS_ID], [ALIGNMENT_ID]) VALUES (256, 1026);
INSERT INTO MORAL_ALIGNMENT_PER_CLASS ([CLASS_ID], [ALIGNMENT_ID]) VALUES (256, 1028);

--Invoker
INSERT INTO MORAL_ALIGNMENT_PER_CLASS ([CLASS_ID], [ALIGNMENT_ID]) VALUES (512, 257);
INSERT INTO MORAL_ALIGNMENT_PER_CLASS ([CLASS_ID], [ALIGNMENT_ID]) VALUES (512, 258);
INSERT INTO MORAL_ALIGNMENT_PER_CLASS ([CLASS_ID], [ALIGNMENT_ID]) VALUES (512, 260);
INSERT INTO MORAL_ALIGNMENT_PER_CLASS ([CLASS_ID], [ALIGNMENT_ID]) VALUES (512, 513);
INSERT INTO MORAL_ALIGNMENT_PER_CLASS ([CLASS_ID], [ALIGNMENT_ID]) VALUES (512, 514);
INSERT INTO MORAL_ALIGNMENT_PER_CLASS ([CLASS_ID], [ALIGNMENT_ID]) VALUES (512, 516);
INSERT INTO MORAL_ALIGNMENT_PER_CLASS ([CLASS_ID], [ALIGNMENT_ID]) VALUES (512, 1025);
INSERT INTO MORAL_ALIGNMENT_PER_CLASS ([CLASS_ID], [ALIGNMENT_ID]) VALUES (512, 1026);
INSERT INTO MORAL_ALIGNMENT_PER_CLASS ([CLASS_ID], [ALIGNMENT_ID]) VALUES (512, 1028);

--Necromancer
INSERT INTO MORAL_ALIGNMENT_PER_CLASS ([CLASS_ID], [ALIGNMENT_ID]) VALUES (1024, 257);
INSERT INTO MORAL_ALIGNMENT_PER_CLASS ([CLASS_ID], [ALIGNMENT_ID]) VALUES (1024, 258);
INSERT INTO MORAL_ALIGNMENT_PER_CLASS ([CLASS_ID], [ALIGNMENT_ID]) VALUES (1024, 260);
INSERT INTO MORAL_ALIGNMENT_PER_CLASS ([CLASS_ID], [ALIGNMENT_ID]) VALUES (1024, 513);
INSERT INTO MORAL_ALIGNMENT_PER_CLASS ([CLASS_ID], [ALIGNMENT_ID]) VALUES (1024, 514);
INSERT INTO MORAL_ALIGNMENT_PER_CLASS ([CLASS_ID], [ALIGNMENT_ID]) VALUES (1024, 516);
INSERT INTO MORAL_ALIGNMENT_PER_CLASS ([CLASS_ID], [ALIGNMENT_ID]) VALUES (1024, 1025);
INSERT INTO MORAL_ALIGNMENT_PER_CLASS ([CLASS_ID], [ALIGNMENT_ID]) VALUES (1024, 1026);
INSERT INTO MORAL_ALIGNMENT_PER_CLASS ([CLASS_ID], [ALIGNMENT_ID]) VALUES (1024, 1028);

--Transmuter
INSERT INTO MORAL_ALIGNMENT_PER_CLASS ([CLASS_ID], [ALIGNMENT_ID]) VALUES (2048, 257);
INSERT INTO MORAL_ALIGNMENT_PER_CLASS ([CLASS_ID], [ALIGNMENT_ID]) VALUES (2048, 258);
INSERT INTO MORAL_ALIGNMENT_PER_CLASS ([CLASS_ID], [ALIGNMENT_ID]) VALUES (2048, 260);
INSERT INTO MORAL_ALIGNMENT_PER_CLASS ([CLASS_ID], [ALIGNMENT_ID]) VALUES (2048, 513);
INSERT INTO MORAL_ALIGNMENT_PER_CLASS ([CLASS_ID], [ALIGNMENT_ID]) VALUES (2048, 514);
INSERT INTO MORAL_ALIGNMENT_PER_CLASS ([CLASS_ID], [ALIGNMENT_ID]) VALUES (2048, 516);
INSERT INTO MORAL_ALIGNMENT_PER_CLASS ([CLASS_ID], [ALIGNMENT_ID]) VALUES (2048, 1025);
INSERT INTO MORAL_ALIGNMENT_PER_CLASS ([CLASS_ID], [ALIGNMENT_ID]) VALUES (2048, 1026);
INSERT INTO MORAL_ALIGNMENT_PER_CLASS ([CLASS_ID], [ALIGNMENT_ID]) VALUES (2048, 1028);

--Cleric
INSERT INTO MORAL_ALIGNMENT_PER_CLASS ([CLASS_ID], [ALIGNMENT_ID]) VALUES (4096, 257);
INSERT INTO MORAL_ALIGNMENT_PER_CLASS ([CLASS_ID], [ALIGNMENT_ID]) VALUES (4096, 258);
INSERT INTO MORAL_ALIGNMENT_PER_CLASS ([CLASS_ID], [ALIGNMENT_ID]) VALUES (4096, 260);
INSERT INTO MORAL_ALIGNMENT_PER_CLASS ([CLASS_ID], [ALIGNMENT_ID]) VALUES (4096, 513);
INSERT INTO MORAL_ALIGNMENT_PER_CLASS ([CLASS_ID], [ALIGNMENT_ID]) VALUES (4096, 514);
INSERT INTO MORAL_ALIGNMENT_PER_CLASS ([CLASS_ID], [ALIGNMENT_ID]) VALUES (4096, 516);
INSERT INTO MORAL_ALIGNMENT_PER_CLASS ([CLASS_ID], [ALIGNMENT_ID]) VALUES (4096, 1025);
INSERT INTO MORAL_ALIGNMENT_PER_CLASS ([CLASS_ID], [ALIGNMENT_ID]) VALUES (4096, 1026);
INSERT INTO MORAL_ALIGNMENT_PER_CLASS ([CLASS_ID], [ALIGNMENT_ID]) VALUES (4096, 1028);

--Druid
INSERT INTO MORAL_ALIGNMENT_PER_CLASS ([CLASS_ID], [ALIGNMENT_ID]) VALUES (8192, 513);
INSERT INTO MORAL_ALIGNMENT_PER_CLASS ([CLASS_ID], [ALIGNMENT_ID]) VALUES (8192, 514);
INSERT INTO MORAL_ALIGNMENT_PER_CLASS ([CLASS_ID], [ALIGNMENT_ID]) VALUES (8192, 516);

--Preist of Specific Mythos
INSERT INTO MORAL_ALIGNMENT_PER_CLASS ([CLASS_ID], [ALIGNMENT_ID]) VALUES (16384, 257);
INSERT INTO MORAL_ALIGNMENT_PER_CLASS ([CLASS_ID], [ALIGNMENT_ID]) VALUES (16384, 258);
INSERT INTO MORAL_ALIGNMENT_PER_CLASS ([CLASS_ID], [ALIGNMENT_ID]) VALUES (16384, 260);
INSERT INTO MORAL_ALIGNMENT_PER_CLASS ([CLASS_ID], [ALIGNMENT_ID]) VALUES (16384, 513);
INSERT INTO MORAL_ALIGNMENT_PER_CLASS ([CLASS_ID], [ALIGNMENT_ID]) VALUES (16384, 514);
INSERT INTO MORAL_ALIGNMENT_PER_CLASS ([CLASS_ID], [ALIGNMENT_ID]) VALUES (16384, 516);
INSERT INTO MORAL_ALIGNMENT_PER_CLASS ([CLASS_ID], [ALIGNMENT_ID]) VALUES (16384, 1025);
INSERT INTO MORAL_ALIGNMENT_PER_CLASS ([CLASS_ID], [ALIGNMENT_ID]) VALUES (16384, 1026);
INSERT INTO MORAL_ALIGNMENT_PER_CLASS ([CLASS_ID], [ALIGNMENT_ID]) VALUES (16384, 1028);

--Thief 
INSERT INTO MORAL_ALIGNMENT_PER_CLASS ([CLASS_ID], [ALIGNMENT_ID]) VALUES (32768, 258);
INSERT INTO MORAL_ALIGNMENT_PER_CLASS ([CLASS_ID], [ALIGNMENT_ID]) VALUES (32768, 260);
INSERT INTO MORAL_ALIGNMENT_PER_CLASS ([CLASS_ID], [ALIGNMENT_ID]) VALUES (32768, 513);
INSERT INTO MORAL_ALIGNMENT_PER_CLASS ([CLASS_ID], [ALIGNMENT_ID]) VALUES (32768, 514);
INSERT INTO MORAL_ALIGNMENT_PER_CLASS ([CLASS_ID], [ALIGNMENT_ID]) VALUES (32768, 516);
INSERT INTO MORAL_ALIGNMENT_PER_CLASS ([CLASS_ID], [ALIGNMENT_ID]) VALUES (32768, 1025);
INSERT INTO MORAL_ALIGNMENT_PER_CLASS ([CLASS_ID], [ALIGNMENT_ID]) VALUES (32768, 1026);
INSERT INTO MORAL_ALIGNMENT_PER_CLASS ([CLASS_ID], [ALIGNMENT_ID]) VALUES (32768, 1028);

--Bard
INSERT INTO MORAL_ALIGNMENT_PER_CLASS ([CLASS_ID], [ALIGNMENT_ID]) VALUES (65536, 257);
INSERT INTO MORAL_ALIGNMENT_PER_CLASS ([CLASS_ID], [ALIGNMENT_ID]) VALUES (65536, 258);
INSERT INTO MORAL_ALIGNMENT_PER_CLASS ([CLASS_ID], [ALIGNMENT_ID]) VALUES (65536, 260);
INSERT INTO MORAL_ALIGNMENT_PER_CLASS ([CLASS_ID], [ALIGNMENT_ID]) VALUES (65536, 513);
INSERT INTO MORAL_ALIGNMENT_PER_CLASS ([CLASS_ID], [ALIGNMENT_ID]) VALUES (65536, 514);
INSERT INTO MORAL_ALIGNMENT_PER_CLASS ([CLASS_ID], [ALIGNMENT_ID]) VALUES (65536, 516);
INSERT INTO MORAL_ALIGNMENT_PER_CLASS ([CLASS_ID], [ALIGNMENT_ID]) VALUES (65536, 1025);
INSERT INTO MORAL_ALIGNMENT_PER_CLASS ([CLASS_ID], [ALIGNMENT_ID]) VALUES (65536, 1026);
INSERT INTO MORAL_ALIGNMENT_PER_CLASS ([CLASS_ID], [ALIGNMENT_ID]) VALUES (65536, 1028);

COMMIT TRANSACTION;

-------------------------------------------------------------------------------------------------------------

BEGIN TRANSACTION;

INSERT INTO PRIME_REQUISITE_BONUSES ([ABILITY_SCORE], [ADDITIONAL_LEVELS]) VALUES (1, 0);
INSERT INTO PRIME_REQUISITE_BONUSES ([ABILITY_SCORE], [ADDITIONAL_LEVELS]) VALUES (14, 1);
INSERT INTO PRIME_REQUISITE_BONUSES ([ABILITY_SCORE], [ADDITIONAL_LEVELS]) VALUES (15, 1);
INSERT INTO PRIME_REQUISITE_BONUSES ([ABILITY_SCORE], [ADDITIONAL_LEVELS]) VALUES (16, 2);
INSERT INTO PRIME_REQUISITE_BONUSES ([ABILITY_SCORE], [ADDITIONAL_LEVELS]) VALUES (17, 2);
INSERT INTO PRIME_REQUISITE_BONUSES ([ABILITY_SCORE], [ADDITIONAL_LEVELS]) VALUES (18, 3);
INSERT INTO PRIME_REQUISITE_BONUSES ([ABILITY_SCORE], [ADDITIONAL_LEVELS]) VALUES (19, 4);

COMMIT TRANSACTION;

-------------------------------------------------------------------------------------------------------------

BEGIN TRANSACTION;

INSERT INTO ENCUMBRANCE ([STRENGTH_FROM], [EXC_STRENGTH_FROM], [STRENGTH_TO], [EXC_STRENGTH_TO], [UNENCUMBERED], [LIGHT], [MODERATE], [HEAVY], [SEVERE]) VALUES (2, NULL,	2, NULL,	0.5,	1,		1.5,	2,		3);
INSERT INTO ENCUMBRANCE ([STRENGTH_FROM], [EXC_STRENGTH_FROM], [STRENGTH_TO], [EXC_STRENGTH_TO], [UNENCUMBERED], [LIGHT], [MODERATE], [HEAVY], [SEVERE]) VALUES (3, NULL,	3, NULL,	2.2,	2.5,	3,		4,		4.5);
INSERT INTO ENCUMBRANCE ([STRENGTH_FROM], [EXC_STRENGTH_FROM], [STRENGTH_TO], [EXC_STRENGTH_TO], [UNENCUMBERED], [LIGHT], [MODERATE], [HEAVY], [SEVERE]) VALUES (4, NULL,	5, NULL,	4.5,	6,		7,		8.5,	11.5);
INSERT INTO ENCUMBRANCE ([STRENGTH_FROM], [EXC_STRENGTH_FROM], [STRENGTH_TO], [EXC_STRENGTH_TO], [UNENCUMBERED], [LIGHT], [MODERATE], [HEAVY], [SEVERE]) VALUES (6, NULL,	7, NULL,	9,		13,		17,		21,		25);
INSERT INTO ENCUMBRANCE ([STRENGTH_FROM], [EXC_STRENGTH_FROM], [STRENGTH_TO], [EXC_STRENGTH_TO], [UNENCUMBERED], [LIGHT], [MODERATE], [HEAVY], [SEVERE]) VALUES (8, NULL,	9, NULL,	16,		23,		29.5,	36,		41);
INSERT INTO ENCUMBRANCE ([STRENGTH_FROM], [EXC_STRENGTH_FROM], [STRENGTH_TO], [EXC_STRENGTH_TO], [UNENCUMBERED], [LIGHT], [MODERATE], [HEAVY], [SEVERE]) VALUES (10, NULL,	11, NULL,	18,		26,		34.5,	43.5,	50);
INSERT INTO ENCUMBRANCE ([STRENGTH_FROM], [EXC_STRENGTH_FROM], [STRENGTH_TO], [EXC_STRENGTH_TO], [UNENCUMBERED], [LIGHT], [MODERATE], [HEAVY], [SEVERE]) VALUES (12, NULL,	13, NULL,	20,		31,		42,		53,		63.5);
INSERT INTO ENCUMBRANCE ([STRENGTH_FROM], [EXC_STRENGTH_FROM], [STRENGTH_TO], [EXC_STRENGTH_TO], [UNENCUMBERED], [LIGHT], [MODERATE], [HEAVY], [SEVERE]) VALUES (14, NULL,	15, NULL,	25,		38.5,	52,		66,		77);
INSERT INTO ENCUMBRANCE ([STRENGTH_FROM], [EXC_STRENGTH_FROM], [STRENGTH_TO], [EXC_STRENGTH_TO], [UNENCUMBERED], [LIGHT], [MODERATE], [HEAVY], [SEVERE]) VALUES (16, NULL,	16, NULL,	32,		45,		59,		72.5,	88.5);
INSERT INTO ENCUMBRANCE ([STRENGTH_FROM], [EXC_STRENGTH_FROM], [STRENGTH_TO], [EXC_STRENGTH_TO], [UNENCUMBERED], [LIGHT], [MODERATE], [HEAVY], [SEVERE]) VALUES (17, NULL,	17, NULL,	38.5,	55,		71,		87.5,	100);
INSERT INTO ENCUMBRANCE ([STRENGTH_FROM], [EXC_STRENGTH_FROM], [STRENGTH_TO], [EXC_STRENGTH_TO], [UNENCUMBERED], [LIGHT], [MODERATE], [HEAVY], [SEVERE]) VALUES (18, NULL,	18, NULL,	50,		67.5,	85,		103,	115.5);
INSERT INTO ENCUMBRANCE ([STRENGTH_FROM], [EXC_STRENGTH_FROM], [STRENGTH_TO], [EXC_STRENGTH_TO], [UNENCUMBERED], [LIGHT], [MODERATE], [HEAVY], [SEVERE]) VALUES (18, 1,		18, 50,		61,		79,		96.5,	114,	127);
INSERT INTO ENCUMBRANCE ([STRENGTH_FROM], [EXC_STRENGTH_FROM], [STRENGTH_TO], [EXC_STRENGTH_TO], [UNENCUMBERED], [LIGHT], [MODERATE], [HEAVY], [SEVERE]) VALUES (18, 51,	18, 75,		72.5,	90,		108,	125.5,	138);
INSERT INTO ENCUMBRANCE ([STRENGTH_FROM], [EXC_STRENGTH_FROM], [STRENGTH_TO], [EXC_STRENGTH_TO], [UNENCUMBERED], [LIGHT], [MODERATE], [HEAVY], [SEVERE]) VALUES (18, 76,	18, 90,		84,		101.5,	119,	137,	149.5);
INSERT INTO ENCUMBRANCE ([STRENGTH_FROM], [EXC_STRENGTH_FROM], [STRENGTH_TO], [EXC_STRENGTH_TO], [UNENCUMBERED], [LIGHT], [MODERATE], [HEAVY], [SEVERE]) VALUES (18, 91,	18, 99,		106.5,	124,	142,	159.5,	172);
INSERT INTO ENCUMBRANCE ([STRENGTH_FROM], [EXC_STRENGTH_FROM], [STRENGTH_TO], [EXC_STRENGTH_TO], [UNENCUMBERED], [LIGHT], [MODERATE], [HEAVY], [SEVERE]) VALUES (18, 100,	18, 100,	152,	270,	187,	205,	217.5);

COMMIT TRANSACTION;

-------------------------------------------------------------------------------------------------------------

BEGIN TRANSACTION;

INSERT INTO MODIFIED_MOVEMENT_RATES ([STRENGTH_FROM], [EXC_STRENGTH_FROM], [STRENGTH_TO], [EXC_STRENGTH_TO], [LOAD], [MOVEMENT_RATE_1], [MOVEMENT_RATE_2]) VALUES (2, NULL,	2, NULL,	0.5,	6,	12);
--INSERT INTO MODIFIED_MOVEMENT_RATES ([STRENGTH_FROM], [EXC_STRENGTH_FROM], [STRENGTH_TO], [EXC_STRENGTH_TO], [LOAD], [MOVEMENT_RATE_1], [MOVEMENT_RATE_2]) VALUES (2, NULL,	2, NULL,	LOAD,	5,	11);
INSERT INTO MODIFIED_MOVEMENT_RATES ([STRENGTH_FROM], [EXC_STRENGTH_FROM], [STRENGTH_TO], [EXC_STRENGTH_TO], [LOAD], [MOVEMENT_RATE_1], [MOVEMENT_RATE_2]) VALUES (2, NULL,	2, NULL,	1,	5,	10);
--INSERT INTO MODIFIED_MOVEMENT_RATES ([STRENGTH_FROM], [EXC_STRENGTH_FROM], [STRENGTH_TO], [EXC_STRENGTH_TO], [LOAD], [MOVEMENT_RATE_1], [MOVEMENT_RATE_2]) VALUES (2, NULL,	2, NULL,	LOAD,	4,	 9);
--INSERT INTO MODIFIED_MOVEMENT_RATES ([STRENGTH_FROM], [EXC_STRENGTH_FROM], [STRENGTH_TO], [EXC_STRENGTH_TO], [LOAD], [MOVEMENT_RATE_1], [MOVEMENT_RATE_2]) VALUES (2, NULL,	2, NULL,	LOAD,	4,	 8);
INSERT INTO MODIFIED_MOVEMENT_RATES ([STRENGTH_FROM], [EXC_STRENGTH_FROM], [STRENGTH_TO], [EXC_STRENGTH_TO], [LOAD], [MOVEMENT_RATE_1], [MOVEMENT_RATE_2]) VALUES (2, NULL,	2, NULL,	1.5,	3,	 7);
--INSERT INTO MODIFIED_MOVEMENT_RATES ([STRENGTH_FROM], [EXC_STRENGTH_FROM], [STRENGTH_TO], [EXC_STRENGTH_TO], [LOAD], [MOVEMENT_RATE_1], [MOVEMENT_RATE_2]) VALUES (2, NULL,	2, NULL,	LOAD,	3,	 6);
--INSERT INTO MODIFIED_MOVEMENT_RATES ([STRENGTH_FROM], [EXC_STRENGTH_FROM], [STRENGTH_TO], [EXC_STRENGTH_TO], [LOAD], [MOVEMENT_RATE_1], [MOVEMENT_RATE_2]) VALUES (2, NULL,	2, NULL,	LOAD,	2,	 5);
INSERT INTO MODIFIED_MOVEMENT_RATES ([STRENGTH_FROM], [EXC_STRENGTH_FROM], [STRENGTH_TO], [EXC_STRENGTH_TO], [LOAD], [MOVEMENT_RATE_1], [MOVEMENT_RATE_2]) VALUES (2, NULL,	2, NULL,	2,	2,	 4);
--INSERT INTO MODIFIED_MOVEMENT_RATES ([STRENGTH_FROM], [EXC_STRENGTH_FROM], [STRENGTH_TO], [EXC_STRENGTH_TO], [LOAD], [MOVEMENT_RATE_1], [MOVEMENT_RATE_2]) VALUES (2, NULL,	2, NULL,	LOAD,	1,	 3);
--INSERT INTO MODIFIED_MOVEMENT_RATES ([STRENGTH_FROM], [EXC_STRENGTH_FROM], [STRENGTH_TO], [EXC_STRENGTH_TO], [LOAD], [MOVEMENT_RATE_1], [MOVEMENT_RATE_2]) VALUES (2, NULL,	2, NULL,	LOAD,	1,	 2);
INSERT INTO MODIFIED_MOVEMENT_RATES ([STRENGTH_FROM], [EXC_STRENGTH_FROM], [STRENGTH_TO], [EXC_STRENGTH_TO], [LOAD], [MOVEMENT_RATE_1], [MOVEMENT_RATE_2]) VALUES (2, NULL,	2, NULL,	2.5,	1,	 1);

INSERT INTO MODIFIED_MOVEMENT_RATES ([STRENGTH_FROM], [EXC_STRENGTH_FROM], [STRENGTH_TO], [EXC_STRENGTH_TO], [LOAD], [MOVEMENT_RATE_1], [MOVEMENT_RATE_2]) VALUES (3, NULL,	3, NULL,	2.2,	6,	12);
--INSERT INTO MODIFIED_MOVEMENT_RATES ([STRENGTH_FROM], [EXC_STRENGTH_FROM], [STRENGTH_TO], [EXC_STRENGTH_TO], [LOAD], [MOVEMENT_RATE_1], [MOVEMENT_RATE_2]) VALUES (3, NULL,	3, NULL,	LOAD,	5,	11);
--INSERT INTO MODIFIED_MOVEMENT_RATES ([STRENGTH_FROM], [EXC_STRENGTH_FROM], [STRENGTH_TO], [EXC_STRENGTH_TO], [LOAD], [MOVEMENT_RATE_1], [MOVEMENT_RATE_2]) VALUES (3, NULL,	3, NULL,	LOAD,	5,	10);
--INSERT INTO MODIFIED_MOVEMENT_RATES ([STRENGTH_FROM], [EXC_STRENGTH_FROM], [STRENGTH_TO], [EXC_STRENGTH_TO], [LOAD], [MOVEMENT_RATE_1], [MOVEMENT_RATE_2]) VALUES (3, NULL,	3, NULL,	LOAD,	4,	 9);
INSERT INTO MODIFIED_MOVEMENT_RATES ([STRENGTH_FROM], [EXC_STRENGTH_FROM], [STRENGTH_TO], [EXC_STRENGTH_TO], [LOAD], [MOVEMENT_RATE_1], [MOVEMENT_RATE_2]) VALUES (3, NULL,	3, NULL,	3,		4,	 8);
--INSERT INTO MODIFIED_MOVEMENT_RATES ([STRENGTH_FROM], [EXC_STRENGTH_FROM], [STRENGTH_TO], [EXC_STRENGTH_TO], [LOAD], [MOVEMENT_RATE_1], [MOVEMENT_RATE_2]) VALUES (3, NULL,	3, NULL,	LOAD,	3,	 7);
--INSERT INTO MODIFIED_MOVEMENT_RATES ([STRENGTH_FROM], [EXC_STRENGTH_FROM], [STRENGTH_TO], [EXC_STRENGTH_TO], [LOAD], [MOVEMENT_RATE_1], [MOVEMENT_RATE_2]) VALUES (3, NULL,	3, NULL,	LOAD,	3,	 6);
INSERT INTO MODIFIED_MOVEMENT_RATES ([STRENGTH_FROM], [EXC_STRENGTH_FROM], [STRENGTH_TO], [EXC_STRENGTH_TO], [LOAD], [MOVEMENT_RATE_1], [MOVEMENT_RATE_2]) VALUES (3, NULL,	3, NULL,	3.5,	2,	 5);
--INSERT INTO MODIFIED_MOVEMENT_RATES ([STRENGTH_FROM], [EXC_STRENGTH_FROM], [STRENGTH_TO], [EXC_STRENGTH_TO], [LOAD], [MOVEMENT_RATE_1], [MOVEMENT_RATE_2]) VALUES (3, NULL,	3, NULL,	LOAD,	2,	 4);
--INSERT INTO MODIFIED_MOVEMENT_RATES ([STRENGTH_FROM], [EXC_STRENGTH_FROM], [STRENGTH_TO], [EXC_STRENGTH_TO], [LOAD], [MOVEMENT_RATE_1], [MOVEMENT_RATE_2]) VALUES (3, NULL,	3, NULL,	LOAD,	1,	 3);
--INSERT INTO MODIFIED_MOVEMENT_RATES ([STRENGTH_FROM], [EXC_STRENGTH_FROM], [STRENGTH_TO], [EXC_STRENGTH_TO], [LOAD], [MOVEMENT_RATE_1], [MOVEMENT_RATE_2]) VALUES (3, NULL,	3, NULL,	LOAD,	1,	 2);
INSERT INTO MODIFIED_MOVEMENT_RATES ([STRENGTH_FROM], [EXC_STRENGTH_FROM], [STRENGTH_TO], [EXC_STRENGTH_TO], [LOAD], [MOVEMENT_RATE_1], [MOVEMENT_RATE_2]) VALUES (3, NULL,	3, NULL,	4,		1,	 1);

INSERT INTO MODIFIED_MOVEMENT_RATES ([STRENGTH_FROM], [EXC_STRENGTH_FROM], [STRENGTH_TO], [EXC_STRENGTH_TO], [LOAD], [MOVEMENT_RATE_1], [MOVEMENT_RATE_2]) VALUES (4, NULL,	5, NULL,	4.5,	6,	12);
INSERT INTO MODIFIED_MOVEMENT_RATES ([STRENGTH_FROM], [EXC_STRENGTH_FROM], [STRENGTH_TO], [EXC_STRENGTH_TO], [LOAD], [MOVEMENT_RATE_1], [MOVEMENT_RATE_2]) VALUES (4, NULL,	5, NULL,	5,	5,	11);
INSERT INTO MODIFIED_MOVEMENT_RATES ([STRENGTH_FROM], [EXC_STRENGTH_FROM], [STRENGTH_TO], [EXC_STRENGTH_TO], [LOAD], [MOVEMENT_RATE_1], [MOVEMENT_RATE_2]) VALUES (4, NULL,	5, NULL,	5.5,	5,	10);
INSERT INTO MODIFIED_MOVEMENT_RATES ([STRENGTH_FROM], [EXC_STRENGTH_FROM], [STRENGTH_TO], [EXC_STRENGTH_TO], [LOAD], [MOVEMENT_RATE_1], [MOVEMENT_RATE_2]) VALUES (4, NULL,	5, NULL,	6,	4,	 9);
INSERT INTO MODIFIED_MOVEMENT_RATES ([STRENGTH_FROM], [EXC_STRENGTH_FROM], [STRENGTH_TO], [EXC_STRENGTH_TO], [LOAD], [MOVEMENT_RATE_1], [MOVEMENT_RATE_2]) VALUES (4, NULL,	5, NULL,	6.5,	4,	 8);
--INSERT INTO MODIFIED_MOVEMENT_RATES ([STRENGTH_FROM], [EXC_STRENGTH_FROM], [STRENGTH_TO], [EXC_STRENGTH_TO], [LOAD], [MOVEMENT_RATE_1], [MOVEMENT_RATE_2]) VALUES (4, NULL,	5, NULL,	LOAD,	3,	 7);
INSERT INTO MODIFIED_MOVEMENT_RATES ([STRENGTH_FROM], [EXC_STRENGTH_FROM], [STRENGTH_TO], [EXC_STRENGTH_TO], [LOAD], [MOVEMENT_RATE_1], [MOVEMENT_RATE_2]) VALUES (4, NULL,	5, NULL,	7,	3,	 6);
INSERT INTO MODIFIED_MOVEMENT_RATES ([STRENGTH_FROM], [EXC_STRENGTH_FROM], [STRENGTH_TO], [EXC_STRENGTH_TO], [LOAD], [MOVEMENT_RATE_1], [MOVEMENT_RATE_2]) VALUES (4, NULL,	5, NULL,	7.5,	2,	 5);
INSERT INTO MODIFIED_MOVEMENT_RATES ([STRENGTH_FROM], [EXC_STRENGTH_FROM], [STRENGTH_TO], [EXC_STRENGTH_TO], [LOAD], [MOVEMENT_RATE_1], [MOVEMENT_RATE_2]) VALUES (4, NULL,	5, NULL,	8,	2,	 4);
INSERT INTO MODIFIED_MOVEMENT_RATES ([STRENGTH_FROM], [EXC_STRENGTH_FROM], [STRENGTH_TO], [EXC_STRENGTH_TO], [LOAD], [MOVEMENT_RATE_1], [MOVEMENT_RATE_2]) VALUES (4, NULL,	5, NULL,	8.5,	1,	 3);
INSERT INTO MODIFIED_MOVEMENT_RATES ([STRENGTH_FROM], [EXC_STRENGTH_FROM], [STRENGTH_TO], [EXC_STRENGTH_TO], [LOAD], [MOVEMENT_RATE_1], [MOVEMENT_RATE_2]) VALUES (4, NULL,	5, NULL,	9,	1,	 2);
INSERT INTO MODIFIED_MOVEMENT_RATES ([STRENGTH_FROM], [EXC_STRENGTH_FROM], [STRENGTH_TO], [EXC_STRENGTH_TO], [LOAD], [MOVEMENT_RATE_1], [MOVEMENT_RATE_2]) VALUES (4, NULL,	5, NULL,	9.5,	1,	 1);

INSERT INTO MODIFIED_MOVEMENT_RATES ([STRENGTH_FROM], [EXC_STRENGTH_FROM], [STRENGTH_TO], [EXC_STRENGTH_TO], [LOAD], [MOVEMENT_RATE_1], [MOVEMENT_RATE_2]) VALUES (6, NULL,	7, NULL,	9,		6,	12);
INSERT INTO MODIFIED_MOVEMENT_RATES ([STRENGTH_FROM], [EXC_STRENGTH_FROM], [STRENGTH_TO], [EXC_STRENGTH_TO], [LOAD], [MOVEMENT_RATE_1], [MOVEMENT_RATE_2]) VALUES (6, NULL,	7, NULL,	10.5,	5,	11);
INSERT INTO MODIFIED_MOVEMENT_RATES ([STRENGTH_FROM], [EXC_STRENGTH_FROM], [STRENGTH_TO], [EXC_STRENGTH_TO], [LOAD], [MOVEMENT_RATE_1], [MOVEMENT_RATE_2]) VALUES (6, NULL,	7, NULL,	12,		5,	10);
INSERT INTO MODIFIED_MOVEMENT_RATES ([STRENGTH_FROM], [EXC_STRENGTH_FROM], [STRENGTH_TO], [EXC_STRENGTH_TO], [LOAD], [MOVEMENT_RATE_1], [MOVEMENT_RATE_2]) VALUES (6, NULL,	7, NULL,	13,		4,	 9);
INSERT INTO MODIFIED_MOVEMENT_RATES ([STRENGTH_FROM], [EXC_STRENGTH_FROM], [STRENGTH_TO], [EXC_STRENGTH_TO], [LOAD], [MOVEMENT_RATE_1], [MOVEMENT_RATE_2]) VALUES (6, NULL,	7, NULL,	14.5,	4,	 8);
INSERT INTO MODIFIED_MOVEMENT_RATES ([STRENGTH_FROM], [EXC_STRENGTH_FROM], [STRENGTH_TO], [EXC_STRENGTH_TO], [LOAD], [MOVEMENT_RATE_1], [MOVEMENT_RATE_2]) VALUES (6, NULL,	7, NULL,	16,		3,	 7);
INSERT INTO MODIFIED_MOVEMENT_RATES ([STRENGTH_FROM], [EXC_STRENGTH_FROM], [STRENGTH_TO], [EXC_STRENGTH_TO], [LOAD], [MOVEMENT_RATE_1], [MOVEMENT_RATE_2]) VALUES (6, NULL,	7, NULL,	17,		3,	 6);
INSERT INTO MODIFIED_MOVEMENT_RATES ([STRENGTH_FROM], [EXC_STRENGTH_FROM], [STRENGTH_TO], [EXC_STRENGTH_TO], [LOAD], [MOVEMENT_RATE_1], [MOVEMENT_RATE_2]) VALUES (6, NULL,	7, NULL,	18.5,	2,	 5);
INSERT INTO MODIFIED_MOVEMENT_RATES ([STRENGTH_FROM], [EXC_STRENGTH_FROM], [STRENGTH_TO], [EXC_STRENGTH_TO], [LOAD], [MOVEMENT_RATE_1], [MOVEMENT_RATE_2]) VALUES (6, NULL,	7, NULL,	20,		2,	 4);
INSERT INTO MODIFIED_MOVEMENT_RATES ([STRENGTH_FROM], [EXC_STRENGTH_FROM], [STRENGTH_TO], [EXC_STRENGTH_TO], [LOAD], [MOVEMENT_RATE_1], [MOVEMENT_RATE_2]) VALUES (6, NULL,	7, NULL,	21.5,	1,	 3);
INSERT INTO MODIFIED_MOVEMENT_RATES ([STRENGTH_FROM], [EXC_STRENGTH_FROM], [STRENGTH_TO], [EXC_STRENGTH_TO], [LOAD], [MOVEMENT_RATE_1], [MOVEMENT_RATE_2]) VALUES (6, NULL,	7, NULL,	22.5,	1,	 2);
INSERT INTO MODIFIED_MOVEMENT_RATES ([STRENGTH_FROM], [EXC_STRENGTH_FROM], [STRENGTH_TO], [EXC_STRENGTH_TO], [LOAD], [MOVEMENT_RATE_1], [MOVEMENT_RATE_2]) VALUES (6, NULL,	7, NULL,	24,		1,	 1);

INSERT INTO MODIFIED_MOVEMENT_RATES ([STRENGTH_FROM], [EXC_STRENGTH_FROM], [STRENGTH_TO], [EXC_STRENGTH_TO], [LOAD], [MOVEMENT_RATE_1], [MOVEMENT_RATE_2]) VALUES (8, NULL,	9, NULL,	16,	6,	12);
INSERT INTO MODIFIED_MOVEMENT_RATES ([STRENGTH_FROM], [EXC_STRENGTH_FROM], [STRENGTH_TO], [EXC_STRENGTH_TO], [LOAD], [MOVEMENT_RATE_1], [MOVEMENT_RATE_2]) VALUES (8, NULL,	9, NULL,	18,	5,	11);
INSERT INTO MODIFIED_MOVEMENT_RATES ([STRENGTH_FROM], [EXC_STRENGTH_FROM], [STRENGTH_TO], [EXC_STRENGTH_TO], [LOAD], [MOVEMENT_RATE_1], [MOVEMENT_RATE_2]) VALUES (8, NULL,	9, NULL,	20.5,	5,	10);
INSERT INTO MODIFIED_MOVEMENT_RATES ([STRENGTH_FROM], [EXC_STRENGTH_FROM], [STRENGTH_TO], [EXC_STRENGTH_TO], [LOAD], [MOVEMENT_RATE_1], [MOVEMENT_RATE_2]) VALUES (8, NULL,	9, NULL,	22.5,	4,	 9);
INSERT INTO MODIFIED_MOVEMENT_RATES ([STRENGTH_FROM], [EXC_STRENGTH_FROM], [STRENGTH_TO], [EXC_STRENGTH_TO], [LOAD], [MOVEMENT_RATE_1], [MOVEMENT_RATE_2]) VALUES (8, NULL,	9, NULL,	25,	4,	 8);
INSERT INTO MODIFIED_MOVEMENT_RATES ([STRENGTH_FROM], [EXC_STRENGTH_FROM], [STRENGTH_TO], [EXC_STRENGTH_TO], [LOAD], [MOVEMENT_RATE_1], [MOVEMENT_RATE_2]) VALUES (8, NULL,	9, NULL,	27,	3,	 7);
INSERT INTO MODIFIED_MOVEMENT_RATES ([STRENGTH_FROM], [EXC_STRENGTH_FROM], [STRENGTH_TO], [EXC_STRENGTH_TO], [LOAD], [MOVEMENT_RATE_1], [MOVEMENT_RATE_2]) VALUES (8, NULL,	9, NULL,	29.5,	3,	 6);
INSERT INTO MODIFIED_MOVEMENT_RATES ([STRENGTH_FROM], [EXC_STRENGTH_FROM], [STRENGTH_TO], [EXC_STRENGTH_TO], [LOAD], [MOVEMENT_RATE_1], [MOVEMENT_RATE_2]) VALUES (8, NULL,	9, NULL,	31.5,	2,	 5);
INSERT INTO MODIFIED_MOVEMENT_RATES ([STRENGTH_FROM], [EXC_STRENGTH_FROM], [STRENGTH_TO], [EXC_STRENGTH_TO], [LOAD], [MOVEMENT_RATE_1], [MOVEMENT_RATE_2]) VALUES (8, NULL,	9, NULL,	34,	2,	 4);
INSERT INTO MODIFIED_MOVEMENT_RATES ([STRENGTH_FROM], [EXC_STRENGTH_FROM], [STRENGTH_TO], [EXC_STRENGTH_TO], [LOAD], [MOVEMENT_RATE_1], [MOVEMENT_RATE_2]) VALUES (8, NULL,	9, NULL,	36,	1,	 3);
INSERT INTO MODIFIED_MOVEMENT_RATES ([STRENGTH_FROM], [EXC_STRENGTH_FROM], [STRENGTH_TO], [EXC_STRENGTH_TO], [LOAD], [MOVEMENT_RATE_1], [MOVEMENT_RATE_2]) VALUES (8, NULL,	9, NULL,	38.5,	1,	 2);
INSERT INTO MODIFIED_MOVEMENT_RATES ([STRENGTH_FROM], [EXC_STRENGTH_FROM], [STRENGTH_TO], [EXC_STRENGTH_TO], [LOAD], [MOVEMENT_RATE_1], [MOVEMENT_RATE_2]) VALUES (8, NULL,	9, NULL,	40.5,	1,	 1);

INSERT INTO MODIFIED_MOVEMENT_RATES ([STRENGTH_FROM], [EXC_STRENGTH_FROM], [STRENGTH_TO], [EXC_STRENGTH_TO], [LOAD], [MOVEMENT_RATE_1], [MOVEMENT_RATE_2]) VALUES (10, NULL,	11, NULL,	18,		6,	12);
INSERT INTO MODIFIED_MOVEMENT_RATES ([STRENGTH_FROM], [EXC_STRENGTH_FROM], [STRENGTH_TO], [EXC_STRENGTH_TO], [LOAD], [MOVEMENT_RATE_1], [MOVEMENT_RATE_2]) VALUES (10, NULL,	11, NULL,	21,		5,	11);
INSERT INTO MODIFIED_MOVEMENT_RATES ([STRENGTH_FROM], [EXC_STRENGTH_FROM], [STRENGTH_TO], [EXC_STRENGTH_TO], [LOAD], [MOVEMENT_RATE_1], [MOVEMENT_RATE_2]) VALUES (10, NULL,	11, NULL,	23.5,	5,	10);
INSERT INTO MODIFIED_MOVEMENT_RATES ([STRENGTH_FROM], [EXC_STRENGTH_FROM], [STRENGTH_TO], [EXC_STRENGTH_TO], [LOAD], [MOVEMENT_RATE_1], [MOVEMENT_RATE_2]) VALUES (10, NULL,	11, NULL,	26,		4,	 9);
INSERT INTO MODIFIED_MOVEMENT_RATES ([STRENGTH_FROM], [EXC_STRENGTH_FROM], [STRENGTH_TO], [EXC_STRENGTH_TO], [LOAD], [MOVEMENT_RATE_1], [MOVEMENT_RATE_2]) VALUES (10, NULL,	11, NULL,	29,		4,	 8);
INSERT INTO MODIFIED_MOVEMENT_RATES ([STRENGTH_FROM], [EXC_STRENGTH_FROM], [STRENGTH_TO], [EXC_STRENGTH_TO], [LOAD], [MOVEMENT_RATE_1], [MOVEMENT_RATE_2]) VALUES (10, NULL,	11, NULL,	32,		3,	 7);
INSERT INTO MODIFIED_MOVEMENT_RATES ([STRENGTH_FROM], [EXC_STRENGTH_FROM], [STRENGTH_TO], [EXC_STRENGTH_TO], [LOAD], [MOVEMENT_RATE_1], [MOVEMENT_RATE_2]) VALUES (10, NULL,	11, NULL,	34.5,	3,	 6);
INSERT INTO MODIFIED_MOVEMENT_RATES ([STRENGTH_FROM], [EXC_STRENGTH_FROM], [STRENGTH_TO], [EXC_STRENGTH_TO], [LOAD], [MOVEMENT_RATE_1], [MOVEMENT_RATE_2]) VALUES (10, NULL,	11, NULL,	37,		2,	 5);
INSERT INTO MODIFIED_MOVEMENT_RATES ([STRENGTH_FROM], [EXC_STRENGTH_FROM], [STRENGTH_TO], [EXC_STRENGTH_TO], [LOAD], [MOVEMENT_RATE_1], [MOVEMENT_RATE_2]) VALUES (10, NULL,	11, NULL,	40,		2,	 4);
INSERT INTO MODIFIED_MOVEMENT_RATES ([STRENGTH_FROM], [EXC_STRENGTH_FROM], [STRENGTH_TO], [EXC_STRENGTH_TO], [LOAD], [MOVEMENT_RATE_1], [MOVEMENT_RATE_2]) VALUES (10, NULL,	11, NULL,	42.5,	1,	 3);
INSERT INTO MODIFIED_MOVEMENT_RATES ([STRENGTH_FROM], [EXC_STRENGTH_FROM], [STRENGTH_TO], [EXC_STRENGTH_TO], [LOAD], [MOVEMENT_RATE_1], [MOVEMENT_RATE_2]) VALUES (10, NULL,	11, NULL,	45.5,	1,	 2);
INSERT INTO MODIFIED_MOVEMENT_RATES ([STRENGTH_FROM], [EXC_STRENGTH_FROM], [STRENGTH_TO], [EXC_STRENGTH_TO], [LOAD], [MOVEMENT_RATE_1], [MOVEMENT_RATE_2]) VALUES (10, NULL,	11, NULL,	48,		1,	 1);

INSERT INTO MODIFIED_MOVEMENT_RATES ([STRENGTH_FROM], [EXC_STRENGTH_FROM], [STRENGTH_TO], [EXC_STRENGTH_TO], [LOAD], [MOVEMENT_RATE_1], [MOVEMENT_RATE_2]) VALUES (12, NULL,	13, NULL,	20.5,	6,	12);
INSERT INTO MODIFIED_MOVEMENT_RATES ([STRENGTH_FROM], [EXC_STRENGTH_FROM], [STRENGTH_TO], [EXC_STRENGTH_TO], [LOAD], [MOVEMENT_RATE_1], [MOVEMENT_RATE_2]) VALUES (12, NULL,	13, NULL,	24,		5,	11);
INSERT INTO MODIFIED_MOVEMENT_RATES ([STRENGTH_FROM], [EXC_STRENGTH_FROM], [STRENGTH_TO], [EXC_STRENGTH_TO], [LOAD], [MOVEMENT_RATE_1], [MOVEMENT_RATE_2]) VALUES (12, NULL,	13, NULL,	27.5,	5,	10);
INSERT INTO MODIFIED_MOVEMENT_RATES ([STRENGTH_FROM], [EXC_STRENGTH_FROM], [STRENGTH_TO], [EXC_STRENGTH_TO], [LOAD], [MOVEMENT_RATE_1], [MOVEMENT_RATE_2]) VALUES (12, NULL,	13, NULL,	31,		4,	 9);
INSERT INTO MODIFIED_MOVEMENT_RATES ([STRENGTH_FROM], [EXC_STRENGTH_FROM], [STRENGTH_TO], [EXC_STRENGTH_TO], [LOAD], [MOVEMENT_RATE_1], [MOVEMENT_RATE_2]) VALUES (12, NULL,	13, NULL,	35,		4,	 8);
INSERT INTO MODIFIED_MOVEMENT_RATES ([STRENGTH_FROM], [EXC_STRENGTH_FROM], [STRENGTH_TO], [EXC_STRENGTH_TO], [LOAD], [MOVEMENT_RATE_1], [MOVEMENT_RATE_2]) VALUES (12, NULL,	13, NULL,	38.5,	3,	 7);
INSERT INTO MODIFIED_MOVEMENT_RATES ([STRENGTH_FROM], [EXC_STRENGTH_FROM], [STRENGTH_TO], [EXC_STRENGTH_TO], [LOAD], [MOVEMENT_RATE_1], [MOVEMENT_RATE_2]) VALUES (12, NULL,	13, NULL,	42,		3,	 6);
INSERT INTO MODIFIED_MOVEMENT_RATES ([STRENGTH_FROM], [EXC_STRENGTH_FROM], [STRENGTH_TO], [EXC_STRENGTH_TO], [LOAD], [MOVEMENT_RATE_1], [MOVEMENT_RATE_2]) VALUES (12, NULL,	13, NULL,	46,		2,	 5);
INSERT INTO MODIFIED_MOVEMENT_RATES ([STRENGTH_FROM], [EXC_STRENGTH_FROM], [STRENGTH_TO], [EXC_STRENGTH_TO], [LOAD], [MOVEMENT_RATE_1], [MOVEMENT_RATE_2]) VALUES (12, NULL,	13, NULL,	49.5,	2,	 4);
INSERT INTO MODIFIED_MOVEMENT_RATES ([STRENGTH_FROM], [EXC_STRENGTH_FROM], [STRENGTH_TO], [EXC_STRENGTH_TO], [LOAD], [MOVEMENT_RATE_1], [MOVEMENT_RATE_2]) VALUES (12, NULL,	13, NULL,	53,		1,	 3);
INSERT INTO MODIFIED_MOVEMENT_RATES ([STRENGTH_FROM], [EXC_STRENGTH_FROM], [STRENGTH_TO], [EXC_STRENGTH_TO], [LOAD], [MOVEMENT_RATE_1], [MOVEMENT_RATE_2]) VALUES (12, NULL,	13, NULL,	56.5,	1,	 2);
INSERT INTO MODIFIED_MOVEMENT_RATES ([STRENGTH_FROM], [EXC_STRENGTH_FROM], [STRENGTH_TO], [EXC_STRENGTH_TO], [LOAD], [MOVEMENT_RATE_1], [MOVEMENT_RATE_2]) VALUES (12, NULL,	13, NULL,	60,		1,	 1);

INSERT INTO MODIFIED_MOVEMENT_RATES ([STRENGTH_FROM], [EXC_STRENGTH_FROM], [STRENGTH_TO], [EXC_STRENGTH_TO], [LOAD], [MOVEMENT_RATE_1], [MOVEMENT_RATE_2]) VALUES (14, NULL,	15, NULL,	25,		6,	12);
INSERT INTO MODIFIED_MOVEMENT_RATES ([STRENGTH_FROM], [EXC_STRENGTH_FROM], [STRENGTH_TO], [EXC_STRENGTH_TO], [LOAD], [MOVEMENT_RATE_1], [MOVEMENT_RATE_2]) VALUES (14, NULL,	15, NULL,	29.5,	5,	11);
INSERT INTO MODIFIED_MOVEMENT_RATES ([STRENGTH_FROM], [EXC_STRENGTH_FROM], [STRENGTH_TO], [EXC_STRENGTH_TO], [LOAD], [MOVEMENT_RATE_1], [MOVEMENT_RATE_2]) VALUES (14, NULL,	15, NULL,	34,		5,	10);
INSERT INTO MODIFIED_MOVEMENT_RATES ([STRENGTH_FROM], [EXC_STRENGTH_FROM], [STRENGTH_TO], [EXC_STRENGTH_TO], [LOAD], [MOVEMENT_RATE_1], [MOVEMENT_RATE_2]) VALUES (14, NULL,	15, NULL,	38.5,	4,	 9);
INSERT INTO MODIFIED_MOVEMENT_RATES ([STRENGTH_FROM], [EXC_STRENGTH_FROM], [STRENGTH_TO], [EXC_STRENGTH_TO], [LOAD], [MOVEMENT_RATE_1], [MOVEMENT_RATE_2]) VALUES (14, NULL,	15, NULL,	43,		4,	 8);
INSERT INTO MODIFIED_MOVEMENT_RATES ([STRENGTH_FROM], [EXC_STRENGTH_FROM], [STRENGTH_TO], [EXC_STRENGTH_TO], [LOAD], [MOVEMENT_RATE_1], [MOVEMENT_RATE_2]) VALUES (14, NULL,	15, NULL,	47.5,	3,	 7);
INSERT INTO MODIFIED_MOVEMENT_RATES ([STRENGTH_FROM], [EXC_STRENGTH_FROM], [STRENGTH_TO], [EXC_STRENGTH_TO], [LOAD], [MOVEMENT_RATE_1], [MOVEMENT_RATE_2]) VALUES (14, NULL,	15, NULL,	52,		3,	 6);
INSERT INTO MODIFIED_MOVEMENT_RATES ([STRENGTH_FROM], [EXC_STRENGTH_FROM], [STRENGTH_TO], [EXC_STRENGTH_TO], [LOAD], [MOVEMENT_RATE_1], [MOVEMENT_RATE_2]) VALUES (14, NULL,	15, NULL,	56.5,	2,	 5);
INSERT INTO MODIFIED_MOVEMENT_RATES ([STRENGTH_FROM], [EXC_STRENGTH_FROM], [STRENGTH_TO], [EXC_STRENGTH_TO], [LOAD], [MOVEMENT_RATE_1], [MOVEMENT_RATE_2]) VALUES (14, NULL,	15, NULL,	61,		2,	 4);
INSERT INTO MODIFIED_MOVEMENT_RATES ([STRENGTH_FROM], [EXC_STRENGTH_FROM], [STRENGTH_TO], [EXC_STRENGTH_TO], [LOAD], [MOVEMENT_RATE_1], [MOVEMENT_RATE_2]) VALUES (14, NULL,	15, NULL,	65.5,	1,	 3);
INSERT INTO MODIFIED_MOVEMENT_RATES ([STRENGTH_FROM], [EXC_STRENGTH_FROM], [STRENGTH_TO], [EXC_STRENGTH_TO], [LOAD], [MOVEMENT_RATE_1], [MOVEMENT_RATE_2]) VALUES (14, NULL,	15, NULL,	70.5,	1,	 2);
INSERT INTO MODIFIED_MOVEMENT_RATES ([STRENGTH_FROM], [EXC_STRENGTH_FROM], [STRENGTH_TO], [EXC_STRENGTH_TO], [LOAD], [MOVEMENT_RATE_1], [MOVEMENT_RATE_2]) VALUES (14, NULL,	15, NULL,	75,		1,	 1);

INSERT INTO MODIFIED_MOVEMENT_RATES ([STRENGTH_FROM], [EXC_STRENGTH_FROM], [STRENGTH_TO], [EXC_STRENGTH_TO], [LOAD], [MOVEMENT_RATE_1], [MOVEMENT_RATE_2]) VALUES (16, NULL,	16, NULL,	32,		6,	12);
INSERT INTO MODIFIED_MOVEMENT_RATES ([STRENGTH_FROM], [EXC_STRENGTH_FROM], [STRENGTH_TO], [EXC_STRENGTH_TO], [LOAD], [MOVEMENT_RATE_1], [MOVEMENT_RATE_2]) VALUES (16, NULL,	16, NULL,	36,		5,	11);
INSERT INTO MODIFIED_MOVEMENT_RATES ([STRENGTH_FROM], [EXC_STRENGTH_FROM], [STRENGTH_TO], [EXC_STRENGTH_TO], [LOAD], [MOVEMENT_RATE_1], [MOVEMENT_RATE_2]) VALUES (16, NULL,	16, NULL,	41,		5,	10);
INSERT INTO MODIFIED_MOVEMENT_RATES ([STRENGTH_FROM], [EXC_STRENGTH_FROM], [STRENGTH_TO], [EXC_STRENGTH_TO], [LOAD], [MOVEMENT_RATE_1], [MOVEMENT_RATE_2]) VALUES (16, NULL,	16, NULL,	45.5,	4,	 9);
INSERT INTO MODIFIED_MOVEMENT_RATES ([STRENGTH_FROM], [EXC_STRENGTH_FROM], [STRENGTH_TO], [EXC_STRENGTH_TO], [LOAD], [MOVEMENT_RATE_1], [MOVEMENT_RATE_2]) VALUES (16, NULL,	16, NULL,	50,		4,	 8);
INSERT INTO MODIFIED_MOVEMENT_RATES ([STRENGTH_FROM], [EXC_STRENGTH_FROM], [STRENGTH_TO], [EXC_STRENGTH_TO], [LOAD], [MOVEMENT_RATE_1], [MOVEMENT_RATE_2]) VALUES (16, NULL,	16, NULL,	54.5,	3,	 7);
INSERT INTO MODIFIED_MOVEMENT_RATES ([STRENGTH_FROM], [EXC_STRENGTH_FROM], [STRENGTH_TO], [EXC_STRENGTH_TO], [LOAD], [MOVEMENT_RATE_1], [MOVEMENT_RATE_2]) VALUES (16, NULL,	16, NULL,	59,		3,	 6);
INSERT INTO MODIFIED_MOVEMENT_RATES ([STRENGTH_FROM], [EXC_STRENGTH_FROM], [STRENGTH_TO], [EXC_STRENGTH_TO], [LOAD], [MOVEMENT_RATE_1], [MOVEMENT_RATE_2]) VALUES (16, NULL,	16, NULL,	63.5,	2,	 5);
INSERT INTO MODIFIED_MOVEMENT_RATES ([STRENGTH_FROM], [EXC_STRENGTH_FROM], [STRENGTH_TO], [EXC_STRENGTH_TO], [LOAD], [MOVEMENT_RATE_1], [MOVEMENT_RATE_2]) VALUES (16, NULL,	16, NULL,	68,		2,	 4);
INSERT INTO MODIFIED_MOVEMENT_RATES ([STRENGTH_FROM], [EXC_STRENGTH_FROM], [STRENGTH_TO], [EXC_STRENGTH_TO], [LOAD], [MOVEMENT_RATE_1], [MOVEMENT_RATE_2]) VALUES (16, NULL,	16, NULL,	72.5,	1,	 3);
INSERT INTO MODIFIED_MOVEMENT_RATES ([STRENGTH_FROM], [EXC_STRENGTH_FROM], [STRENGTH_TO], [EXC_STRENGTH_TO], [LOAD], [MOVEMENT_RATE_1], [MOVEMENT_RATE_2]) VALUES (16, NULL,	16, NULL,	77,		1,	 2);
INSERT INTO MODIFIED_MOVEMENT_RATES ([STRENGTH_FROM], [EXC_STRENGTH_FROM], [STRENGTH_TO], [EXC_STRENGTH_TO], [LOAD], [MOVEMENT_RATE_1], [MOVEMENT_RATE_2]) VALUES (16, NULL,	16, NULL,	81.5,	1,	 1);

INSERT INTO MODIFIED_MOVEMENT_RATES ([STRENGTH_FROM], [EXC_STRENGTH_FROM], [STRENGTH_TO], [EXC_STRENGTH_TO], [LOAD], [MOVEMENT_RATE_1], [MOVEMENT_RATE_2]) VALUES (17, NULL,	17, NULL,	38.5,	6,	12);
INSERT INTO MODIFIED_MOVEMENT_RATES ([STRENGTH_FROM], [EXC_STRENGTH_FROM], [STRENGTH_TO], [EXC_STRENGTH_TO], [LOAD], [MOVEMENT_RATE_1], [MOVEMENT_RATE_2]) VALUES (17, NULL,	17, NULL,	44,		5,	11);
INSERT INTO MODIFIED_MOVEMENT_RATES ([STRENGTH_FROM], [EXC_STRENGTH_FROM], [STRENGTH_TO], [EXC_STRENGTH_TO], [LOAD], [MOVEMENT_RATE_1], [MOVEMENT_RATE_2]) VALUES (17, NULL,	17, NULL,	49.5,	5,	10);
INSERT INTO MODIFIED_MOVEMENT_RATES ([STRENGTH_FROM], [EXC_STRENGTH_FROM], [STRENGTH_TO], [EXC_STRENGTH_TO], [LOAD], [MOVEMENT_RATE_1], [MOVEMENT_RATE_2]) VALUES (17, NULL,	17, NULL,	55,		4,	 9);
INSERT INTO MODIFIED_MOVEMENT_RATES ([STRENGTH_FROM], [EXC_STRENGTH_FROM], [STRENGTH_TO], [EXC_STRENGTH_TO], [LOAD], [MOVEMENT_RATE_1], [MOVEMENT_RATE_2]) VALUES (17, NULL,	17, NULL,	60,		4,	 8);
INSERT INTO MODIFIED_MOVEMENT_RATES ([STRENGTH_FROM], [EXC_STRENGTH_FROM], [STRENGTH_TO], [EXC_STRENGTH_TO], [LOAD], [MOVEMENT_RATE_1], [MOVEMENT_RATE_2]) VALUES (17, NULL,	17, NULL,	66,		3,	 7);
INSERT INTO MODIFIED_MOVEMENT_RATES ([STRENGTH_FROM], [EXC_STRENGTH_FROM], [STRENGTH_TO], [EXC_STRENGTH_TO], [LOAD], [MOVEMENT_RATE_1], [MOVEMENT_RATE_2]) VALUES (17, NULL,	17, NULL,	71,		3,	 6);
INSERT INTO MODIFIED_MOVEMENT_RATES ([STRENGTH_FROM], [EXC_STRENGTH_FROM], [STRENGTH_TO], [EXC_STRENGTH_TO], [LOAD], [MOVEMENT_RATE_1], [MOVEMENT_RATE_2]) VALUES (17, NULL,	17, NULL,	76.5,	2,	 5);
INSERT INTO MODIFIED_MOVEMENT_RATES ([STRENGTH_FROM], [EXC_STRENGTH_FROM], [STRENGTH_TO], [EXC_STRENGTH_TO], [LOAD], [MOVEMENT_RATE_1], [MOVEMENT_RATE_2]) VALUES (17, NULL,	17, NULL,	82,		2,	 4);
INSERT INTO MODIFIED_MOVEMENT_RATES ([STRENGTH_FROM], [EXC_STRENGTH_FROM], [STRENGTH_TO], [EXC_STRENGTH_TO], [LOAD], [MOVEMENT_RATE_1], [MOVEMENT_RATE_2]) VALUES (17, NULL,	17, NULL,	87.5,	1,	 3);
INSERT INTO MODIFIED_MOVEMENT_RATES ([STRENGTH_FROM], [EXC_STRENGTH_FROM], [STRENGTH_TO], [EXC_STRENGTH_TO], [LOAD], [MOVEMENT_RATE_1], [MOVEMENT_RATE_2]) VALUES (17, NULL,	17, NULL,	93,		1,	 2);
INSERT INTO MODIFIED_MOVEMENT_RATES ([STRENGTH_FROM], [EXC_STRENGTH_FROM], [STRENGTH_TO], [EXC_STRENGTH_TO], [LOAD], [MOVEMENT_RATE_1], [MOVEMENT_RATE_2]) VALUES (17, NULL,	17, NULL,	98.5,	1,	 1);

INSERT INTO MODIFIED_MOVEMENT_RATES ([STRENGTH_FROM], [EXC_STRENGTH_FROM], [STRENGTH_TO], [EXC_STRENGTH_TO], [LOAD], [MOVEMENT_RATE_1], [MOVEMENT_RATE_2]) VALUES (18, NULL,	18, NULL,	50,		6,	12);
INSERT INTO MODIFIED_MOVEMENT_RATES ([STRENGTH_FROM], [EXC_STRENGTH_FROM], [STRENGTH_TO], [EXC_STRENGTH_TO], [LOAD], [MOVEMENT_RATE_1], [MOVEMENT_RATE_2]) VALUES (18, NULL,	18, NULL,	56,		5,	11);
INSERT INTO MODIFIED_MOVEMENT_RATES ([STRENGTH_FROM], [EXC_STRENGTH_FROM], [STRENGTH_TO], [EXC_STRENGTH_TO], [LOAD], [MOVEMENT_RATE_1], [MOVEMENT_RATE_2]) VALUES (18, NULL,	18, NULL,	61.5,	5,	10);
INSERT INTO MODIFIED_MOVEMENT_RATES ([STRENGTH_FROM], [EXC_STRENGTH_FROM], [STRENGTH_TO], [EXC_STRENGTH_TO], [LOAD], [MOVEMENT_RATE_1], [MOVEMENT_RATE_2]) VALUES (18, NULL,	18, NULL,	67.5,	4,	 9);
INSERT INTO MODIFIED_MOVEMENT_RATES ([STRENGTH_FROM], [EXC_STRENGTH_FROM], [STRENGTH_TO], [EXC_STRENGTH_TO], [LOAD], [MOVEMENT_RATE_1], [MOVEMENT_RATE_2]) VALUES (18, NULL,	18, NULL,	73.5,	4,	 8);
INSERT INTO MODIFIED_MOVEMENT_RATES ([STRENGTH_FROM], [EXC_STRENGTH_FROM], [STRENGTH_TO], [EXC_STRENGTH_TO], [LOAD], [MOVEMENT_RATE_1], [MOVEMENT_RATE_2]) VALUES (18, NULL,	18, NULL,	79,		3,	 7);
INSERT INTO MODIFIED_MOVEMENT_RATES ([STRENGTH_FROM], [EXC_STRENGTH_FROM], [STRENGTH_TO], [EXC_STRENGTH_TO], [LOAD], [MOVEMENT_RATE_1], [MOVEMENT_RATE_2]) VALUES (18, NULL,	18, NULL,	85,		3,	 6);
INSERT INTO MODIFIED_MOVEMENT_RATES ([STRENGTH_FROM], [EXC_STRENGTH_FROM], [STRENGTH_TO], [EXC_STRENGTH_TO], [LOAD], [MOVEMENT_RATE_1], [MOVEMENT_RATE_2]) VALUES (18, NULL,	18, NULL,	91,		2,	 5);
INSERT INTO MODIFIED_MOVEMENT_RATES ([STRENGTH_FROM], [EXC_STRENGTH_FROM], [STRENGTH_TO], [EXC_STRENGTH_TO], [LOAD], [MOVEMENT_RATE_1], [MOVEMENT_RATE_2]) VALUES (18, NULL,	18, NULL,	97,		2,	 4);
INSERT INTO MODIFIED_MOVEMENT_RATES ([STRENGTH_FROM], [EXC_STRENGTH_FROM], [STRENGTH_TO], [EXC_STRENGTH_TO], [LOAD], [MOVEMENT_RATE_1], [MOVEMENT_RATE_2]) VALUES (18, NULL,	18, NULL,	103,	1,	 3);
INSERT INTO MODIFIED_MOVEMENT_RATES ([STRENGTH_FROM], [EXC_STRENGTH_FROM], [STRENGTH_TO], [EXC_STRENGTH_TO], [LOAD], [MOVEMENT_RATE_1], [MOVEMENT_RATE_2]) VALUES (18, NULL,	18, NULL,	108.5,	1,	 2);
INSERT INTO MODIFIED_MOVEMENT_RATES ([STRENGTH_FROM], [EXC_STRENGTH_FROM], [STRENGTH_TO], [EXC_STRENGTH_TO], [LOAD], [MOVEMENT_RATE_1], [MOVEMENT_RATE_2]) VALUES (18, NULL,	18, NULL,	114.5,	1,	 1);

INSERT INTO MODIFIED_MOVEMENT_RATES ([STRENGTH_FROM], [EXC_STRENGTH_FROM], [STRENGTH_TO], [EXC_STRENGTH_TO], [LOAD], [MOVEMENT_RATE_1], [MOVEMENT_RATE_2]) VALUES (18, 1,		18, 50,		61,		6,	12);
INSERT INTO MODIFIED_MOVEMENT_RATES ([STRENGTH_FROM], [EXC_STRENGTH_FROM], [STRENGTH_TO], [EXC_STRENGTH_TO], [LOAD], [MOVEMENT_RATE_1], [MOVEMENT_RATE_2]) VALUES (18, 1,		18, 50,		67,		5,	11);
INSERT INTO MODIFIED_MOVEMENT_RATES ([STRENGTH_FROM], [EXC_STRENGTH_FROM], [STRENGTH_TO], [EXC_STRENGTH_TO], [LOAD], [MOVEMENT_RATE_1], [MOVEMENT_RATE_2]) VALUES (18, 1,		18, 50,		73,		5,	10);
INSERT INTO MODIFIED_MOVEMENT_RATES ([STRENGTH_FROM], [EXC_STRENGTH_FROM], [STRENGTH_TO], [EXC_STRENGTH_TO], [LOAD], [MOVEMENT_RATE_1], [MOVEMENT_RATE_2]) VALUES (18, 1,		18, 50,		79,		4,	 9);
INSERT INTO MODIFIED_MOVEMENT_RATES ([STRENGTH_FROM], [EXC_STRENGTH_FROM], [STRENGTH_TO], [EXC_STRENGTH_TO], [LOAD], [MOVEMENT_RATE_1], [MOVEMENT_RATE_2]) VALUES (18, 1,		18, 50,		85,		4,	 8);
INSERT INTO MODIFIED_MOVEMENT_RATES ([STRENGTH_FROM], [EXC_STRENGTH_FROM], [STRENGTH_TO], [EXC_STRENGTH_TO], [LOAD], [MOVEMENT_RATE_1], [MOVEMENT_RATE_2]) VALUES (18, 1,		18, 50,		90.5,	3,	 7);
INSERT INTO MODIFIED_MOVEMENT_RATES ([STRENGTH_FROM], [EXC_STRENGTH_FROM], [STRENGTH_TO], [EXC_STRENGTH_TO], [LOAD], [MOVEMENT_RATE_1], [MOVEMENT_RATE_2]) VALUES (18, 1,		18, 50,		96.5,	3,	 6);
INSERT INTO MODIFIED_MOVEMENT_RATES ([STRENGTH_FROM], [EXC_STRENGTH_FROM], [STRENGTH_TO], [EXC_STRENGTH_TO], [LOAD], [MOVEMENT_RATE_1], [MOVEMENT_RATE_2]) VALUES (18, 1,		18, 50,		102.8,	2,	 5);
INSERT INTO MODIFIED_MOVEMENT_RATES ([STRENGTH_FROM], [EXC_STRENGTH_FROM], [STRENGTH_TO], [EXC_STRENGTH_TO], [LOAD], [MOVEMENT_RATE_1], [MOVEMENT_RATE_2]) VALUES (18, 1,		18, 50,		108,	2,	 4);
INSERT INTO MODIFIED_MOVEMENT_RATES ([STRENGTH_FROM], [EXC_STRENGTH_FROM], [STRENGTH_TO], [EXC_STRENGTH_TO], [LOAD], [MOVEMENT_RATE_1], [MOVEMENT_RATE_2]) VALUES (18, 1,		18, 50,		114,	1,	 3);
INSERT INTO MODIFIED_MOVEMENT_RATES ([STRENGTH_FROM], [EXC_STRENGTH_FROM], [STRENGTH_TO], [EXC_STRENGTH_TO], [LOAD], [MOVEMENT_RATE_1], [MOVEMENT_RATE_2]) VALUES (18, 1,		18, 50,		120,	1,	 2);
INSERT INTO MODIFIED_MOVEMENT_RATES ([STRENGTH_FROM], [EXC_STRENGTH_FROM], [STRENGTH_TO], [EXC_STRENGTH_TO], [LOAD], [MOVEMENT_RATE_1], [MOVEMENT_RATE_2]) VALUES (18, 1,		18, 50,		126,	1,	 1);

INSERT INTO MODIFIED_MOVEMENT_RATES ([STRENGTH_FROM], [EXC_STRENGTH_FROM], [STRENGTH_TO], [EXC_STRENGTH_TO], [LOAD], [MOVEMENT_RATE_1], [MOVEMENT_RATE_2]) VALUES (18, 51,		18, 75,		72.5,	6,	12);
INSERT INTO MODIFIED_MOVEMENT_RATES ([STRENGTH_FROM], [EXC_STRENGTH_FROM], [STRENGTH_TO], [EXC_STRENGTH_TO], [LOAD], [MOVEMENT_RATE_1], [MOVEMENT_RATE_2]) VALUES (18, 51,		18, 75,		78.5,	5,	11);
INSERT INTO MODIFIED_MOVEMENT_RATES ([STRENGTH_FROM], [EXC_STRENGTH_FROM], [STRENGTH_TO], [EXC_STRENGTH_TO], [LOAD], [MOVEMENT_RATE_1], [MOVEMENT_RATE_2]) VALUES (18, 51,		18, 75,		84,		5,	10);
INSERT INTO MODIFIED_MOVEMENT_RATES ([STRENGTH_FROM], [EXC_STRENGTH_FROM], [STRENGTH_TO], [EXC_STRENGTH_TO], [LOAD], [MOVEMENT_RATE_1], [MOVEMENT_RATE_2]) VALUES (18, 51,		18, 75,		90,		4,	 9);
INSERT INTO MODIFIED_MOVEMENT_RATES ([STRENGTH_FROM], [EXC_STRENGTH_FROM], [STRENGTH_TO], [EXC_STRENGTH_TO], [LOAD], [MOVEMENT_RATE_1], [MOVEMENT_RATE_2]) VALUES (18, 51,		18, 75,		96,		4,	 8);
INSERT INTO MODIFIED_MOVEMENT_RATES ([STRENGTH_FROM], [EXC_STRENGTH_FROM], [STRENGTH_TO], [EXC_STRENGTH_TO], [LOAD], [MOVEMENT_RATE_1], [MOVEMENT_RATE_2]) VALUES (18, 51,		18, 75,		102,	3,	 7);
INSERT INTO MODIFIED_MOVEMENT_RATES ([STRENGTH_FROM], [EXC_STRENGTH_FROM], [STRENGTH_TO], [EXC_STRENGTH_TO], [LOAD], [MOVEMENT_RATE_1], [MOVEMENT_RATE_2]) VALUES (18, 51,		18, 75,		108,	3,	 6);
INSERT INTO MODIFIED_MOVEMENT_RATES ([STRENGTH_FROM], [EXC_STRENGTH_FROM], [STRENGTH_TO], [EXC_STRENGTH_TO], [LOAD], [MOVEMENT_RATE_1], [MOVEMENT_RATE_2]) VALUES (18, 51,		18, 75,		113.5,	2,	 5);
INSERT INTO MODIFIED_MOVEMENT_RATES ([STRENGTH_FROM], [EXC_STRENGTH_FROM], [STRENGTH_TO], [EXC_STRENGTH_TO], [LOAD], [MOVEMENT_RATE_1], [MOVEMENT_RATE_2]) VALUES (18, 51,		18, 75,		119.5,	2,	 4);
INSERT INTO MODIFIED_MOVEMENT_RATES ([STRENGTH_FROM], [EXC_STRENGTH_FROM], [STRENGTH_TO], [EXC_STRENGTH_TO], [LOAD], [MOVEMENT_RATE_1], [MOVEMENT_RATE_2]) VALUES (18, 51,		18, 75,		125.5,	1,	 3);
INSERT INTO MODIFIED_MOVEMENT_RATES ([STRENGTH_FROM], [EXC_STRENGTH_FROM], [STRENGTH_TO], [EXC_STRENGTH_TO], [LOAD], [MOVEMENT_RATE_1], [MOVEMENT_RATE_2]) VALUES (18, 51,		18, 75,		131,	1,	 2);
INSERT INTO MODIFIED_MOVEMENT_RATES ([STRENGTH_FROM], [EXC_STRENGTH_FROM], [STRENGTH_TO], [EXC_STRENGTH_TO], [LOAD], [MOVEMENT_RATE_1], [MOVEMENT_RATE_2]) VALUES (18, 51,		18, 75,		137.5,	1,	 1);

INSERT INTO MODIFIED_MOVEMENT_RATES ([STRENGTH_FROM], [EXC_STRENGTH_FROM], [STRENGTH_TO], [EXC_STRENGTH_TO], [LOAD], [MOVEMENT_RATE_1], [MOVEMENT_RATE_2]) VALUES (18, 76,		18, 90,		84,		6,	12);
INSERT INTO MODIFIED_MOVEMENT_RATES ([STRENGTH_FROM], [EXC_STRENGTH_FROM], [STRENGTH_TO], [EXC_STRENGTH_TO], [LOAD], [MOVEMENT_RATE_1], [MOVEMENT_RATE_2]) VALUES (18, 76,		18, 90,		90,		5,	11);
INSERT INTO MODIFIED_MOVEMENT_RATES ([STRENGTH_FROM], [EXC_STRENGTH_FROM], [STRENGTH_TO], [EXC_STRENGTH_TO], [LOAD], [MOVEMENT_RATE_1], [MOVEMENT_RATE_2]) VALUES (18, 76,		18, 90,		95.5,	5,	10);
INSERT INTO MODIFIED_MOVEMENT_RATES ([STRENGTH_FROM], [EXC_STRENGTH_FROM], [STRENGTH_TO], [EXC_STRENGTH_TO], [LOAD], [MOVEMENT_RATE_1], [MOVEMENT_RATE_2]) VALUES (18, 76,		18, 90,		101.5,	4,	 9);
INSERT INTO MODIFIED_MOVEMENT_RATES ([STRENGTH_FROM], [EXC_STRENGTH_FROM], [STRENGTH_TO], [EXC_STRENGTH_TO], [LOAD], [MOVEMENT_RATE_1], [MOVEMENT_RATE_2]) VALUES (18, 76,		18, 90,		107.5,	4,	 8);
INSERT INTO MODIFIED_MOVEMENT_RATES ([STRENGTH_FROM], [EXC_STRENGTH_FROM], [STRENGTH_TO], [EXC_STRENGTH_TO], [LOAD], [MOVEMENT_RATE_1], [MOVEMENT_RATE_2]) VALUES (18, 76,		18, 90,		113,	3,	 7);
INSERT INTO MODIFIED_MOVEMENT_RATES ([STRENGTH_FROM], [EXC_STRENGTH_FROM], [STRENGTH_TO], [EXC_STRENGTH_TO], [LOAD], [MOVEMENT_RATE_1], [MOVEMENT_RATE_2]) VALUES (18, 76,		18, 90,		119,	3,	 6);
INSERT INTO MODIFIED_MOVEMENT_RATES ([STRENGTH_FROM], [EXC_STRENGTH_FROM], [STRENGTH_TO], [EXC_STRENGTH_TO], [LOAD], [MOVEMENT_RATE_1], [MOVEMENT_RATE_2]) VALUES (18, 76,		18, 90,		125,	2,	 5);
INSERT INTO MODIFIED_MOVEMENT_RATES ([STRENGTH_FROM], [EXC_STRENGTH_FROM], [STRENGTH_TO], [EXC_STRENGTH_TO], [LOAD], [MOVEMENT_RATE_1], [MOVEMENT_RATE_2]) VALUES (18, 76,		18, 90,		131.5,	2,	 4);
INSERT INTO MODIFIED_MOVEMENT_RATES ([STRENGTH_FROM], [EXC_STRENGTH_FROM], [STRENGTH_TO], [EXC_STRENGTH_TO], [LOAD], [MOVEMENT_RATE_1], [MOVEMENT_RATE_2]) VALUES (18, 76,		18, 90,		137,	1,	 3);
INSERT INTO MODIFIED_MOVEMENT_RATES ([STRENGTH_FROM], [EXC_STRENGTH_FROM], [STRENGTH_TO], [EXC_STRENGTH_TO], [LOAD], [MOVEMENT_RATE_1], [MOVEMENT_RATE_2]) VALUES (18, 76,		18, 90,		142.5,	1,	 2);
INSERT INTO MODIFIED_MOVEMENT_RATES ([STRENGTH_FROM], [EXC_STRENGTH_FROM], [STRENGTH_TO], [EXC_STRENGTH_TO], [LOAD], [MOVEMENT_RATE_1], [MOVEMENT_RATE_2]) VALUES (18, 76,		18, 90,		148.5,	1,	 1);

INSERT INTO MODIFIED_MOVEMENT_RATES ([STRENGTH_FROM], [EXC_STRENGTH_FROM], [STRENGTH_TO], [EXC_STRENGTH_TO], [LOAD], [MOVEMENT_RATE_1], [MOVEMENT_RATE_2]) VALUES (18, 91,		18, 99,		106.5,	6,	12);
INSERT INTO MODIFIED_MOVEMENT_RATES ([STRENGTH_FROM], [EXC_STRENGTH_FROM], [STRENGTH_TO], [EXC_STRENGTH_TO], [LOAD], [MOVEMENT_RATE_1], [MOVEMENT_RATE_2]) VALUES (18, 91,		18, 99,		112.5,	5,	11);
INSERT INTO MODIFIED_MOVEMENT_RATES ([STRENGTH_FROM], [EXC_STRENGTH_FROM], [STRENGTH_TO], [EXC_STRENGTH_TO], [LOAD], [MOVEMENT_RATE_1], [MOVEMENT_RATE_2]) VALUES (18, 91,		18, 99,		118,	5,	10);
INSERT INTO MODIFIED_MOVEMENT_RATES ([STRENGTH_FROM], [EXC_STRENGTH_FROM], [STRENGTH_TO], [EXC_STRENGTH_TO], [LOAD], [MOVEMENT_RATE_1], [MOVEMENT_RATE_2]) VALUES (18, 91,		18, 99,		124,	4,	 9);
INSERT INTO MODIFIED_MOVEMENT_RATES ([STRENGTH_FROM], [EXC_STRENGTH_FROM], [STRENGTH_TO], [EXC_STRENGTH_TO], [LOAD], [MOVEMENT_RATE_1], [MOVEMENT_RATE_2]) VALUES (18, 91,		18, 99,		130,	4,	 8);
INSERT INTO MODIFIED_MOVEMENT_RATES ([STRENGTH_FROM], [EXC_STRENGTH_FROM], [STRENGTH_TO], [EXC_STRENGTH_TO], [LOAD], [MOVEMENT_RATE_1], [MOVEMENT_RATE_2]) VALUES (18, 91,		18, 99,		136,	3,	 7);
INSERT INTO MODIFIED_MOVEMENT_RATES ([STRENGTH_FROM], [EXC_STRENGTH_FROM], [STRENGTH_TO], [EXC_STRENGTH_TO], [LOAD], [MOVEMENT_RATE_1], [MOVEMENT_RATE_2]) VALUES (18, 91,		18, 99,		142,	3,	 6);
INSERT INTO MODIFIED_MOVEMENT_RATES ([STRENGTH_FROM], [EXC_STRENGTH_FROM], [STRENGTH_TO], [EXC_STRENGTH_TO], [LOAD], [MOVEMENT_RATE_1], [MOVEMENT_RATE_2]) VALUES (18, 91,		18, 99,		147.5,	2,	 5);
INSERT INTO MODIFIED_MOVEMENT_RATES ([STRENGTH_FROM], [EXC_STRENGTH_FROM], [STRENGTH_TO], [EXC_STRENGTH_TO], [LOAD], [MOVEMENT_RATE_1], [MOVEMENT_RATE_2]) VALUES (18, 91,		18, 99,		153.5,	2,	 4);
INSERT INTO MODIFIED_MOVEMENT_RATES ([STRENGTH_FROM], [EXC_STRENGTH_FROM], [STRENGTH_TO], [EXC_STRENGTH_TO], [LOAD], [MOVEMENT_RATE_1], [MOVEMENT_RATE_2]) VALUES (18, 91,		18, 99,		159.5,	1,	 3);
INSERT INTO MODIFIED_MOVEMENT_RATES ([STRENGTH_FROM], [EXC_STRENGTH_FROM], [STRENGTH_TO], [EXC_STRENGTH_TO], [LOAD], [MOVEMENT_RATE_1], [MOVEMENT_RATE_2]) VALUES (18, 91,		18, 99,		165.5,	1,	 2);
INSERT INTO MODIFIED_MOVEMENT_RATES ([STRENGTH_FROM], [EXC_STRENGTH_FROM], [STRENGTH_TO], [EXC_STRENGTH_TO], [LOAD], [MOVEMENT_RATE_1], [MOVEMENT_RATE_2]) VALUES (18, 91,		18, 99,		171,	1,	 1);

INSERT INTO MODIFIED_MOVEMENT_RATES ([STRENGTH_FROM], [EXC_STRENGTH_FROM], [STRENGTH_TO], [EXC_STRENGTH_TO], [LOAD], [MOVEMENT_RATE_1], [MOVEMENT_RATE_2]) VALUES (18, 100,		18, 100,	152,	6,	12);
INSERT INTO MODIFIED_MOVEMENT_RATES ([STRENGTH_FROM], [EXC_STRENGTH_FROM], [STRENGTH_TO], [EXC_STRENGTH_TO], [LOAD], [MOVEMENT_RATE_1], [MOVEMENT_RATE_2]) VALUES (18, 100,		18, 100,	158,	5,	11);
INSERT INTO MODIFIED_MOVEMENT_RATES ([STRENGTH_FROM], [EXC_STRENGTH_FROM], [STRENGTH_TO], [EXC_STRENGTH_TO], [LOAD], [MOVEMENT_RATE_1], [MOVEMENT_RATE_2]) VALUES (18, 100,		18, 100,	163.5,	5,	10);
INSERT INTO MODIFIED_MOVEMENT_RATES ([STRENGTH_FROM], [EXC_STRENGTH_FROM], [STRENGTH_TO], [EXC_STRENGTH_TO], [LOAD], [MOVEMENT_RATE_1], [MOVEMENT_RATE_2]) VALUES (18, 100,		18, 100,	169.5,	4,	 9);
INSERT INTO MODIFIED_MOVEMENT_RATES ([STRENGTH_FROM], [EXC_STRENGTH_FROM], [STRENGTH_TO], [EXC_STRENGTH_TO], [LOAD], [MOVEMENT_RATE_1], [MOVEMENT_RATE_2]) VALUES (18, 100,		18, 100,	175.5,	4,	 8);
INSERT INTO MODIFIED_MOVEMENT_RATES ([STRENGTH_FROM], [EXC_STRENGTH_FROM], [STRENGTH_TO], [EXC_STRENGTH_TO], [LOAD], [MOVEMENT_RATE_1], [MOVEMENT_RATE_2]) VALUES (18, 100,		18, 100,	181,	3,	 7);
INSERT INTO MODIFIED_MOVEMENT_RATES ([STRENGTH_FROM], [EXC_STRENGTH_FROM], [STRENGTH_TO], [EXC_STRENGTH_TO], [LOAD], [MOVEMENT_RATE_1], [MOVEMENT_RATE_2]) VALUES (18, 100,		18, 100,	187,	3,	 6);
INSERT INTO MODIFIED_MOVEMENT_RATES ([STRENGTH_FROM], [EXC_STRENGTH_FROM], [STRENGTH_TO], [EXC_STRENGTH_TO], [LOAD], [MOVEMENT_RATE_1], [MOVEMENT_RATE_2]) VALUES (18, 100,		18, 100,	193,	2,	 5);
INSERT INTO MODIFIED_MOVEMENT_RATES ([STRENGTH_FROM], [EXC_STRENGTH_FROM], [STRENGTH_TO], [EXC_STRENGTH_TO], [LOAD], [MOVEMENT_RATE_1], [MOVEMENT_RATE_2]) VALUES (18, 100,		18, 100,	199,	2,	 4);
INSERT INTO MODIFIED_MOVEMENT_RATES ([STRENGTH_FROM], [EXC_STRENGTH_FROM], [STRENGTH_TO], [EXC_STRENGTH_TO], [LOAD], [MOVEMENT_RATE_1], [MOVEMENT_RATE_2]) VALUES (18, 100,		18, 100,	205,	1,	 3);
INSERT INTO MODIFIED_MOVEMENT_RATES ([STRENGTH_FROM], [EXC_STRENGTH_FROM], [STRENGTH_TO], [EXC_STRENGTH_TO], [LOAD], [MOVEMENT_RATE_1], [MOVEMENT_RATE_2]) VALUES (18, 100,		18, 100,	210.5,	1,	 2);
INSERT INTO MODIFIED_MOVEMENT_RATES ([STRENGTH_FROM], [EXC_STRENGTH_FROM], [STRENGTH_TO], [EXC_STRENGTH_TO], [LOAD], [MOVEMENT_RATE_1], [MOVEMENT_RATE_2]) VALUES (18, 100,		18, 100,	216.5,	1,	 1);


INSERT INTO MODIFIED_MOVEMENT_RATES ([STRENGTH_FROM], [EXC_STRENGTH_FROM], [STRENGTH_TO], [EXC_STRENGTH_TO], [LOAD], [MOVEMENT_RATE_1], [MOVEMENT_RATE_2]) VALUES (19, NULL,	19, NULL,	225,	6,	 12);
INSERT INTO MODIFIED_MOVEMENT_RATES ([STRENGTH_FROM], [EXC_STRENGTH_FROM], [STRENGTH_TO], [EXC_STRENGTH_TO], [LOAD], [MOVEMENT_RATE_1], [MOVEMENT_RATE_2]) VALUES (19, NULL,	19, NULL,	231,	5,	 11);
INSERT INTO MODIFIED_MOVEMENT_RATES ([STRENGTH_FROM], [EXC_STRENGTH_FROM], [STRENGTH_TO], [EXC_STRENGTH_TO], [LOAD], [MOVEMENT_RATE_1], [MOVEMENT_RATE_2]) VALUES (19, NULL,	19, NULL,	237,	5,	 10);
INSERT INTO MODIFIED_MOVEMENT_RATES ([STRENGTH_FROM], [EXC_STRENGTH_FROM], [STRENGTH_TO], [EXC_STRENGTH_TO], [LOAD], [MOVEMENT_RATE_1], [MOVEMENT_RATE_2]) VALUES (19, NULL,	19, NULL,	243,	4,	  9);
INSERT INTO MODIFIED_MOVEMENT_RATES ([STRENGTH_FROM], [EXC_STRENGTH_FROM], [STRENGTH_TO], [EXC_STRENGTH_TO], [LOAD], [MOVEMENT_RATE_1], [MOVEMENT_RATE_2]) VALUES (19, NULL,	19, NULL,	248.5,	4,	  8);
INSERT INTO MODIFIED_MOVEMENT_RATES ([STRENGTH_FROM], [EXC_STRENGTH_FROM], [STRENGTH_TO], [EXC_STRENGTH_TO], [LOAD], [MOVEMENT_RATE_1], [MOVEMENT_RATE_2]) VALUES (19, NULL,	19, NULL,	254.5,	3,	  7);
INSERT INTO MODIFIED_MOVEMENT_RATES ([STRENGTH_FROM], [EXC_STRENGTH_FROM], [STRENGTH_TO], [EXC_STRENGTH_TO], [LOAD], [MOVEMENT_RATE_1], [MOVEMENT_RATE_2]) VALUES (19, NULL,	19, NULL,	260.5,	3,	  6);
INSERT INTO MODIFIED_MOVEMENT_RATES ([STRENGTH_FROM], [EXC_STRENGTH_FROM], [STRENGTH_TO], [EXC_STRENGTH_TO], [LOAD], [MOVEMENT_RATE_1], [MOVEMENT_RATE_2]) VALUES (19, NULL,	19, NULL,	266.5,	2,	  5);
INSERT INTO MODIFIED_MOVEMENT_RATES ([STRENGTH_FROM], [EXC_STRENGTH_FROM], [STRENGTH_TO], [EXC_STRENGTH_TO], [LOAD], [MOVEMENT_RATE_1], [MOVEMENT_RATE_2]) VALUES (19, NULL,	19, NULL,	272,	2,	  4);
INSERT INTO MODIFIED_MOVEMENT_RATES ([STRENGTH_FROM], [EXC_STRENGTH_FROM], [STRENGTH_TO], [EXC_STRENGTH_TO], [LOAD], [MOVEMENT_RATE_1], [MOVEMENT_RATE_2]) VALUES (19, NULL,	19, NULL,	278,	1,	  3);
INSERT INTO MODIFIED_MOVEMENT_RATES ([STRENGTH_FROM], [EXC_STRENGTH_FROM], [STRENGTH_TO], [EXC_STRENGTH_TO], [LOAD], [MOVEMENT_RATE_1], [MOVEMENT_RATE_2]) VALUES (19, NULL,	19, NULL,	284,	1,	  2);
INSERT INTO MODIFIED_MOVEMENT_RATES ([STRENGTH_FROM], [EXC_STRENGTH_FROM], [STRENGTH_TO], [EXC_STRENGTH_TO], [LOAD], [MOVEMENT_RATE_1], [MOVEMENT_RATE_2]) VALUES (19, NULL,	19, NULL,	290,	1,	  1);

INSERT INTO MODIFIED_MOVEMENT_RATES ([STRENGTH_FROM], [EXC_STRENGTH_FROM], [STRENGTH_TO], [EXC_STRENGTH_TO], [LOAD], [MOVEMENT_RATE_1], [MOVEMENT_RATE_2]) VALUES (20, NULL,	20, NULL,	248.5,	6,	 12);
INSERT INTO MODIFIED_MOVEMENT_RATES ([STRENGTH_FROM], [EXC_STRENGTH_FROM], [STRENGTH_TO], [EXC_STRENGTH_TO], [LOAD], [MOVEMENT_RATE_1], [MOVEMENT_RATE_2]) VALUES (20, NULL,	20, NULL,	254.5,	5,	 11);
INSERT INTO MODIFIED_MOVEMENT_RATES ([STRENGTH_FROM], [EXC_STRENGTH_FROM], [STRENGTH_TO], [EXC_STRENGTH_TO], [LOAD], [MOVEMENT_RATE_1], [MOVEMENT_RATE_2]) VALUES (20, NULL,	20, NULL,	261,	5,	 10);
INSERT INTO MODIFIED_MOVEMENT_RATES ([STRENGTH_FROM], [EXC_STRENGTH_FROM], [STRENGTH_TO], [EXC_STRENGTH_TO], [LOAD], [MOVEMENT_RATE_1], [MOVEMENT_RATE_2]) VALUES (20, NULL,	20, NULL,	267,	4,	  9);
INSERT INTO MODIFIED_MOVEMENT_RATES ([STRENGTH_FROM], [EXC_STRENGTH_FROM], [STRENGTH_TO], [EXC_STRENGTH_TO], [LOAD], [MOVEMENT_RATE_1], [MOVEMENT_RATE_2]) VALUES (20, NULL,	20, NULL,	273.5,	4,	  8);
INSERT INTO MODIFIED_MOVEMENT_RATES ([STRENGTH_FROM], [EXC_STRENGTH_FROM], [STRENGTH_TO], [EXC_STRENGTH_TO], [LOAD], [MOVEMENT_RATE_1], [MOVEMENT_RATE_2]) VALUES (20, NULL,	20, NULL,	279.5,	3,	  7);
INSERT INTO MODIFIED_MOVEMENT_RATES ([STRENGTH_FROM], [EXC_STRENGTH_FROM], [STRENGTH_TO], [EXC_STRENGTH_TO], [LOAD], [MOVEMENT_RATE_1], [MOVEMENT_RATE_2]) VALUES (20, NULL,	20, NULL,	285.5,	3,	  6);
INSERT INTO MODIFIED_MOVEMENT_RATES ([STRENGTH_FROM], [EXC_STRENGTH_FROM], [STRENGTH_TO], [EXC_STRENGTH_TO], [LOAD], [MOVEMENT_RATE_1], [MOVEMENT_RATE_2]) VALUES (20, NULL,	20, NULL,	292,	2,	  5);
INSERT INTO MODIFIED_MOVEMENT_RATES ([STRENGTH_FROM], [EXC_STRENGTH_FROM], [STRENGTH_TO], [EXC_STRENGTH_TO], [LOAD], [MOVEMENT_RATE_1], [MOVEMENT_RATE_2]) VALUES (20, NULL,	20, NULL,	298,	2,	  4);
INSERT INTO MODIFIED_MOVEMENT_RATES ([STRENGTH_FROM], [EXC_STRENGTH_FROM], [STRENGTH_TO], [EXC_STRENGTH_TO], [LOAD], [MOVEMENT_RATE_1], [MOVEMENT_RATE_2]) VALUES (20, NULL,	20, NULL,	304.5,	1,	  3);
INSERT INTO MODIFIED_MOVEMENT_RATES ([STRENGTH_FROM], [EXC_STRENGTH_FROM], [STRENGTH_TO], [EXC_STRENGTH_TO], [LOAD], [MOVEMENT_RATE_1], [MOVEMENT_RATE_2]) VALUES (20, NULL,	20, NULL,	310.5,	1,	  2);
INSERT INTO MODIFIED_MOVEMENT_RATES ([STRENGTH_FROM], [EXC_STRENGTH_FROM], [STRENGTH_TO], [EXC_STRENGTH_TO], [LOAD], [MOVEMENT_RATE_1], [MOVEMENT_RATE_2]) VALUES (20, NULL,	20, NULL,	317,	1,	  1);

INSERT INTO MODIFIED_MOVEMENT_RATES ([STRENGTH_FROM], [EXC_STRENGTH_FROM], [STRENGTH_TO], [EXC_STRENGTH_TO], [LOAD], [MOVEMENT_RATE_1], [MOVEMENT_RATE_2]) VALUES (21, NULL,	21, NULL,	294,	6,	 12);
INSERT INTO MODIFIED_MOVEMENT_RATES ([STRENGTH_FROM], [EXC_STRENGTH_FROM], [STRENGTH_TO], [EXC_STRENGTH_TO], [LOAD], [MOVEMENT_RATE_1], [MOVEMENT_RATE_2]) VALUES (21, NULL,	21, NULL,	300.5,	5,	 11);
INSERT INTO MODIFIED_MOVEMENT_RATES ([STRENGTH_FROM], [EXC_STRENGTH_FROM], [STRENGTH_TO], [EXC_STRENGTH_TO], [LOAD], [MOVEMENT_RATE_1], [MOVEMENT_RATE_2]) VALUES (21, NULL,	21, NULL,	307,	5,	 10);
INSERT INTO MODIFIED_MOVEMENT_RATES ([STRENGTH_FROM], [EXC_STRENGTH_FROM], [STRENGTH_TO], [EXC_STRENGTH_TO], [LOAD], [MOVEMENT_RATE_1], [MOVEMENT_RATE_2]) VALUES (21, NULL,	21, NULL,	314,	4,	  9);
INSERT INTO MODIFIED_MOVEMENT_RATES ([STRENGTH_FROM], [EXC_STRENGTH_FROM], [STRENGTH_TO], [EXC_STRENGTH_TO], [LOAD], [MOVEMENT_RATE_1], [MOVEMENT_RATE_2]) VALUES (21, NULL,	21, NULL,	320.5,	4,	  8);
INSERT INTO MODIFIED_MOVEMENT_RATES ([STRENGTH_FROM], [EXC_STRENGTH_FROM], [STRENGTH_TO], [EXC_STRENGTH_TO], [LOAD], [MOVEMENT_RATE_1], [MOVEMENT_RATE_2]) VALUES (21, NULL,	21, NULL,	327,	3,	  7);
INSERT INTO MODIFIED_MOVEMENT_RATES ([STRENGTH_FROM], [EXC_STRENGTH_FROM], [STRENGTH_TO], [EXC_STRENGTH_TO], [LOAD], [MOVEMENT_RATE_1], [MOVEMENT_RATE_2]) VALUES (21, NULL,	21, NULL,	333.5,	3,	  6);
INSERT INTO MODIFIED_MOVEMENT_RATES ([STRENGTH_FROM], [EXC_STRENGTH_FROM], [STRENGTH_TO], [EXC_STRENGTH_TO], [LOAD], [MOVEMENT_RATE_1], [MOVEMENT_RATE_2]) VALUES (21, NULL,	21, NULL,	340.5,	2,	  5);
INSERT INTO MODIFIED_MOVEMENT_RATES ([STRENGTH_FROM], [EXC_STRENGTH_FROM], [STRENGTH_TO], [EXC_STRENGTH_TO], [LOAD], [MOVEMENT_RATE_1], [MOVEMENT_RATE_2]) VALUES (21, NULL,	21, NULL,	347,	2,	  4);
INSERT INTO MODIFIED_MOVEMENT_RATES ([STRENGTH_FROM], [EXC_STRENGTH_FROM], [STRENGTH_TO], [EXC_STRENGTH_TO], [LOAD], [MOVEMENT_RATE_1], [MOVEMENT_RATE_2]) VALUES (21, NULL,	21, NULL,	353.5,	1,	  3);
INSERT INTO MODIFIED_MOVEMENT_RATES ([STRENGTH_FROM], [EXC_STRENGTH_FROM], [STRENGTH_TO], [EXC_STRENGTH_TO], [LOAD], [MOVEMENT_RATE_1], [MOVEMENT_RATE_2]) VALUES (21, NULL,	21, NULL,	360,	1,	  2);
INSERT INTO MODIFIED_MOVEMENT_RATES ([STRENGTH_FROM], [EXC_STRENGTH_FROM], [STRENGTH_TO], [EXC_STRENGTH_TO], [LOAD], [MOVEMENT_RATE_1], [MOVEMENT_RATE_2]) VALUES (21, NULL,	21, NULL,	367,	1,	  1);

INSERT INTO MODIFIED_MOVEMENT_RATES ([STRENGTH_FROM], [EXC_STRENGTH_FROM], [STRENGTH_TO], [EXC_STRENGTH_TO], [LOAD], [MOVEMENT_RATE_1], [MOVEMENT_RATE_2]) VALUES (22, NULL,	22, NULL,	362.5,	6,	 12);
INSERT INTO MODIFIED_MOVEMENT_RATES ([STRENGTH_FROM], [EXC_STRENGTH_FROM], [STRENGTH_TO], [EXC_STRENGTH_TO], [LOAD], [MOVEMENT_RATE_1], [MOVEMENT_RATE_2]) VALUES (22, NULL,	22, NULL,	369.5,	5,	 11);
INSERT INTO MODIFIED_MOVEMENT_RATES ([STRENGTH_FROM], [EXC_STRENGTH_FROM], [STRENGTH_TO], [EXC_STRENGTH_TO], [LOAD], [MOVEMENT_RATE_1], [MOVEMENT_RATE_2]) VALUES (22, NULL,	22, NULL,	376.5,	5,	 10);
INSERT INTO MODIFIED_MOVEMENT_RATES ([STRENGTH_FROM], [EXC_STRENGTH_FROM], [STRENGTH_TO], [EXC_STRENGTH_TO], [LOAD], [MOVEMENT_RATE_1], [MOVEMENT_RATE_2]) VALUES (22, NULL,	22, NULL,	383.5,	4,	  9);
INSERT INTO MODIFIED_MOVEMENT_RATES ([STRENGTH_FROM], [EXC_STRENGTH_FROM], [STRENGTH_TO], [EXC_STRENGTH_TO], [LOAD], [MOVEMENT_RATE_1], [MOVEMENT_RATE_2]) VALUES (22, NULL,	22, NULL,	390.5,	4,	  8);
INSERT INTO MODIFIED_MOVEMENT_RATES ([STRENGTH_FROM], [EXC_STRENGTH_FROM], [STRENGTH_TO], [EXC_STRENGTH_TO], [LOAD], [MOVEMENT_RATE_1], [MOVEMENT_RATE_2]) VALUES (22, NULL,	22, NULL,	397.5,	3,	  7);
INSERT INTO MODIFIED_MOVEMENT_RATES ([STRENGTH_FROM], [EXC_STRENGTH_FROM], [STRENGTH_TO], [EXC_STRENGTH_TO], [LOAD], [MOVEMENT_RATE_1], [MOVEMENT_RATE_2]) VALUES (22, NULL,	22, NULL,	404.5,	3,	  6);
INSERT INTO MODIFIED_MOVEMENT_RATES ([STRENGTH_FROM], [EXC_STRENGTH_FROM], [STRENGTH_TO], [EXC_STRENGTH_TO], [LOAD], [MOVEMENT_RATE_1], [MOVEMENT_RATE_2]) VALUES (22, NULL,	22, NULL,	411.5,	2,	  5);
INSERT INTO MODIFIED_MOVEMENT_RATES ([STRENGTH_FROM], [EXC_STRENGTH_FROM], [STRENGTH_TO], [EXC_STRENGTH_TO], [LOAD], [MOVEMENT_RATE_1], [MOVEMENT_RATE_2]) VALUES (22, NULL,	22, NULL,	418.5,	2,	  4);
INSERT INTO MODIFIED_MOVEMENT_RATES ([STRENGTH_FROM], [EXC_STRENGTH_FROM], [STRENGTH_TO], [EXC_STRENGTH_TO], [LOAD], [MOVEMENT_RATE_1], [MOVEMENT_RATE_2]) VALUES (22, NULL,	22, NULL,	425.5,	1,	  3);
INSERT INTO MODIFIED_MOVEMENT_RATES ([STRENGTH_FROM], [EXC_STRENGTH_FROM], [STRENGTH_TO], [EXC_STRENGTH_TO], [LOAD], [MOVEMENT_RATE_1], [MOVEMENT_RATE_2]) VALUES (22, NULL,	22, NULL,	432.5,	1,	  2);
INSERT INTO MODIFIED_MOVEMENT_RATES ([STRENGTH_FROM], [EXC_STRENGTH_FROM], [STRENGTH_TO], [EXC_STRENGTH_TO], [LOAD], [MOVEMENT_RATE_1], [MOVEMENT_RATE_2]) VALUES (22, NULL,	22, NULL,	439.5,	1,	  1);

INSERT INTO MODIFIED_MOVEMENT_RATES ([STRENGTH_FROM], [EXC_STRENGTH_FROM], [STRENGTH_TO], [EXC_STRENGTH_TO], [LOAD], [MOVEMENT_RATE_1], [MOVEMENT_RATE_2]) VALUES (23, NULL,	23, NULL,	430.5,	6,	 12);
INSERT INTO MODIFIED_MOVEMENT_RATES ([STRENGTH_FROM], [EXC_STRENGTH_FROM], [STRENGTH_TO], [EXC_STRENGTH_TO], [LOAD], [MOVEMENT_RATE_1], [MOVEMENT_RATE_2]) VALUES (23, NULL,	23, NULL,	438,	5,	 11);
INSERT INTO MODIFIED_MOVEMENT_RATES ([STRENGTH_FROM], [EXC_STRENGTH_FROM], [STRENGTH_TO], [EXC_STRENGTH_TO], [LOAD], [MOVEMENT_RATE_1], [MOVEMENT_RATE_2]) VALUES (23, NULL,	23, NULL,	445.5,	5,	 10);
INSERT INTO MODIFIED_MOVEMENT_RATES ([STRENGTH_FROM], [EXC_STRENGTH_FROM], [STRENGTH_TO], [EXC_STRENGTH_TO], [LOAD], [MOVEMENT_RATE_1], [MOVEMENT_RATE_2]) VALUES (23, NULL,	23, NULL,	453,	4,	  9);
INSERT INTO MODIFIED_MOVEMENT_RATES ([STRENGTH_FROM], [EXC_STRENGTH_FROM], [STRENGTH_TO], [EXC_STRENGTH_TO], [LOAD], [MOVEMENT_RATE_1], [MOVEMENT_RATE_2]) VALUES (23, NULL,	23, NULL,	460,	4,	  8);
INSERT INTO MODIFIED_MOVEMENT_RATES ([STRENGTH_FROM], [EXC_STRENGTH_FROM], [STRENGTH_TO], [EXC_STRENGTH_TO], [LOAD], [MOVEMENT_RATE_1], [MOVEMENT_RATE_2]) VALUES (23, NULL,	23, NULL,	467.5,	3,	  7);
INSERT INTO MODIFIED_MOVEMENT_RATES ([STRENGTH_FROM], [EXC_STRENGTH_FROM], [STRENGTH_TO], [EXC_STRENGTH_TO], [LOAD], [MOVEMENT_RATE_1], [MOVEMENT_RATE_2]) VALUES (23, NULL,	23, NULL,	475,	3,	  6);
INSERT INTO MODIFIED_MOVEMENT_RATES ([STRENGTH_FROM], [EXC_STRENGTH_FROM], [STRENGTH_TO], [EXC_STRENGTH_TO], [LOAD], [MOVEMENT_RATE_1], [MOVEMENT_RATE_2]) VALUES (23, NULL,	23, NULL,	482.5,	2,	  5);
INSERT INTO MODIFIED_MOVEMENT_RATES ([STRENGTH_FROM], [EXC_STRENGTH_FROM], [STRENGTH_TO], [EXC_STRENGTH_TO], [LOAD], [MOVEMENT_RATE_1], [MOVEMENT_RATE_2]) VALUES (23, NULL,	23, NULL,	489.5,	2,	  4);
INSERT INTO MODIFIED_MOVEMENT_RATES ([STRENGTH_FROM], [EXC_STRENGTH_FROM], [STRENGTH_TO], [EXC_STRENGTH_TO], [LOAD], [MOVEMENT_RATE_1], [MOVEMENT_RATE_2]) VALUES (23, NULL,	23, NULL,	497,	1,	  3);
INSERT INTO MODIFIED_MOVEMENT_RATES ([STRENGTH_FROM], [EXC_STRENGTH_FROM], [STRENGTH_TO], [EXC_STRENGTH_TO], [LOAD], [MOVEMENT_RATE_1], [MOVEMENT_RATE_2]) VALUES (23, NULL,	23, NULL,	504.5,	1,	  2);
INSERT INTO MODIFIED_MOVEMENT_RATES ([STRENGTH_FROM], [EXC_STRENGTH_FROM], [STRENGTH_TO], [EXC_STRENGTH_TO], [LOAD], [MOVEMENT_RATE_1], [MOVEMENT_RATE_2]) VALUES (23, NULL,	23, NULL,	512,	1,	  1);

INSERT INTO MODIFIED_MOVEMENT_RATES ([STRENGTH_FROM], [EXC_STRENGTH_FROM], [STRENGTH_TO], [EXC_STRENGTH_TO], [LOAD], [MOVEMENT_RATE_1], [MOVEMENT_RATE_2]) VALUES (24, NULL,	24, NULL,	567,	6,	 12);
INSERT INTO MODIFIED_MOVEMENT_RATES ([STRENGTH_FROM], [EXC_STRENGTH_FROM], [STRENGTH_TO], [EXC_STRENGTH_TO], [LOAD], [MOVEMENT_RATE_1], [MOVEMENT_RATE_2]) VALUES (24, NULL,	24, NULL,	575,	5,	 11);
INSERT INTO MODIFIED_MOVEMENT_RATES ([STRENGTH_FROM], [EXC_STRENGTH_FROM], [STRENGTH_TO], [EXC_STRENGTH_TO], [LOAD], [MOVEMENT_RATE_1], [MOVEMENT_RATE_2]) VALUES (24, NULL,	24, NULL,	582.5,	5,	 10);
INSERT INTO MODIFIED_MOVEMENT_RATES ([STRENGTH_FROM], [EXC_STRENGTH_FROM], [STRENGTH_TO], [EXC_STRENGTH_TO], [LOAD], [MOVEMENT_RATE_1], [MOVEMENT_RATE_2]) VALUES (24, NULL,	24, NULL,	590.5,	4,	  9);
INSERT INTO MODIFIED_MOVEMENT_RATES ([STRENGTH_FROM], [EXC_STRENGTH_FROM], [STRENGTH_TO], [EXC_STRENGTH_TO], [LOAD], [MOVEMENT_RATE_1], [MOVEMENT_RATE_2]) VALUES (24, NULL,	24, NULL,	598,	4,	  8);
INSERT INTO MODIFIED_MOVEMENT_RATES ([STRENGTH_FROM], [EXC_STRENGTH_FROM], [STRENGTH_TO], [EXC_STRENGTH_TO], [LOAD], [MOVEMENT_RATE_1], [MOVEMENT_RATE_2]) VALUES (24, NULL,	24, NULL,	606,	3,	  7);
INSERT INTO MODIFIED_MOVEMENT_RATES ([STRENGTH_FROM], [EXC_STRENGTH_FROM], [STRENGTH_TO], [EXC_STRENGTH_TO], [LOAD], [MOVEMENT_RATE_1], [MOVEMENT_RATE_2]) VALUES (24, NULL,	24, NULL,	613.5,	3,	  6);
INSERT INTO MODIFIED_MOVEMENT_RATES ([STRENGTH_FROM], [EXC_STRENGTH_FROM], [STRENGTH_TO], [EXC_STRENGTH_TO], [LOAD], [MOVEMENT_RATE_1], [MOVEMENT_RATE_2]) VALUES (24, NULL,	24, NULL,	621.5,	2,	  5);
INSERT INTO MODIFIED_MOVEMENT_RATES ([STRENGTH_FROM], [EXC_STRENGTH_FROM], [STRENGTH_TO], [EXC_STRENGTH_TO], [LOAD], [MOVEMENT_RATE_1], [MOVEMENT_RATE_2]) VALUES (24, NULL,	24, NULL,	629,	2,	  4);
INSERT INTO MODIFIED_MOVEMENT_RATES ([STRENGTH_FROM], [EXC_STRENGTH_FROM], [STRENGTH_TO], [EXC_STRENGTH_TO], [LOAD], [MOVEMENT_RATE_1], [MOVEMENT_RATE_2]) VALUES (24, NULL,	24, NULL,	637,	1,	  3);
INSERT INTO MODIFIED_MOVEMENT_RATES ([STRENGTH_FROM], [EXC_STRENGTH_FROM], [STRENGTH_TO], [EXC_STRENGTH_TO], [LOAD], [MOVEMENT_RATE_1], [MOVEMENT_RATE_2]) VALUES (24, NULL,	24, NULL,	644.5,	1,	  2);
INSERT INTO MODIFIED_MOVEMENT_RATES ([STRENGTH_FROM], [EXC_STRENGTH_FROM], [STRENGTH_TO], [EXC_STRENGTH_TO], [LOAD], [MOVEMENT_RATE_1], [MOVEMENT_RATE_2]) VALUES (24, NULL,	24, NULL,	652.5,	1,	  1);

INSERT INTO MODIFIED_MOVEMENT_RATES ([STRENGTH_FROM], [EXC_STRENGTH_FROM], [STRENGTH_TO], [EXC_STRENGTH_TO], [LOAD], [MOVEMENT_RATE_1], [MOVEMENT_RATE_2]) VALUES (25, NULL,	25, NULL,	703.5,	6,	 12);
INSERT INTO MODIFIED_MOVEMENT_RATES ([STRENGTH_FROM], [EXC_STRENGTH_FROM], [STRENGTH_TO], [EXC_STRENGTH_TO], [LOAD], [MOVEMENT_RATE_1], [MOVEMENT_RATE_2]) VALUES (25, NULL,	25, NULL,	711.5,	5,	 11);
INSERT INTO MODIFIED_MOVEMENT_RATES ([STRENGTH_FROM], [EXC_STRENGTH_FROM], [STRENGTH_TO], [EXC_STRENGTH_TO], [LOAD], [MOVEMENT_RATE_1], [MOVEMENT_RATE_2]) VALUES (25, NULL,	25, NULL,	719.5,	5,	 10);
INSERT INTO MODIFIED_MOVEMENT_RATES ([STRENGTH_FROM], [EXC_STRENGTH_FROM], [STRENGTH_TO], [EXC_STRENGTH_TO], [LOAD], [MOVEMENT_RATE_1], [MOVEMENT_RATE_2]) VALUES (25, NULL,	25, NULL,	728,	4,	  9);
INSERT INTO MODIFIED_MOVEMENT_RATES ([STRENGTH_FROM], [EXC_STRENGTH_FROM], [STRENGTH_TO], [EXC_STRENGTH_TO], [LOAD], [MOVEMENT_RATE_1], [MOVEMENT_RATE_2]) VALUES (25, NULL,	25, NULL,	736,	4,	  8);
INSERT INTO MODIFIED_MOVEMENT_RATES ([STRENGTH_FROM], [EXC_STRENGTH_FROM], [STRENGTH_TO], [EXC_STRENGTH_TO], [LOAD], [MOVEMENT_RATE_1], [MOVEMENT_RATE_2]) VALUES (25, NULL,	25, NULL,	744,	3,	  7);
INSERT INTO MODIFIED_MOVEMENT_RATES ([STRENGTH_FROM], [EXC_STRENGTH_FROM], [STRENGTH_TO], [EXC_STRENGTH_TO], [LOAD], [MOVEMENT_RATE_1], [MOVEMENT_RATE_2]) VALUES (25, NULL,	25, NULL,	752,	3,	  6);
INSERT INTO MODIFIED_MOVEMENT_RATES ([STRENGTH_FROM], [EXC_STRENGTH_FROM], [STRENGTH_TO], [EXC_STRENGTH_TO], [LOAD], [MOVEMENT_RATE_1], [MOVEMENT_RATE_2]) VALUES (25, NULL,	25, NULL,	760.5,	2,	  5);
INSERT INTO MODIFIED_MOVEMENT_RATES ([STRENGTH_FROM], [EXC_STRENGTH_FROM], [STRENGTH_TO], [EXC_STRENGTH_TO], [LOAD], [MOVEMENT_RATE_1], [MOVEMENT_RATE_2]) VALUES (25, NULL,	25, NULL,	768.5,	2,	  4);
INSERT INTO MODIFIED_MOVEMENT_RATES ([STRENGTH_FROM], [EXC_STRENGTH_FROM], [STRENGTH_TO], [EXC_STRENGTH_TO], [LOAD], [MOVEMENT_RATE_1], [MOVEMENT_RATE_2]) VALUES (25, NULL,	25, NULL,	776.5,	1,	  3);
INSERT INTO MODIFIED_MOVEMENT_RATES ([STRENGTH_FROM], [EXC_STRENGTH_FROM], [STRENGTH_TO], [EXC_STRENGTH_TO], [LOAD], [MOVEMENT_RATE_1], [MOVEMENT_RATE_2]) VALUES (25, NULL,	25, NULL,	784.5,	1,	  2);
INSERT INTO MODIFIED_MOVEMENT_RATES ([STRENGTH_FROM], [EXC_STRENGTH_FROM], [STRENGTH_TO], [EXC_STRENGTH_TO], [LOAD], [MOVEMENT_RATE_1], [MOVEMENT_RATE_2]) VALUES (25, NULL,	25, NULL,	793,	1,	  1);

COMMIT TRANSACTION;

-----------------------------------------------------------------------------------------------------------

BEGIN TRANSACTION;

INSERT INTO PLANE_RANK ([NAME]) VALUES ('Inner');
INSERT INTO PLANE_RANK ([NAME]) VALUES ('Outer');

COMMIT TRANSACTION;

-----------------------------------------------------------------------------------------------------------

BEGIN TRANSACTION;

INSERT INTO PLANE_GROUP ([NAME]) VALUES ('Material');
INSERT INTO PLANE_GROUP ([NAME]) VALUES ('Elemental');
INSERT INTO PLANE_GROUP ([NAME]) VALUES ('Para-elemental');
INSERT INTO PLANE_GROUP ([NAME]) VALUES ('Quasi-elemental positive');
INSERT INTO PLANE_GROUP ([NAME]) VALUES ('Quasi-elemental negative');
INSERT INTO PLANE_GROUP ([NAME]) VALUES ('Energy');

COMMIT TRANSACTION;

-----------------------------------------------------------------------------------------------------------

BEGIN TRANSACTION;

INSERT INTO PLANE_NATURE ([NAME]) VALUES ('Plane');
INSERT INTO PLANE_NATURE ([NAME]) VALUES ('Demi-plane');

COMMIT TRANSACTION;

-----------------------------------------------------------------------------------------------------------

BEGIN TRANSACTION;

INSERT INTO PLANE_OF_EXISTENCE ([ID], [NAME], [DESCRIPTION], [RANK], [GROUP], [NATURE]) VALUES (0, 'Prime Material', '',	0, 0, 0);
INSERT INTO PLANE_OF_EXISTENCE ([ID], [NAME], [DESCRIPTION], [RANK], [GROUP], [NATURE]) VALUES (1, 'Fire', '',	0, 1, 0);
INSERT INTO PLANE_OF_EXISTENCE ([ID], [NAME], [DESCRIPTION], [RANK], [GROUP], [NATURE]) VALUES (2, 'Earth', '',	0, 1, 0);
INSERT INTO PLANE_OF_EXISTENCE ([ID], [NAME], [DESCRIPTION], [RANK], [GROUP], [NATURE]) VALUES (3, 'Air', '',		0, 1, 0);
INSERT INTO PLANE_OF_EXISTENCE ([ID], [NAME], [DESCRIPTION], [RANK], [GROUP], [NATURE]) VALUES (4, 'Water', '',	0, 1, 0);
INSERT INTO PLANE_OF_EXISTENCE ([ID], [NAME], [DESCRIPTION], [RANK], [GROUP], [NATURE]) VALUES (5, 'Smoke', '',	0, 2, 0);
INSERT INTO PLANE_OF_EXISTENCE ([ID], [NAME], [DESCRIPTION], [RANK], [GROUP], [NATURE]) VALUES (6, 'Ice', '',	0, 2, 0);
INSERT INTO PLANE_OF_EXISTENCE ([ID], [NAME], [DESCRIPTION], [RANK], [GROUP], [NATURE]) VALUES (7, 'Ooze', '',		0, 2, 0);
INSERT INTO PLANE_OF_EXISTENCE ([ID], [NAME], [DESCRIPTION], [RANK], [GROUP], [NATURE]) VALUES (8, 'Magma', '',	0, 2, 0);
INSERT INTO PLANE_OF_EXISTENCE ([ID], [NAME], [DESCRIPTION], [RANK], [GROUP], [NATURE]) VALUES (9, 'Lightning', '',	0, 3, 0);
INSERT INTO PLANE_OF_EXISTENCE ([ID], [NAME], [DESCRIPTION], [RANK], [GROUP], [NATURE]) VALUES (10, 'Minerals', '',	0, 3, 0);
INSERT INTO PLANE_OF_EXISTENCE ([ID], [NAME], [DESCRIPTION], [RANK], [GROUP], [NATURE]) VALUES (11, 'Radiance', '',	0, 3, 0);
INSERT INTO PLANE_OF_EXISTENCE ([ID], [NAME], [DESCRIPTION], [RANK], [GROUP], [NATURE]) VALUES (12, 'Steam', '',	0, 3, 0);
INSERT INTO PLANE_OF_EXISTENCE ([ID], [NAME], [DESCRIPTION], [RANK], [GROUP], [NATURE]) VALUES (13, 'Vacuum', '',	0, 4, 0);
INSERT INTO PLANE_OF_EXISTENCE ([ID], [NAME], [DESCRIPTION], [RANK], [GROUP], [NATURE]) VALUES (14, 'Dust', '',	0, 4, 0);
INSERT INTO PLANE_OF_EXISTENCE ([ID], [NAME], [DESCRIPTION], [RANK], [GROUP], [NATURE]) VALUES (15, 'Ash', '',	0, 4, 0);
INSERT INTO PLANE_OF_EXISTENCE ([ID], [NAME], [DESCRIPTION], [RANK], [GROUP], [NATURE]) VALUES (16, 'Salt', '',	0, 4, 0);
INSERT INTO PLANE_OF_EXISTENCE ([ID], [NAME], [DESCRIPTION], [RANK], [GROUP], [NATURE]) VALUES (17, 'Positive energy', '',	0, 5, 0);
INSERT INTO PLANE_OF_EXISTENCE ([ID], [NAME], [DESCRIPTION], [RANK], [GROUP], [NATURE]) VALUES (18, 'Negative energy', '',	0, 5, 0);
INSERT INTO PLANE_OF_EXISTENCE ([ID], [NAME], [DESCRIPTION], [RANK], [GROUP], [NATURE]) VALUES (19, 'Ethereal', '',			0, NULL, 0);
INSERT INTO PLANE_OF_EXISTENCE ([ID], [NAME], [DESCRIPTION], [RANK], [GROUP], [NATURE]) VALUES (20, 'Astral', '',			0, NULL, 0);
INSERT INTO PLANE_OF_EXISTENCE ([ID], [NAME], [DESCRIPTION], [RANK], [GROUP], [NATURE]) VALUES (21, 'Nirvana', '',			1, NULL, 1);
INSERT INTO PLANE_OF_EXISTENCE ([ID], [NAME], [DESCRIPTION], [RANK], [GROUP], [NATURE]) VALUES (22, 'Arcadia', '',			1, NULL, 1);
INSERT INTO PLANE_OF_EXISTENCE ([ID], [NAME], [DESCRIPTION], [RANK], [GROUP], [NATURE]) VALUES (23, 'Seven Heavens', '',			1, NULL, 1);
INSERT INTO PLANE_OF_EXISTENCE ([ID], [NAME], [DESCRIPTION], [RANK], [GROUP], [NATURE]) VALUES (24, 'Twin Paradises', '',			1, NULL, 1);
INSERT INTO PLANE_OF_EXISTENCE ([ID], [NAME], [DESCRIPTION], [RANK], [GROUP], [NATURE]) VALUES (25, 'Elysium', '',			1, NULL, 1);
INSERT INTO PLANE_OF_EXISTENCE ([ID], [NAME], [DESCRIPTION], [RANK], [GROUP], [NATURE]) VALUES (26, 'Happy Hunting Grouds', '',			1, NULL, 1);
INSERT INTO PLANE_OF_EXISTENCE ([ID], [NAME], [DESCRIPTION], [RANK], [GROUP], [NATURE]) VALUES (27, 'Olympus', '',			1, NULL, 1);
INSERT INTO PLANE_OF_EXISTENCE ([ID], [NAME], [DESCRIPTION], [RANK], [GROUP], [NATURE]) VALUES (28, 'Gladsheim', '',			1, NULL, 1);
INSERT INTO PLANE_OF_EXISTENCE ([ID], [NAME], [DESCRIPTION], [RANK], [GROUP], [NATURE]) VALUES (29, 'Limbo', '',			1, NULL, 1);
INSERT INTO PLANE_OF_EXISTENCE ([ID], [NAME], [DESCRIPTION], [RANK], [GROUP], [NATURE]) VALUES (30, 'Pandemonium', '',			1, NULL, 1);
INSERT INTO PLANE_OF_EXISTENCE ([ID], [NAME], [DESCRIPTION], [RANK], [GROUP], [NATURE]) VALUES (31, 'The Abyss', '',			1, NULL, 1);
INSERT INTO PLANE_OF_EXISTENCE ([ID], [NAME], [DESCRIPTION], [RANK], [GROUP], [NATURE]) VALUES (32, 'Tarterus', '',			1, NULL, 1);
INSERT INTO PLANE_OF_EXISTENCE ([ID], [NAME], [DESCRIPTION], [RANK], [GROUP], [NATURE]) VALUES (33, 'Hades', '',			1, NULL, 1);
INSERT INTO PLANE_OF_EXISTENCE ([ID], [NAME], [DESCRIPTION], [RANK], [GROUP], [NATURE]) VALUES (34, 'Gehenna', '',			1, NULL, 1);
INSERT INTO PLANE_OF_EXISTENCE ([ID], [NAME], [DESCRIPTION], [RANK], [GROUP], [NATURE]) VALUES (35, 'The Nine Hells', '',			1, NULL, 1);
INSERT INTO PLANE_OF_EXISTENCE ([ID], [NAME], [DESCRIPTION], [RANK], [GROUP], [NATURE]) VALUES (36, 'Acheron', '',			1, NULL, 1);
INSERT INTO PLANE_OF_EXISTENCE ([ID], [NAME], [DESCRIPTION], [RANK], [GROUP], [NATURE]) VALUES (37, 'Concordant Opposition', '',			1, NULL, 1);
INSERT INTO PLANE_OF_EXISTENCE ([ID], [NAME], [DESCRIPTION], [RANK], [GROUP], [NATURE]) VALUES (38, 'Arvandor', '',			1, NULL, 1);
INSERT INTO PLANE_OF_EXISTENCE ([ID], [NAME], [DESCRIPTION], [RANK], [GROUP], [NATURE]) VALUES (39, 'Beastlands', '',			1, NULL, 1);

COMMIT TRANSACTION;

-----------------------------------------------------------------------------------------------------------

BEGIN TRANSACTION;

INSERT INTO REALM ([ID], [NAME], [PLANE_ID]) VALUES (0, 'Black Bastion', 36);
INSERT INTO REALM ([ID], [NAME], [PLANE_ID]) VALUES (1, 'Morninglory', 25);
INSERT INTO REALM ([ID], [NAME], [PLANE_ID]) VALUES (2, 'Everwatch', 21);
INSERT INTO REALM ([ID], [NAME], [PLANE_ID]) VALUES (3, 'Knight''s Rest', 29);
INSERT INTO REALM ([ID], [NAME], [PLANE_ID]) VALUES (4, 'Gates of the Moon', 28);
INSERT INTO REALM ([ID], [NAME], [PLANE_ID]) VALUES (5, 'The Demonweb Pits', 31);
INSERT INTO REALM ([ID], [NAME], [PLANE_ID]) VALUES (6, 'Martyrdomain', 24);
INSERT INTO REALM ([ID], [NAME], [PLANE_ID]) VALUES (7, 'The Court, Lunia', 23);
INSERT INTO REALM ([ID], [NAME], [PLANE_ID]) VALUES (8, 'Great Mother''s Garden', 25);
INSERT INTO REALM ([ID], [NAME], [PLANE_ID]) VALUES (9, 'Dweomertor', 29);
INSERT INTO REALM ([ID], [NAME], [PLANE_ID]) VALUES (10, 'Erackinor', 23);
INSERT INTO REALM ([ID], [NAME], [PLANE_ID]) VALUES (11, 'House of Knowledge', 37);
INSERT INTO REALM ([ID], [NAME], [PLANE_ID]) VALUES (12, 'Brightwater', 27);
INSERT INTO REALM ([ID], [NAME], [PLANE_ID]) VALUES (13, 'Towers of Ruin', 30);
INSERT INTO REALM ([ID], [NAME], [PLANE_ID]) VALUES (14, 'Trueheart', 23);
INSERT INTO REALM ([ID], [NAME], [PLANE_ID]) VALUES (15, 'Shattered Castle', 30);
INSERT INTO REALM ([ID], [NAME], [PLANE_ID]) VALUES (16, 'Bone Castle', 33);
INSERT INTO REALM ([ID], [NAME], [PLANE_ID]) VALUES (17, 'The Great Funnel', 3);
INSERT INTO REALM ([ID], [NAME], [PLANE_ID]) VALUES (18, 'The Great Mountain', 2);
INSERT INTO REALM ([ID], [NAME], [PLANE_ID]) VALUES (19, 'The Crimson Pillar', 1);
INSERT INTO REALM ([ID], [NAME], [PLANE_ID]) VALUES (20, 'Sea of Timelessness', 4);
INSERT INTO REALM ([ID], [NAME], [PLANE_ID]) VALUES (21, 'Aerdrie''s floating palace', 38);
INSERT INTO REALM ([ID], [NAME], [PLANE_ID]) VALUES (22, 'Elavandor', 38);
INSERT INTO REALM ([ID], [NAME], [PLANE_ID]) VALUES (23, 'Fennimar', 29);
INSERT INTO REALM ([ID], [NAME], [PLANE_ID]) VALUES (24, 'Pale Tree', 38);
INSERT INTO REALM ([ID], [NAME], [PLANE_ID]) VALUES (25, 'The Glitterhell', 33);
INSERT INTO REALM ([ID], [NAME], [PLANE_ID]) VALUES (26, 'Bastion of Hate', 31);
INSERT INTO REALM ([ID], [NAME], [PLANE_ID]) VALUES (27, 'Mount Clangeddin', 22);
INSERT INTO REALM ([ID], [NAME], [PLANE_ID]) VALUES (28, 'Dwarvish Mountain', 37);
INSERT INTO REALM ([ID], [NAME], [PLANE_ID]) VALUES (29, 'Watchkeep', 24);
INSERT INTO REALM ([ID], [NAME], [PLANE_ID]) VALUES (30, 'Battle Garde', 30);
INSERT INTO REALM ([ID], [NAME], [PLANE_ID]) VALUES (31, 'Shaunidaur', 28);
INSERT INTO REALM ([ID], [NAME], [PLANE_ID]) VALUES (32, 'Findar Endar', 26);
INSERT INTO REALM ([ID], [NAME], [PLANE_ID]) VALUES (33, 'Cavern of Rest', 26);
INSERT INTO REALM ([ID], [NAME], [PLANE_ID]) VALUES (34, 'The Merciful Court', 26);
INSERT INTO REALM ([ID], [NAME], [PLANE_ID]) VALUES (35, 'Fleshslough', 33);
INSERT INTO REALM ([ID], [NAME], [PLANE_ID]) VALUES (36, 'Krangath', 34);
INSERT INTO REALM ([ID], [NAME], [PLANE_ID]) VALUES (37, 'Nishrek', 36);
INSERT INTO REALM ([ID], [NAME], [PLANE_ID]) VALUES (38, 'Green Fields', 23);
INSERT INTO REALM ([ID], [NAME], [PLANE_ID]) VALUES (39, 'Flowering Hill', 37);
INSERT INTO REALM ([ID], [NAME], [PLANE_ID]) VALUES (40, 'Soulearth', 25);
INSERT INTO REALM ([ID], [NAME], [PLANE_ID]) VALUES (41, 'The Golden Hills', 24);
INSERT INTO REALM ([ID], [NAME], [PLANE_ID]) VALUES (42, 'Whisperleaf', 24);
INSERT INTO REALM ([ID], [NAME], [PLANE_ID]) VALUES (43, 'The Worm Realm', 31);

COMMIT TRANSACTION;

-----------------------------------------------------------------------------------------------------------

BEGIN TRANSACTION;

INSERT INTO MISSILE_WEAPON_RANGE ([WEAPON_ID], [PROJECTILE_ID], [RATE_OF_FIRE_NUM_ATTACKS], [RATE_OF_FIRE_NUM_ROUND], [SHORT_DISTANCE_FROM], [SHORT_DISTANCE_TO], [MEDIUM_DISTANCE_FROM],	[MEDIUM_DISTANCE_TO], [LONG_DISTANCE_TO], [SHORT_DISTANCE_MODIFIER], [MEDIUM_DISTANCE_MODIFIER], [LONG_DISTANCE_MODIFIER]) VALUES (9000, NULL, 1, 3, 0, 50, NULL, 150, 210, 0, -4, -10);
INSERT INTO MISSILE_WEAPON_RANGE ([WEAPON_ID], [PROJECTILE_ID], [RATE_OF_FIRE_NUM_ATTACKS], [RATE_OF_FIRE_NUM_ROUND], [SHORT_DISTANCE_FROM], [SHORT_DISTANCE_TO], [MEDIUM_DISTANCE_FROM],	[MEDIUM_DISTANCE_TO], [LONG_DISTANCE_TO], [SHORT_DISTANCE_MODIFIER], [MEDIUM_DISTANCE_MODIFIER], [LONG_DISTANCE_MODIFIER]) VALUES (9002, NULL, 2, 1, 0, 10, NULL, 20, 30, 0, -2, -5);
INSERT INTO MISSILE_WEAPON_RANGE ([WEAPON_ID], [PROJECTILE_ID], [RATE_OF_FIRE_NUM_ATTACKS], [RATE_OF_FIRE_NUM_ROUND], [SHORT_DISTANCE_FROM], [SHORT_DISTANCE_TO], [MEDIUM_DISTANCE_FROM],	[MEDIUM_DISTANCE_TO], [LONG_DISTANCE_TO], [SHORT_DISTANCE_MODIFIER], [MEDIUM_DISTANCE_MODIFIER], [LONG_DISTANCE_MODIFIER]) VALUES (9003, 10002, 2, 1, 10, 60, NULL, 120, 210, 0, -2, -5);
INSERT INTO MISSILE_WEAPON_RANGE ([WEAPON_ID], [PROJECTILE_ID], [RATE_OF_FIRE_NUM_ATTACKS], [RATE_OF_FIRE_NUM_ROUND], [SHORT_DISTANCE_FROM], [SHORT_DISTANCE_TO], [MEDIUM_DISTANCE_FROM],	[MEDIUM_DISTANCE_TO], [LONG_DISTANCE_TO], [SHORT_DISTANCE_MODIFIER], [MEDIUM_DISTANCE_MODIFIER], [LONG_DISTANCE_MODIFIER]) VALUES (9003, 10003, 2, 1, 10, 40,NULL,  80, 170, 0, -2, -5);
INSERT INTO MISSILE_WEAPON_RANGE ([WEAPON_ID], [PROJECTILE_ID], [RATE_OF_FIRE_NUM_ATTACKS], [RATE_OF_FIRE_NUM_ROUND], [SHORT_DISTANCE_FROM], [SHORT_DISTANCE_TO], [MEDIUM_DISTANCE_FROM],	[MEDIUM_DISTANCE_TO], [LONG_DISTANCE_TO], [SHORT_DISTANCE_MODIFIER], [MEDIUM_DISTANCE_MODIFIER], [LONG_DISTANCE_MODIFIER]) VALUES (9004, 10002, 2, 1, 0, 50, NULL, 100, 180, 0, -2, -5);
INSERT INTO MISSILE_WEAPON_RANGE ([WEAPON_ID], [PROJECTILE_ID], [RATE_OF_FIRE_NUM_ATTACKS], [RATE_OF_FIRE_NUM_ROUND], [SHORT_DISTANCE_FROM], [SHORT_DISTANCE_TO], [MEDIUM_DISTANCE_FROM],	[MEDIUM_DISTANCE_TO], [LONG_DISTANCE_TO], [SHORT_DISTANCE_MODIFIER], [MEDIUM_DISTANCE_MODIFIER], [LONG_DISTANCE_MODIFIER]) VALUES (9005, 10002, 2, 1, 10, 70, NULL, 140, 210, 0, -2, -5);
INSERT INTO MISSILE_WEAPON_RANGE ([WEAPON_ID], [PROJECTILE_ID], [RATE_OF_FIRE_NUM_ATTACKS], [RATE_OF_FIRE_NUM_ROUND], [SHORT_DISTANCE_FROM], [SHORT_DISTANCE_TO], [MEDIUM_DISTANCE_FROM],	[MEDIUM_DISTANCE_TO], [LONG_DISTANCE_TO], [SHORT_DISTANCE_MODIFIER], [MEDIUM_DISTANCE_MODIFIER], [LONG_DISTANCE_MODIFIER]) VALUES (9005, 10003, 2, 1, 10, 50, NULL, 100, 170, 0, -2, -5);
INSERT INTO MISSILE_WEAPON_RANGE ([WEAPON_ID], [PROJECTILE_ID], [RATE_OF_FIRE_NUM_ATTACKS], [RATE_OF_FIRE_NUM_ROUND], [SHORT_DISTANCE_FROM], [SHORT_DISTANCE_TO], [MEDIUM_DISTANCE_FROM],	[MEDIUM_DISTANCE_TO], [LONG_DISTANCE_TO], [SHORT_DISTANCE_MODIFIER], [MEDIUM_DISTANCE_MODIFIER], [LONG_DISTANCE_MODIFIER]) VALUES (9006, 10002, 2, 1, 0, 50, NULL, 100, 150, 0, -2, -5);
INSERT INTO MISSILE_WEAPON_RANGE ([WEAPON_ID], [PROJECTILE_ID], [RATE_OF_FIRE_NUM_ATTACKS], [RATE_OF_FIRE_NUM_ROUND], [SHORT_DISTANCE_FROM], [SHORT_DISTANCE_TO], [MEDIUM_DISTANCE_FROM],	[MEDIUM_DISTANCE_TO], [LONG_DISTANCE_TO], [SHORT_DISTANCE_MODIFIER], [MEDIUM_DISTANCE_MODIFIER], [LONG_DISTANCE_MODIFIER]) VALUES (9007, NULL, 1, 1, 0, 10, NULL, 20, 30, 0, -2, -5);
INSERT INTO MISSILE_WEAPON_RANGE ([WEAPON_ID], [PROJECTILE_ID],	[RATE_OF_FIRE_NUM_ATTACKS], [RATE_OF_FIRE_NUM_ROUND], [SHORT_DISTANCE_FROM], [SHORT_DISTANCE_TO], [MEDIUM_DISTANCE_FROM],	[MEDIUM_DISTANCE_TO], [LONG_DISTANCE_TO], [SHORT_DISTANCE_MODIFIER], [MEDIUM_DISTANCE_MODIFIER], [LONG_DISTANCE_MODIFIER]) VALUES (9008, 10004, 1, 1, 20, 20, NULL, 40, 60, 0, -2, -5);
INSERT INTO MISSILE_WEAPON_RANGE ([WEAPON_ID], [PROJECTILE_ID],	[RATE_OF_FIRE_NUM_ATTACKS], [RATE_OF_FIRE_NUM_ROUND], [SHORT_DISTANCE_FROM], [SHORT_DISTANCE_TO], [MEDIUM_DISTANCE_FROM],	[MEDIUM_DISTANCE_TO], [LONG_DISTANCE_TO], [SHORT_DISTANCE_MODIFIER], [MEDIUM_DISTANCE_MODIFIER], [LONG_DISTANCE_MODIFIER]) VALUES (9009, 10005, 1, 2, 20, 80, NULL, 160, 240, 0, -2, -5);
INSERT INTO MISSILE_WEAPON_RANGE ([WEAPON_ID], [PROJECTILE_ID],	[RATE_OF_FIRE_NUM_ATTACKS], [RATE_OF_FIRE_NUM_ROUND], [SHORT_DISTANCE_FROM], [SHORT_DISTANCE_TO], [MEDIUM_DISTANCE_FROM],	[MEDIUM_DISTANCE_TO], [LONG_DISTANCE_TO], [SHORT_DISTANCE_MODIFIER], [MEDIUM_DISTANCE_MODIFIER], [LONG_DISTANCE_MODIFIER]) VALUES (9010, 10006, 1, 1, 20, 60, NULL, 120, 180, 0, -2, -5);
INSERT INTO MISSILE_WEAPON_RANGE ([WEAPON_ID], [PROJECTILE_ID], [RATE_OF_FIRE_NUM_ATTACKS], [RATE_OF_FIRE_NUM_ROUND], [SHORT_DISTANCE_FROM], [SHORT_DISTANCE_TO], [MEDIUM_DISTANCE_FROM],	[MEDIUM_DISTANCE_TO], [LONG_DISTANCE_TO], [SHORT_DISTANCE_MODIFIER], [MEDIUM_DISTANCE_MODIFIER], [LONG_DISTANCE_MODIFIER]) VALUES (9011, NULL, 2, 1, 0, 10, NULL, 20, 30, 0, -2, -5);
INSERT INTO MISSILE_WEAPON_RANGE ([WEAPON_ID], [PROJECTILE_ID], [RATE_OF_FIRE_NUM_ATTACKS], [RATE_OF_FIRE_NUM_ROUND], [SHORT_DISTANCE_FROM], [SHORT_DISTANCE_TO], [MEDIUM_DISTANCE_FROM],	[MEDIUM_DISTANCE_TO], [LONG_DISTANCE_TO], [SHORT_DISTANCE_MODIFIER], [MEDIUM_DISTANCE_MODIFIER], [LONG_DISTANCE_MODIFIER]) VALUES (9013, NULL, 3, 1, 0, 10, NULL, 20, 40, 0, -2, -5);
INSERT INTO MISSILE_WEAPON_RANGE ([WEAPON_ID], [PROJECTILE_ID], [RATE_OF_FIRE_NUM_ATTACKS], [RATE_OF_FIRE_NUM_ROUND], [SHORT_DISTANCE_FROM], [SHORT_DISTANCE_TO], [MEDIUM_DISTANCE_FROM],	[MEDIUM_DISTANCE_TO], [LONG_DISTANCE_TO], [SHORT_DISTANCE_MODIFIER], [MEDIUM_DISTANCE_MODIFIER], [LONG_DISTANCE_MODIFIER]) VALUES (9063, NULL, 1, 1, 0, 10, NULL, 20, 30, 0, -2, -5);
INSERT INTO MISSILE_WEAPON_RANGE ([WEAPON_ID], [PROJECTILE_ID], [RATE_OF_FIRE_NUM_ATTACKS], [RATE_OF_FIRE_NUM_ROUND], [SHORT_DISTANCE_FROM], [SHORT_DISTANCE_TO], [MEDIUM_DISTANCE_FROM],	[MEDIUM_DISTANCE_TO], [LONG_DISTANCE_TO], [SHORT_DISTANCE_MODIFIER], [MEDIUM_DISTANCE_MODIFIER], [LONG_DISTANCE_MODIFIER]) VALUES (9017, NULL, 1, 1, 0, 10, NULL, 20, 30, 0, -2, -5);
INSERT INTO MISSILE_WEAPON_RANGE ([WEAPON_ID], [PROJECTILE_ID], [RATE_OF_FIRE_NUM_ATTACKS], [RATE_OF_FIRE_NUM_ROUND], [SHORT_DISTANCE_FROM], [SHORT_DISTANCE_TO], [MEDIUM_DISTANCE_FROM],	[MEDIUM_DISTANCE_TO], [LONG_DISTANCE_TO], [SHORT_DISTANCE_MODIFIER], [MEDIUM_DISTANCE_MODIFIER], [LONG_DISTANCE_MODIFIER]) VALUES (9019, NULL, 1, 1, 0, 10, NULL, 20, 30, 0, -2, -5);
INSERT INTO MISSILE_WEAPON_RANGE ([WEAPON_ID], [PROJECTILE_ID], [RATE_OF_FIRE_NUM_ATTACKS], [RATE_OF_FIRE_NUM_ROUND], [SHORT_DISTANCE_FROM], [SHORT_DISTANCE_TO], [MEDIUM_DISTANCE_FROM],	[MEDIUM_DISTANCE_TO], [LONG_DISTANCE_TO], [SHORT_DISTANCE_MODIFIER], [MEDIUM_DISTANCE_MODIFIER], [LONG_DISTANCE_MODIFIER]) VALUES (9023, NULL, 1, 1, 0, 20, NULL, 40, 60, 0, -2, -5);
INSERT INTO MISSILE_WEAPON_RANGE ([WEAPON_ID], [PROJECTILE_ID], [RATE_OF_FIRE_NUM_ATTACKS], [RATE_OF_FIRE_NUM_ROUND], [SHORT_DISTANCE_FROM], [SHORT_DISTANCE_TO], [MEDIUM_DISTANCE_FROM],	[MEDIUM_DISTANCE_TO], [LONG_DISTANCE_TO], [SHORT_DISTANCE_MODIFIER], [MEDIUM_DISTANCE_MODIFIER], [LONG_DISTANCE_MODIFIER]) VALUES (9024, NULL, 2, 1, 0, 10, NULL, 20, 30, 0, -2, -5);
INSERT INTO MISSILE_WEAPON_RANGE ([WEAPON_ID], [PROJECTILE_ID], [RATE_OF_FIRE_NUM_ATTACKS], [RATE_OF_FIRE_NUM_ROUND], [SHORT_DISTANCE_FROM], [SHORT_DISTANCE_TO], [MEDIUM_DISTANCE_FROM],	[MEDIUM_DISTANCE_TO], [LONG_DISTANCE_TO], [SHORT_DISTANCE_MODIFIER], [MEDIUM_DISTANCE_MODIFIER], [LONG_DISTANCE_MODIFIER]) VALUES (9052, 10007, 1, 1, 0, 50, NULL, 100, 200, 0, -2, -5);
INSERT INTO MISSILE_WEAPON_RANGE ([WEAPON_ID], [PROJECTILE_ID], [RATE_OF_FIRE_NUM_ATTACKS], [RATE_OF_FIRE_NUM_ROUND], [SHORT_DISTANCE_FROM], [SHORT_DISTANCE_TO], [MEDIUM_DISTANCE_FROM],	[MEDIUM_DISTANCE_TO], [LONG_DISTANCE_TO], [SHORT_DISTANCE_MODIFIER], [MEDIUM_DISTANCE_MODIFIER], [LONG_DISTANCE_MODIFIER]) VALUES (9052, 10008, 1, 1, 0, 40, NULL, 80, 160, 0, -2, -5);
INSERT INTO MISSILE_WEAPON_RANGE ([WEAPON_ID], [PROJECTILE_ID], [RATE_OF_FIRE_NUM_ATTACKS], [RATE_OF_FIRE_NUM_ROUND], [SHORT_DISTANCE_FROM], [SHORT_DISTANCE_TO], [MEDIUM_DISTANCE_FROM],	[MEDIUM_DISTANCE_TO], [LONG_DISTANCE_TO], [SHORT_DISTANCE_MODIFIER], [MEDIUM_DISTANCE_MODIFIER], [LONG_DISTANCE_MODIFIER]) VALUES (9053, NULL, 1, 1, 0, 10, NULL, 20, 30, 0, -2, -5);
INSERT INTO MISSILE_WEAPON_RANGE ([WEAPON_ID], [PROJECTILE_ID], [RATE_OF_FIRE_NUM_ATTACKS], [RATE_OF_FIRE_NUM_ROUND], [SHORT_DISTANCE_FROM], [SHORT_DISTANCE_TO], [MEDIUM_DISTANCE_FROM],	[MEDIUM_DISTANCE_TO], [LONG_DISTANCE_TO], [SHORT_DISTANCE_MODIFIER], [MEDIUM_DISTANCE_MODIFIER], [LONG_DISTANCE_MODIFIER]) VALUES (9054, 10007, 2, 1, 0, 0, 30, 60, 90, 0, -2, -5);
INSERT INTO MISSILE_WEAPON_RANGE ([WEAPON_ID], [PROJECTILE_ID], [RATE_OF_FIRE_NUM_ATTACKS], [RATE_OF_FIRE_NUM_ROUND], [SHORT_DISTANCE_FROM], [SHORT_DISTANCE_TO], [MEDIUM_DISTANCE_FROM],	[MEDIUM_DISTANCE_TO], [LONG_DISTANCE_TO], [SHORT_DISTANCE_MODIFIER], [MEDIUM_DISTANCE_MODIFIER], [LONG_DISTANCE_MODIFIER]) VALUES (9054, 10008, 2, 1, 0, 0, 30, 60, 90, 0, -2, -5);

COMMIT TRANSACTION;

-----------------------------------------------------------------------------------------------------------

BEGIN TRANSACTION;

INSERT INTO CLIMATE ([ID], [DESCRIPTION]) VALUES (0, 'Any');
INSERT INTO CLIMATE ([ID], [DESCRIPTION]) VALUES (1, 'Tropical');
INSERT INTO CLIMATE ([ID], [DESCRIPTION]) VALUES (2, 'Temperate');
INSERT INTO CLIMATE ([ID], [DESCRIPTION]) VALUES (3, 'Space');
INSERT INTO CLIMATE ([ID], [DESCRIPTION]) VALUES (4, 'Warm');
INSERT INTO CLIMATE ([ID], [DESCRIPTION]) VALUES (5, 'Cold');
INSERT INTO CLIMATE ([ID], [DESCRIPTION]) VALUES (6, 'Subtropical');
INSERT INTO CLIMATE ([ID], [DESCRIPTION]) VALUES (7, 'Subartic');
INSERT INTO CLIMATE ([ID], [DESCRIPTION]) VALUES (8, 'Arid');
INSERT INTO CLIMATE ([ID], [DESCRIPTION]) VALUES (9, 'Arctic');
INSERT INTO CLIMATE ([ID], [DESCRIPTION]) VALUES (10, 'Dry');

COMMIT TRANSACTION;

-----------------------------------------------------------------------------------------------------------

BEGIN TRANSACTION;

INSERT INTO TERRAIN ([ID], [DESCRIPTION]) VALUES (0, 'Any');
INSERT INTO TERRAIN ([ID], [DESCRIPTION]) VALUES (1, 'Mountains');
INSERT INTO TERRAIN ([ID], [DESCRIPTION]) VALUES (2, 'Subterranean');
INSERT INTO TERRAIN ([ID], [DESCRIPTION]) VALUES (3, 'Plains');
INSERT INTO TERRAIN ([ID], [DESCRIPTION]) VALUES (4, 'Forests');
INSERT INTO TERRAIN ([ID], [DESCRIPTION]) VALUES (5, 'Any Earth-based body');
INSERT INTO TERRAIN ([ID], [DESCRIPTION]) VALUES (6, 'Hills');
INSERT INTO TERRAIN ([ID], [DESCRIPTION]) VALUES (7, 'Caves');
INSERT INTO TERRAIN ([ID], [DESCRIPTION]) VALUES (8, 'External plane');
INSERT INTO TERRAIN ([ID], [DESCRIPTION]) VALUES (9, 'Jungle');
INSERT INTO TERRAIN ([ID], [DESCRIPTION]) VALUES (10, 'Arid land');
INSERT INTO TERRAIN ([ID], [DESCRIPTION]) VALUES (11, 'Remote areas');
INSERT INTO TERRAIN ([ID], [DESCRIPTION]) VALUES (12, 'Deep ocean');
INSERT INTO TERRAIN ([ID], [DESCRIPTION]) VALUES (13, 'Below ground');
INSERT INTO TERRAIN ([ID], [DESCRIPTION]) VALUES (14, 'Rural areas');
INSERT INTO TERRAIN ([ID], [DESCRIPTION]) VALUES (15, 'Human areas');
INSERT INTO TERRAIN ([ID], [DESCRIPTION]) VALUES (16, 'Swamp');
INSERT INTO TERRAIN ([ID], [DESCRIPTION]) VALUES (17, 'Grassland');
INSERT INTO TERRAIN ([ID], [DESCRIPTION]) VALUES (18, 'Desert');
INSERT INTO TERRAIN ([ID], [DESCRIPTION]) VALUES (19, 'Inhabited');
INSERT INTO TERRAIN ([ID], [DESCRIPTION]) VALUES (20, 'Sea coasts');
INSERT INTO TERRAIN ([ID], [DESCRIPTION]) VALUES (21, 'Saltwater');
INSERT INTO TERRAIN ([ID], [DESCRIPTION]) VALUES (22, 'Rivers');
INSERT INTO TERRAIN ([ID], [DESCRIPTION]) VALUES (23, 'Seashore');
INSERT INTO TERRAIN ([ID], [DESCRIPTION]) VALUES (24, 'Freshwater');
INSERT INTO TERRAIN ([ID], [DESCRIPTION]) VALUES (25, 'Tomb');
INSERT INTO TERRAIN ([ID], [DESCRIPTION]) VALUES (26, 'Grave area');
INSERT INTO TERRAIN ([ID], [DESCRIPTION]) VALUES (27, 'Ocean');
-- INSERT INTO TERRAIN ([ID], [DESCRIPTION]) VALUES (28, 'Saltwater');
INSERT INTO TERRAIN ([ID], [DESCRIPTION]) VALUES (29, 'Mountain lakes');
INSERT INTO TERRAIN ([ID], [DESCRIPTION]) VALUES (30, 'Extinct volcanoes');
INSERT INTO TERRAIN ([ID], [DESCRIPTION]) VALUES (31, 'Lake shores');
INSERT INTO TERRAIN ([ID], [DESCRIPTION]) VALUES (32, 'Sea');
INSERT INTO TERRAIN ([ID], [DESCRIPTION]) VALUES (33, 'Clouds');
INSERT INTO TERRAIN ([ID], [DESCRIPTION]) VALUES (34, 'Caverns');
INSERT INTO TERRAIN ([ID], [DESCRIPTION]) VALUES (35, 'River banks');
INSERT INTO TERRAIN ([ID], [DESCRIPTION]) VALUES (36, 'Ruins');
INSERT INTO TERRAIN ([ID], [DESCRIPTION]) VALUES (37, 'Cities');
INSERT INTO TERRAIN ([ID], [DESCRIPTION]) VALUES (38, 'Secluded oak groves');
INSERT INTO TERRAIN ([ID], [DESCRIPTION]) VALUES (39, 'Rocky hills');
INSERT INTO TERRAIN ([ID], [DESCRIPTION]) VALUES (40, 'Air');
INSERT INTO TERRAIN ([ID], [DESCRIPTION]) VALUES (41, 'Land');
INSERT INTO TERRAIN ([ID], [DESCRIPTION]) VALUES (42, 'Large areas of water');
INSERT INTO TERRAIN ([ID], [DESCRIPTION]) VALUES (43, 'High altitude');
INSERT INTO TERRAIN ([ID], [DESCRIPTION]) VALUES (44, 'Treetops');
INSERT INTO TERRAIN ([ID], [DESCRIPTION]) VALUES (45, 'Sandy');
INSERT INTO TERRAIN ([ID], [DESCRIPTION]) VALUES (46, 'Fire');
INSERT INTO TERRAIN ([ID], [DESCRIPTION]) VALUES (47, 'Water');
INSERT INTO TERRAIN ([ID], [DESCRIPTION]) VALUES (48, 'Outside');
INSERT INTO TERRAIN ([ID], [DESCRIPTION]) VALUES (49, 'Tundra');
INSERT INTO TERRAIN ([ID], [DESCRIPTION]) VALUES (50, 'Shallow salt water');
INSERT INTO TERRAIN ([ID], [DESCRIPTION]) VALUES (51, 'Heavily wooded forest');
INSERT INTO TERRAIN ([ID], [DESCRIPTION]) VALUES (52, 'Urban');
INSERT INTO TERRAIN ([ID], [DESCRIPTION]) VALUES (53, 'Island');
INSERT INTO TERRAIN ([ID], [DESCRIPTION]) VALUES (54, 'Earth');
INSERT INTO TERRAIN ([ID], [DESCRIPTION]) VALUES (55, 'Magical cloud islands');
INSERT INTO TERRAIN ([ID], [DESCRIPTION]) VALUES (56, 'Marshes');
INSERT INTO TERRAIN ([ID], [DESCRIPTION]) VALUES (57, 'Boggy forests');
INSERT INTO TERRAIN ([ID], [DESCRIPTION]) VALUES (58, 'Coastal regions');
INSERT INTO TERRAIN ([ID], [DESCRIPTION]) VALUES (59, 'Reef');
INSERT INTO TERRAIN ([ID], [DESCRIPTION]) VALUES (60, 'Tablelands');
INSERT INTO TERRAIN ([ID], [DESCRIPTION]) VALUES (61, 'Wildspace');
INSERT INTO TERRAIN ([ID], [DESCRIPTION]) VALUES (62, 'Wilderness');
INSERT INTO TERRAIN ([ID], [DESCRIPTION]) VALUES (63, 'Pastoral');
INSERT INTO TERRAIN ([ID], [DESCRIPTION]) VALUES (64, 'Freshwater depths');
INSERT INTO TERRAIN ([ID], [DESCRIPTION]) VALUES (65, 'Saltwater depths');
INSERT INTO TERRAIN ([ID], [DESCRIPTION]) VALUES (66, 'Unpopulated regions');
INSERT INTO TERRAIN ([ID], [DESCRIPTION]) VALUES (67, 'Dark areas');
INSERT INTO TERRAIN ([ID], [DESCRIPTION]) VALUES (68, 'Moist areas');
INSERT INTO TERRAIN ([ID], [DESCRIPTION]) VALUES (69, 'Shallow waters');
INSERT INTO TERRAIN ([ID], [DESCRIPTION]) VALUES (70, 'Sky');
INSERT INTO TERRAIN ([ID], [DESCRIPTION]) VALUES (71, 'Forest ridge');
INSERT INTO TERRAIN ([ID], [DESCRIPTION]) VALUES (72, 'Aquatic subterranean');
INSERT INTO TERRAIN ([ID], [DESCRIPTION]) VALUES (73, 'Ruined cities');
INSERT INTO TERRAIN ([ID], [DESCRIPTION]) VALUES (74, 'Green lands');
INSERT INTO TERRAIN ([ID], [DESCRIPTION]) VALUES (75, 'Sylvan glens');
INSERT INTO TERRAIN ([ID], [DESCRIPTION]) VALUES (76, 'Wastelands');
INSERT INTO TERRAIN ([ID], [DESCRIPTION]) VALUES (77, 'Broken terrain');
INSERT INTO TERRAIN ([ID], [DESCRIPTION]) VALUES (78, 'Coastal wates');
INSERT INTO TERRAIN ([ID], [DESCRIPTION]) VALUES (79, 'Woodlands');
INSERT INTO TERRAIN ([ID], [DESCRIPTION]) VALUES (80, 'Labyrinths');
INSERT INTO TERRAIN ([ID], [DESCRIPTION]) VALUES (81, 'Bogs');
INSERT INTO TERRAIN ([ID], [DESCRIPTION]) VALUES (82, 'Moist forests');
INSERT INTO TERRAIN ([ID], [DESCRIPTION]) VALUES (83, 'Moist caverns');
INSERT INTO TERRAIN ([ID], [DESCRIPTION]) VALUES (84, 'Aquatic');
INSERT INTO TERRAIN ([ID], [DESCRIPTION]) VALUES (85, 'Pool');
INSERT INTO TERRAIN ([ID], [DESCRIPTION]) VALUES (86, 'Lower planes');
INSERT INTO TERRAIN ([ID], [DESCRIPTION]) VALUES (87, 'Oriental lands');
INSERT INTO TERRAIN ([ID], [DESCRIPTION]) VALUES (88, 'Damp');
INSERT INTO TERRAIN ([ID], [DESCRIPTION]) VALUES (89, 'Dimly lit water');
INSERT INTO TERRAIN ([ID], [DESCRIPTION]) VALUES (90, 'Forest with oaks');
INSERT INTO TERRAIN ([ID], [DESCRIPTION]) VALUES (91, 'Wet subterranean');
INSERT INTO TERRAIN ([ID], [DESCRIPTION]) VALUES (92, 'Wet forests');
INSERT INTO TERRAIN ([ID], [DESCRIPTION]) VALUES (93, 'Underground');
INSERT INTO TERRAIN ([ID], [DESCRIPTION]) VALUES (94, 'Sylvan woodlands');
INSERT INTO TERRAIN ([ID], [DESCRIPTION]) VALUES (95, 'Sylvan settings');
INSERT INTO TERRAIN ([ID], [DESCRIPTION]) VALUES (96, 'Coastal marine');
INSERT INTO TERRAIN ([ID], [DESCRIPTION]) VALUES (97, 'Open region');
INSERT INTO TERRAIN ([ID], [DESCRIPTION]) VALUES (98, 'Oases');
INSERT INTO TERRAIN ([ID], [DESCRIPTION]) VALUES (99, 'Marine');
INSERT INTO TERRAIN ([ID], [DESCRIPTION]) VALUES (100, 'Desolate dungeons');
INSERT INTO TERRAIN ([ID], [DESCRIPTION]) VALUES (101, 'Meadows');
INSERT INTO TERRAIN ([ID], [DESCRIPTION]) VALUES (102, 'Coral reefs');
INSERT INTO TERRAIN ([ID], [DESCRIPTION]) VALUES (103, 'Lakes');
INSERT INTO TERRAIN ([ID], [DESCRIPTION]) VALUES (104, 'Deep waters');
INSERT INTO TERRAIN ([ID], [DESCRIPTION]) VALUES (105, 'Very deep oceans');
INSERT INTO TERRAIN ([ID], [DESCRIPTION]) VALUES (106, 'Wetlands');
INSERT INTO TERRAIN ([ID], [DESCRIPTION]) VALUES (107, 'Freshwater aquatic');
INSERT INTO TERRAIN ([ID], [DESCRIPTION]) VALUES (108, 'Sea bed');
INSERT INTO TERRAIN ([ID], [DESCRIPTION]) VALUES (109, 'Coast');
INSERT INTO TERRAIN ([ID], [DESCRIPTION]) VALUES (110, 'Mountain forests');
INSERT INTO TERRAIN ([ID], [DESCRIPTION]) VALUES (111, 'Hill caverns');
INSERT INTO TERRAIN ([ID], [DESCRIPTION]) VALUES (112, 'Mountain caverns');
INSERT INTO TERRAIN ([ID], [DESCRIPTION]) VALUES (113, 'Subterranean caves');
INSERT INTO TERRAIN ([ID], [DESCRIPTION]) VALUES (114, 'Subterranean cities');
INSERT INTO TERRAIN ([ID], [DESCRIPTION]) VALUES (115, 'Woods');

COMMIT TRANSACTION;

-----------------------------------------------------------------------------------------------------------

BEGIN TRANSACTION;

INSERT INTO ENCOUNTER_FREQUENCY ([ID], [DESCRIPTION], [CHANCE]) VALUES (0, 'Unique', NULL);
INSERT INTO ENCOUNTER_FREQUENCY ([ID], [DESCRIPTION], [CHANCE]) VALUES (1, 'Very rare', 4);
INSERT INTO ENCOUNTER_FREQUENCY ([ID], [DESCRIPTION], [CHANCE]) VALUES (2, 'Rare', 11);
INSERT INTO ENCOUNTER_FREQUENCY ([ID], [DESCRIPTION], [CHANCE]) VALUES (3, 'Uncommon', 20);
INSERT INTO ENCOUNTER_FREQUENCY ([ID], [DESCRIPTION], [CHANCE]) VALUES (4, 'Common', 65);

COMMIT TRANSACTION;

-----------------------------------------------------------------------------------------------------------

BEGIN TRANSACTION;

INSERT INTO MOVEMENT_TYPE ([ID], [DESCRIPTION], [ACRONYM]) VALUES (0, 'Flying', 'Fl');
INSERT INTO MOVEMENT_TYPE ([ID], [DESCRIPTION], [ACRONYM]) VALUES (1, 'Swimming', 'Sw');
INSERT INTO MOVEMENT_TYPE ([ID], [DESCRIPTION], [ACRONYM]) VALUES (2, 'Burrowing', 'Br');
INSERT INTO MOVEMENT_TYPE ([ID], [DESCRIPTION], [ACRONYM]) VALUES (3, 'Climbing', 'Cl');
INSERT INTO MOVEMENT_TYPE ([ID], [DESCRIPTION], [ACRONYM]) VALUES (4, 'Moving across webs', 'Wb');

COMMIT TRANSACTION;

-----------------------------------------------------------------------------------------------------------

BEGIN TRANSACTION;

INSERT INTO MONSTER_SIZE ([ID], [DESCRIPTION], [ACRONYM], [SIZE_FROM], [SIZE_TO]) VALUES (0, 'Tiny', 'T', NULL, 0.6);
INSERT INTO MONSTER_SIZE ([ID], [DESCRIPTION], [ACRONYM], [SIZE_FROM], [SIZE_TO]) VALUES (1, 'Smaller than a typical human', 'S', 0.6, 1.2);
INSERT INTO MONSTER_SIZE ([ID], [DESCRIPTION], [ACRONYM], [SIZE_FROM], [SIZE_TO]) VALUES (2, 'Man sized', 'M', 1.2, 2.1);
INSERT INTO MONSTER_SIZE ([ID], [DESCRIPTION], [ACRONYM], [SIZE_FROM], [SIZE_TO]) VALUES (3, 'Larger than man sized', 'L', 2.1, 3.6);
INSERT INTO MONSTER_SIZE ([ID], [DESCRIPTION], [ACRONYM], [SIZE_FROM], [SIZE_TO]) VALUES (4, 'Huges', 'H', 3.6, 7.5);
INSERT INTO MONSTER_SIZE ([ID], [DESCRIPTION], [ACRONYM], [SIZE_FROM], [SIZE_TO]) VALUES (5, 'Gargantuan', 'G', 7.5, NULL);

COMMIT TRANSACTION;

-----------------------------------------------------------------------------------------------------------

BEGIN TRANSACTION;

INSERT INTO INTELLIGENCE ([ID], [SCORE_FROM], [SCORE_TO], [DESCRIPTION]) VALUES (0, 0, NULL, 'Nonintelligent or not ratable');
INSERT INTO INTELLIGENCE ([ID], [SCORE_FROM], [SCORE_TO], [DESCRIPTION]) VALUES (1, 1, NULL, 'Animal intelligence');
INSERT INTO INTELLIGENCE ([ID], [SCORE_FROM], [SCORE_TO], [DESCRIPTION]) VALUES (2, 2, 4, 'Semi-intelligent');
INSERT INTO INTELLIGENCE ([ID], [SCORE_FROM], [SCORE_TO], [DESCRIPTION]) VALUES (3, 5, 7, 'Low intelligence');
INSERT INTO INTELLIGENCE ([ID], [SCORE_FROM], [SCORE_TO], [DESCRIPTION]) VALUES (4, 8, 10, 'Average (human) intelligence');
INSERT INTO INTELLIGENCE ([ID], [SCORE_FROM], [SCORE_TO], [DESCRIPTION]) VALUES (5, 11, 12, 'Very intelligent');
INSERT INTO INTELLIGENCE ([ID], [SCORE_FROM], [SCORE_TO], [DESCRIPTION]) VALUES (6, 13, 14, 'Highly intelligent');
INSERT INTO INTELLIGENCE ([ID], [SCORE_FROM], [SCORE_TO], [DESCRIPTION]) VALUES (7, 15, 16, 'Exceptionally intelligent');
INSERT INTO INTELLIGENCE ([ID], [SCORE_FROM], [SCORE_TO], [DESCRIPTION]) VALUES (8, 17, 18, 'Genius');
INSERT INTO INTELLIGENCE ([ID], [SCORE_FROM], [SCORE_TO], [DESCRIPTION]) VALUES (9, 19, 20, 'Supra-genius');
INSERT INTO INTELLIGENCE ([ID], [SCORE_FROM], [SCORE_TO], [DESCRIPTION]) VALUES (10, 21, 25, 'Godlike intelligence');

COMMIT TRANSACTION;

-----------------------------------------------------------------------------------------------------------

BEGIN TRANSACTION;

INSERT INTO MORALE ([ID], [SCORE_FROM], [SCORE_TO], [DESCRIPTION]) VALUES (0, 2, 4, 'Unreliable');
INSERT INTO MORALE ([ID], [SCORE_FROM], [SCORE_TO], [DESCRIPTION]) VALUES (1, 5, 7, 'Unsteady');
INSERT INTO MORALE ([ID], [SCORE_FROM], [SCORE_TO], [DESCRIPTION]) VALUES (2, 8, 10, 'Average');
INSERT INTO MORALE ([ID], [SCORE_FROM], [SCORE_TO], [DESCRIPTION]) VALUES (3, 11, 12, 'Steady');
INSERT INTO MORALE ([ID], [SCORE_FROM], [SCORE_TO], [DESCRIPTION]) VALUES (4, 13, 14, 'Elite');
INSERT INTO MORALE ([ID], [SCORE_FROM], [SCORE_TO], [DESCRIPTION]) VALUES (5, 15, 16, 'Champion');
INSERT INTO MORALE ([ID], [SCORE_FROM], [SCORE_TO], [DESCRIPTION]) VALUES (6, 17, 18, 'Fanatic');
INSERT INTO MORALE ([ID], [SCORE_FROM], [SCORE_TO], [DESCRIPTION]) VALUES (7, 19, 20, 'Fearless');

COMMIT TRANSACTION;

-----------------------------------------------------------------------------------------------------------

BEGIN TRANSACTION;

INSERT INTO CALENDAR ([NAME], [CAMPAIGN_SETTINGS_ID]) VALUES ('Hapthos Calendar', 0);

COMMIT TRANSACTION;

-----------------------------------------------------------------------------------------------------------

BEGIN TRANSACTION;

INSERT INTO CALENDAR_RECKONING ([NAME], [ACRONYM], [CALENDAR_ID], [BASE_YEAR]) VALUES ('Dalereckoning', 'DR', 1, 1367);
INSERT INTO CALENDAR_RECKONING ([NAME], [ACRONYM], [CALENDAR_ID], [BASE_YEAR]) VALUES ('Cormyr Reckoning', 'CR', 1, 1342);
INSERT INTO CALENDAR_RECKONING ([NAME], [ACRONYM], [CALENDAR_ID], [BASE_YEAR]) VALUES ('Waterdeep Years', 'WY', 1, 2455);
INSERT INTO CALENDAR_RECKONING ([NAME], [ACRONYM], [CALENDAR_ID], [BASE_YEAR]) VALUES ('Tethyreckoning', 'TR', 1, 1570);
INSERT INTO CALENDAR_RECKONING ([NAME], [ACRONYM], [CALENDAR_ID], [BASE_YEAR]) VALUES ('Northreckoning', 'NR', 1, 335);
INSERT INTO CALENDAR_RECKONING ([NAME], [ACRONYM], [CALENDAR_ID], [BASE_YEAR]) VALUES ('Mulhorand Calendar', 'MC', 1, 3501);
INSERT INTO CALENDAR_RECKONING ([NAME], [ACRONYM], [CALENDAR_ID], [BASE_YEAR]) VALUES ('Netheril Year Calendar', 'NY', 1, 5217);
INSERT INTO CALENDAR_RECKONING ([NAME], [ACRONYM], [CALENDAR_ID], [BASE_YEAR]) VALUES ('Present Reckoning', 'PR', 1, 7);

COMMIT TRANSACTION;

-----------------------------------------------------------------------------------------------------------

BEGIN TRANSACTION;

INSERT INTO CALENDAR_MONTH ([NAME], [CALENDAR_ID], [DURATION]) VALUES ('Hammer', 1, 30);
INSERT INTO CALENDAR_MONTH ([NAME], [CALENDAR_ID], [DURATION]) VALUES ('Alturiak', 1, 30);
INSERT INTO CALENDAR_MONTH ([NAME], [CALENDAR_ID], [DURATION]) VALUES ('Ches', 1, 30);
INSERT INTO CALENDAR_MONTH ([NAME], [CALENDAR_ID], [DURATION]) VALUES ('Tarsakh', 1, 30);
INSERT INTO CALENDAR_MONTH ([NAME], [CALENDAR_ID], [DURATION]) VALUES ('Mirtul', 1, 30);
INSERT INTO CALENDAR_MONTH ([NAME], [CALENDAR_ID], [DURATION]) VALUES ('Kythorn', 1, 30);
INSERT INTO CALENDAR_MONTH ([NAME], [CALENDAR_ID], [DURATION]) VALUES ('Flamerule', 1, 30);
INSERT INTO CALENDAR_MONTH ([NAME], [CALENDAR_ID], [DURATION]) VALUES ('Eleasias', 1, 30);
INSERT INTO CALENDAR_MONTH ([NAME], [CALENDAR_ID], [DURATION]) VALUES ('Eleint', 1, 30);
INSERT INTO CALENDAR_MONTH ([NAME], [CALENDAR_ID], [DURATION]) VALUES ('Marpenoth', 1, 30);
INSERT INTO CALENDAR_MONTH ([NAME], [CALENDAR_ID], [DURATION]) VALUES ('Uktar', 1, 30);
INSERT INTO CALENDAR_MONTH ([NAME], [CALENDAR_ID], [DURATION]) VALUES ('Nightal', 1, 30);

COMMIT TRANSACTION;

-----------------------------------------------------------------------------------------------------------

BEGIN TRANSACTION;

INSERT INTO CALENDAR_SPECIAL_DAY ([NAME], [CALENDAR_ID], [YEAR_DAY], [LEAP_YEAR_DAY]) VALUES ('Midwinter', 1, 31, 31);
INSERT INTO CALENDAR_SPECIAL_DAY ([NAME], [CALENDAR_ID], [YEAR_DAY], [LEAP_YEAR_DAY]) VALUES ('Shieldmeet', 1, NULL, 62);
INSERT INTO CALENDAR_SPECIAL_DAY ([NAME], [CALENDAR_ID], [YEAR_DAY], [LEAP_YEAR_DAY]) VALUES ('Greengrass', 1, 122, 123);
INSERT INTO CALENDAR_SPECIAL_DAY ([NAME], [CALENDAR_ID], [YEAR_DAY], [LEAP_YEAR_DAY]) VALUES ('Midsummer', 1, 213, 214);
INSERT INTO CALENDAR_SPECIAL_DAY ([NAME], [CALENDAR_ID], [YEAR_DAY], [LEAP_YEAR_DAY]) VALUES ('Higharvestide', 1, 274, 275);
INSERT INTO CALENDAR_SPECIAL_DAY ([NAME], [CALENDAR_ID], [YEAR_DAY], [LEAP_YEAR_DAY]) VALUES ('Feast of the moon', 1, 335, 336);

COMMIT TRANSACTION;

-----------------------------------------------------------------------------------------------------------

BEGIN TRANSACTION;

INSERT INTO WEAPON_PROFICIENCY_LEVEL ([ID], [DESCRIPTION]) VALUES (1, 'Unexperienced');
INSERT INTO WEAPON_PROFICIENCY_LEVEL ([ID], [DESCRIPTION]) VALUES (2, 'Proficient');
INSERT INTO WEAPON_PROFICIENCY_LEVEL ([ID], [DESCRIPTION]) VALUES (3, 'Specialised');

COMMIT TRANSACTION;

-----------------------------------------------------------------------------------------------------------

BEGIN TRANSACTION;

INSERT INTO NON_WEAPON_PROFICIENCY_GROUP ([ID], [NAME]) VALUES(1, 'General');
INSERT INTO NON_WEAPON_PROFICIENCY_GROUP ([ID], [NAME]) VALUES(2, 'Priest');
INSERT INTO NON_WEAPON_PROFICIENCY_GROUP ([ID], [NAME]) VALUES(3, 'Rogue');
INSERT INTO NON_WEAPON_PROFICIENCY_GROUP ([ID], [NAME]) VALUES(4, 'Warrior');
INSERT INTO NON_WEAPON_PROFICIENCY_GROUP ([ID], [NAME]) VALUES(5, 'Wizard');

COMMIT TRANSACTION;

-----------------------------------------------------------------------------------------------------------

BEGIN TRANSACTION;

-- General
INSERT INTO NON_WEAPON_PROFICIENCY_GROUP_ACCESS ([GROUP_ID], [CLASS_ID] ) VALUES (1, 1);
INSERT INTO NON_WEAPON_PROFICIENCY_GROUP_ACCESS ([GROUP_ID], [CLASS_ID] ) VALUES (1, 2);
INSERT INTO NON_WEAPON_PROFICIENCY_GROUP_ACCESS ([GROUP_ID], [CLASS_ID] ) VALUES (1, 4);
INSERT INTO NON_WEAPON_PROFICIENCY_GROUP_ACCESS ([GROUP_ID], [CLASS_ID] ) VALUES (1, 8);
INSERT INTO NON_WEAPON_PROFICIENCY_GROUP_ACCESS ([GROUP_ID], [CLASS_ID] ) VALUES (1, 16);
INSERT INTO NON_WEAPON_PROFICIENCY_GROUP_ACCESS ([GROUP_ID], [CLASS_ID] ) VALUES (1, 32);
INSERT INTO NON_WEAPON_PROFICIENCY_GROUP_ACCESS ([GROUP_ID], [CLASS_ID] ) VALUES (1, 64);
INSERT INTO NON_WEAPON_PROFICIENCY_GROUP_ACCESS ([GROUP_ID], [CLASS_ID] ) VALUES (1, 128);
INSERT INTO NON_WEAPON_PROFICIENCY_GROUP_ACCESS ([GROUP_ID], [CLASS_ID] ) VALUES (1, 256);
INSERT INTO NON_WEAPON_PROFICIENCY_GROUP_ACCESS ([GROUP_ID], [CLASS_ID] ) VALUES (1, 512);
INSERT INTO NON_WEAPON_PROFICIENCY_GROUP_ACCESS ([GROUP_ID], [CLASS_ID] ) VALUES (1, 1024);
INSERT INTO NON_WEAPON_PROFICIENCY_GROUP_ACCESS ([GROUP_ID], [CLASS_ID] ) VALUES (1, 2048);
INSERT INTO NON_WEAPON_PROFICIENCY_GROUP_ACCESS ([GROUP_ID], [CLASS_ID] ) VALUES (1, 4096);
INSERT INTO NON_WEAPON_PROFICIENCY_GROUP_ACCESS ([GROUP_ID], [CLASS_ID] ) VALUES (1, 8192);
INSERT INTO NON_WEAPON_PROFICIENCY_GROUP_ACCESS ([GROUP_ID], [CLASS_ID] ) VALUES (1, 16384);
INSERT INTO NON_WEAPON_PROFICIENCY_GROUP_ACCESS ([GROUP_ID], [CLASS_ID] ) VALUES (1, 32768);
INSERT INTO NON_WEAPON_PROFICIENCY_GROUP_ACCESS ([GROUP_ID], [CLASS_ID] ) VALUES (1, 65536);

-- Priest
INSERT INTO NON_WEAPON_PROFICIENCY_GROUP_ACCESS ([GROUP_ID], [CLASS_ID] ) VALUES (2, 2);
INSERT INTO NON_WEAPON_PROFICIENCY_GROUP_ACCESS ([GROUP_ID], [CLASS_ID] ) VALUES (2, 4096);
INSERT INTO NON_WEAPON_PROFICIENCY_GROUP_ACCESS ([GROUP_ID], [CLASS_ID] ) VALUES (2, 8192);
INSERT INTO NON_WEAPON_PROFICIENCY_GROUP_ACCESS ([GROUP_ID], [CLASS_ID] ) VALUES (2, 16384);

-- Rogue
INSERT INTO NON_WEAPON_PROFICIENCY_GROUP_ACCESS ([GROUP_ID], [CLASS_ID] ) VALUES (3, 32768);
INSERT INTO NON_WEAPON_PROFICIENCY_GROUP_ACCESS ([GROUP_ID], [CLASS_ID] ) VALUES (3, 65536);

-- Warrior
INSERT INTO NON_WEAPON_PROFICIENCY_GROUP_ACCESS ([GROUP_ID], [CLASS_ID] ) VALUES (4, 1);
INSERT INTO NON_WEAPON_PROFICIENCY_GROUP_ACCESS ([GROUP_ID], [CLASS_ID] ) VALUES (4, 2);
INSERT INTO NON_WEAPON_PROFICIENCY_GROUP_ACCESS ([GROUP_ID], [CLASS_ID] ) VALUES (4, 4);
INSERT INTO NON_WEAPON_PROFICIENCY_GROUP_ACCESS ([GROUP_ID], [CLASS_ID] ) VALUES (4, 8192);
INSERT INTO NON_WEAPON_PROFICIENCY_GROUP_ACCESS ([GROUP_ID], [CLASS_ID] ) VALUES (4, 65536);

-- Wizard
INSERT INTO NON_WEAPON_PROFICIENCY_GROUP_ACCESS ([GROUP_ID], [CLASS_ID] ) VALUES (5, 4);
INSERT INTO NON_WEAPON_PROFICIENCY_GROUP_ACCESS ([GROUP_ID], [CLASS_ID] ) VALUES (5, 8);
INSERT INTO NON_WEAPON_PROFICIENCY_GROUP_ACCESS ([GROUP_ID], [CLASS_ID] ) VALUES (5, 16);
INSERT INTO NON_WEAPON_PROFICIENCY_GROUP_ACCESS ([GROUP_ID], [CLASS_ID] ) VALUES (5, 32);
INSERT INTO NON_WEAPON_PROFICIENCY_GROUP_ACCESS ([GROUP_ID], [CLASS_ID] ) VALUES (5, 64);
INSERT INTO NON_WEAPON_PROFICIENCY_GROUP_ACCESS ([GROUP_ID], [CLASS_ID] ) VALUES (5, 128);
INSERT INTO NON_WEAPON_PROFICIENCY_GROUP_ACCESS ([GROUP_ID], [CLASS_ID] ) VALUES (5, 256);
INSERT INTO NON_WEAPON_PROFICIENCY_GROUP_ACCESS ([GROUP_ID], [CLASS_ID] ) VALUES (5, 512);
INSERT INTO NON_WEAPON_PROFICIENCY_GROUP_ACCESS ([GROUP_ID], [CLASS_ID] ) VALUES (5, 1024);
INSERT INTO NON_WEAPON_PROFICIENCY_GROUP_ACCESS ([GROUP_ID], [CLASS_ID] ) VALUES (5, 2048);
INSERT INTO NON_WEAPON_PROFICIENCY_GROUP_ACCESS ([GROUP_ID], [CLASS_ID] ) VALUES (5, 65536);

COMMIT TRANSACTION;

-----------------------------------------------------------------------------------------------------------

BEGIN TRANSACTION;

INSERT INTO NON_WEAPON_PROFICIENCY ([ID], [NAME], [NUM_OF_SLOTS_REQUIRED], [RELEVANT_ABILITY], [CHECK_MODIFIER]) VALUES (1, 'Agriculture', 1, 3, 0);
INSERT INTO NON_WEAPON_PROFICIENCY ([ID], [NAME], [NUM_OF_SLOTS_REQUIRED], [RELEVANT_ABILITY], [CHECK_MODIFIER]) VALUES (2, 'Animal Handling', 1, 4, -1);
INSERT INTO NON_WEAPON_PROFICIENCY ([ID], [NAME], [NUM_OF_SLOTS_REQUIRED], [RELEVANT_ABILITY], [CHECK_MODIFIER]) VALUES (3, 'Animal Training', 1, 4, 0);
INSERT INTO NON_WEAPON_PROFICIENCY ([ID], [NAME], [NUM_OF_SLOTS_REQUIRED], [RELEVANT_ABILITY], [CHECK_MODIFIER]) VALUES (4, 'Artistic Ability', 1, 4, 0);
INSERT INTO NON_WEAPON_PROFICIENCY ([ID], [NAME], [NUM_OF_SLOTS_REQUIRED], [RELEVANT_ABILITY], [CHECK_MODIFIER]) VALUES (5, 'Blacksmithing', 1, 0, 0);
INSERT INTO NON_WEAPON_PROFICIENCY ([ID], [NAME], [NUM_OF_SLOTS_REQUIRED], [RELEVANT_ABILITY], [CHECK_MODIFIER]) VALUES (6, 'Brewing', 1, 3, 0);
INSERT INTO NON_WEAPON_PROFICIENCY ([ID], [NAME], [NUM_OF_SLOTS_REQUIRED], [RELEVANT_ABILITY], [CHECK_MODIFIER]) VALUES (7, 'Carpentry', 1, 0, 0);
INSERT INTO NON_WEAPON_PROFICIENCY ([ID], [NAME], [NUM_OF_SLOTS_REQUIRED], [RELEVANT_ABILITY], [CHECK_MODIFIER]) VALUES (8, 'Cobbling', 1, 1, 0);
INSERT INTO NON_WEAPON_PROFICIENCY ([ID], [NAME], [NUM_OF_SLOTS_REQUIRED], [RELEVANT_ABILITY], [CHECK_MODIFIER]) VALUES (9, 'Cooking', 1, 3, 0);
INSERT INTO NON_WEAPON_PROFICIENCY ([ID], [NAME], [NUM_OF_SLOTS_REQUIRED], [RELEVANT_ABILITY], [CHECK_MODIFIER]) VALUES (10, 'Dancing', 1, 1, 0);
INSERT INTO NON_WEAPON_PROFICIENCY ([ID], [NAME], [NUM_OF_SLOTS_REQUIRED], [RELEVANT_ABILITY], [CHECK_MODIFIER]) VALUES (11, 'Direction Sense', 1, 4, 1);
INSERT INTO NON_WEAPON_PROFICIENCY ([ID], [NAME], [NUM_OF_SLOTS_REQUIRED], [RELEVANT_ABILITY], [CHECK_MODIFIER]) VALUES (12, 'Etiquette', 1, 5, 0);
INSERT INTO NON_WEAPON_PROFICIENCY ([ID], [NAME], [NUM_OF_SLOTS_REQUIRED], [RELEVANT_ABILITY], [CHECK_MODIFIER]) VALUES (13, 'Fire-building', 1, 4, -1);
INSERT INTO NON_WEAPON_PROFICIENCY ([ID], [NAME], [NUM_OF_SLOTS_REQUIRED], [RELEVANT_ABILITY], [CHECK_MODIFIER]) VALUES (14, 'Fishing', 1, 4, -1);
INSERT INTO NON_WEAPON_PROFICIENCY ([ID], [NAME], [NUM_OF_SLOTS_REQUIRED], [RELEVANT_ABILITY], [CHECK_MODIFIER]) VALUES (15, 'Heraldry', 1, 3, 0);
INSERT INTO NON_WEAPON_PROFICIENCY ([ID], [NAME], [NUM_OF_SLOTS_REQUIRED], [RELEVANT_ABILITY], [CHECK_MODIFIER]) VALUES (16, 'Languages, Modern', 1, 3, 0);
INSERT INTO NON_WEAPON_PROFICIENCY ([ID], [NAME], [NUM_OF_SLOTS_REQUIRED], [RELEVANT_ABILITY], [CHECK_MODIFIER]) VALUES (17, 'Leatherworking', 1, 3, 0);
INSERT INTO NON_WEAPON_PROFICIENCY ([ID], [NAME], [NUM_OF_SLOTS_REQUIRED], [RELEVANT_ABILITY], [CHECK_MODIFIER]) VALUES (18, 'Mining', 2, 4, -3);
INSERT INTO NON_WEAPON_PROFICIENCY ([ID], [NAME], [NUM_OF_SLOTS_REQUIRED], [RELEVANT_ABILITY], [CHECK_MODIFIER]) VALUES (19, 'Pottery', 1, 1, -2);
INSERT INTO NON_WEAPON_PROFICIENCY ([ID], [NAME], [NUM_OF_SLOTS_REQUIRED], [RELEVANT_ABILITY], [CHECK_MODIFIER]) VALUES (20, 'Riding, Airborne', 2, 4, -2);
INSERT INTO NON_WEAPON_PROFICIENCY ([ID], [NAME], [NUM_OF_SLOTS_REQUIRED], [RELEVANT_ABILITY], [CHECK_MODIFIER]) VALUES (21, 'Riding, Land-based', 1, 4, 3);
INSERT INTO NON_WEAPON_PROFICIENCY ([ID], [NAME], [NUM_OF_SLOTS_REQUIRED], [RELEVANT_ABILITY], [CHECK_MODIFIER]) VALUES (22, 'Rope Use', 1, 1, 0);
INSERT INTO NON_WEAPON_PROFICIENCY ([ID], [NAME], [NUM_OF_SLOTS_REQUIRED], [RELEVANT_ABILITY], [CHECK_MODIFIER]) VALUES (23, 'Seamanship', 1, 1, 1);
INSERT INTO NON_WEAPON_PROFICIENCY ([ID], [NAME], [NUM_OF_SLOTS_REQUIRED], [RELEVANT_ABILITY], [CHECK_MODIFIER]) VALUES (24, 'Seamstress/Tailor', 1, 1, -1);
INSERT INTO NON_WEAPON_PROFICIENCY ([ID], [NAME], [NUM_OF_SLOTS_REQUIRED], [RELEVANT_ABILITY], [CHECK_MODIFIER]) VALUES (25, 'Singing', 1, 5, 0);
INSERT INTO NON_WEAPON_PROFICIENCY ([ID], [NAME], [NUM_OF_SLOTS_REQUIRED], [RELEVANT_ABILITY], [CHECK_MODIFIER]) VALUES (26, 'Stonemasonry', 1, 0, -2);
INSERT INTO NON_WEAPON_PROFICIENCY ([ID], [NAME], [NUM_OF_SLOTS_REQUIRED], [RELEVANT_ABILITY], [CHECK_MODIFIER]) VALUES (27, 'Swimming', 1, 0, 0);
INSERT INTO NON_WEAPON_PROFICIENCY ([ID], [NAME], [NUM_OF_SLOTS_REQUIRED], [RELEVANT_ABILITY], [CHECK_MODIFIER]) VALUES (28, 'Weather Sense', 1, 4, -1);
INSERT INTO NON_WEAPON_PROFICIENCY ([ID], [NAME], [NUM_OF_SLOTS_REQUIRED], [RELEVANT_ABILITY], [CHECK_MODIFIER]) VALUES (29, 'Weaving', 1, 3, -1);

INSERT INTO NON_WEAPON_PROFICIENCY ([ID], [NAME], [NUM_OF_SLOTS_REQUIRED], [RELEVANT_ABILITY], [CHECK_MODIFIER]) VALUES (30, 'Ancient History', 1, 3, -1);
INSERT INTO NON_WEAPON_PROFICIENCY ([ID], [NAME], [NUM_OF_SLOTS_REQUIRED], [RELEVANT_ABILITY], [CHECK_MODIFIER]) VALUES (31, 'Astrology', 2, 3, 0);
INSERT INTO NON_WEAPON_PROFICIENCY ([ID], [NAME], [NUM_OF_SLOTS_REQUIRED], [RELEVANT_ABILITY], [CHECK_MODIFIER]) VALUES (32, 'Engineering', 2, 3, -3);
INSERT INTO NON_WEAPON_PROFICIENCY ([ID], [NAME], [NUM_OF_SLOTS_REQUIRED], [RELEVANT_ABILITY], [CHECK_MODIFIER]) VALUES (33, 'Healing', 2, 4, -2);
INSERT INTO NON_WEAPON_PROFICIENCY ([ID], [NAME], [NUM_OF_SLOTS_REQUIRED], [RELEVANT_ABILITY], [CHECK_MODIFIER]) VALUES (34, 'Herbalism', 2, 3, -2);
INSERT INTO NON_WEAPON_PROFICIENCY ([ID], [NAME], [NUM_OF_SLOTS_REQUIRED], [RELEVANT_ABILITY], [CHECK_MODIFIER]) VALUES (35, 'Languages, Ancient', 1, 3, 0);
INSERT INTO NON_WEAPON_PROFICIENCY ([ID], [NAME], [NUM_OF_SLOTS_REQUIRED], [RELEVANT_ABILITY], [CHECK_MODIFIER]) VALUES (36, 'Local History', 1, 5, 0);
INSERT INTO NON_WEAPON_PROFICIENCY ([ID], [NAME], [NUM_OF_SLOTS_REQUIRED], [RELEVANT_ABILITY], [CHECK_MODIFIER]) VALUES (37, 'Musical Instrument', 1, 1, -1);
INSERT INTO NON_WEAPON_PROFICIENCY ([ID], [NAME], [NUM_OF_SLOTS_REQUIRED], [RELEVANT_ABILITY], [CHECK_MODIFIER]) VALUES (38, 'Navigation', 1, 3, -2);
INSERT INTO NON_WEAPON_PROFICIENCY ([ID], [NAME], [NUM_OF_SLOTS_REQUIRED], [RELEVANT_ABILITY], [CHECK_MODIFIER]) VALUES (39, 'Reading/Writing', 1, 3, 1);
INSERT INTO NON_WEAPON_PROFICIENCY ([ID], [NAME], [NUM_OF_SLOTS_REQUIRED], [RELEVANT_ABILITY], [CHECK_MODIFIER]) VALUES (40, 'Religion', 1, 4, 0);
INSERT INTO NON_WEAPON_PROFICIENCY ([ID], [NAME], [NUM_OF_SLOTS_REQUIRED], [RELEVANT_ABILITY], [CHECK_MODIFIER]) VALUES (41, 'Spellcraft', 1, 3, -2);

INSERT INTO NON_WEAPON_PROFICIENCY ([ID], [NAME], [NUM_OF_SLOTS_REQUIRED], [RELEVANT_ABILITY], [CHECK_MODIFIER]) VALUES (42, 'Appraising', 1, 3, 0);
INSERT INTO NON_WEAPON_PROFICIENCY ([ID], [NAME], [NUM_OF_SLOTS_REQUIRED], [RELEVANT_ABILITY], [CHECK_MODIFIER]) VALUES (43, 'Blind-fighting', 1, NULL, 0);
INSERT INTO NON_WEAPON_PROFICIENCY ([ID], [NAME], [NUM_OF_SLOTS_REQUIRED], [RELEVANT_ABILITY], [CHECK_MODIFIER]) VALUES (44, 'Disguise', 1, 5, -1);
INSERT INTO NON_WEAPON_PROFICIENCY ([ID], [NAME], [NUM_OF_SLOTS_REQUIRED], [RELEVANT_ABILITY], [CHECK_MODIFIER]) VALUES (45, 'Forgery', 1, 1, -1);
INSERT INTO NON_WEAPON_PROFICIENCY ([ID], [NAME], [NUM_OF_SLOTS_REQUIRED], [RELEVANT_ABILITY], [CHECK_MODIFIER]) VALUES (46, 'Gaming', 1, 5, 0);
INSERT INTO NON_WEAPON_PROFICIENCY ([ID], [NAME], [NUM_OF_SLOTS_REQUIRED], [RELEVANT_ABILITY], [CHECK_MODIFIER]) VALUES (47, 'Gem Cutting', 2, 1, -2);
INSERT INTO NON_WEAPON_PROFICIENCY ([ID], [NAME], [NUM_OF_SLOTS_REQUIRED], [RELEVANT_ABILITY], [CHECK_MODIFIER]) VALUES (48, 'Juggling', 1, 1, -1);
INSERT INTO NON_WEAPON_PROFICIENCY ([ID], [NAME], [NUM_OF_SLOTS_REQUIRED], [RELEVANT_ABILITY], [CHECK_MODIFIER]) VALUES (49, 'Jumping', 1, 0, 0);
INSERT INTO NON_WEAPON_PROFICIENCY ([ID], [NAME], [NUM_OF_SLOTS_REQUIRED], [RELEVANT_ABILITY], [CHECK_MODIFIER]) VALUES (50, 'Reading Lips', 2, 3, -2);
INSERT INTO NON_WEAPON_PROFICIENCY ([ID], [NAME], [NUM_OF_SLOTS_REQUIRED], [RELEVANT_ABILITY], [CHECK_MODIFIER]) VALUES (51, 'Set Snares', 1, 1, -1);
INSERT INTO NON_WEAPON_PROFICIENCY ([ID], [NAME], [NUM_OF_SLOTS_REQUIRED], [RELEVANT_ABILITY], [CHECK_MODIFIER]) VALUES (52, 'Tightrope Walking', 1, 1, 0);
INSERT INTO NON_WEAPON_PROFICIENCY ([ID], [NAME], [NUM_OF_SLOTS_REQUIRED], [RELEVANT_ABILITY], [CHECK_MODIFIER]) VALUES (53, 'Tumbling', 1, 1, 0);
INSERT INTO NON_WEAPON_PROFICIENCY ([ID], [NAME], [NUM_OF_SLOTS_REQUIRED], [RELEVANT_ABILITY], [CHECK_MODIFIER]) VALUES (54, 'Ventriloquism', 1, 3, -2);

INSERT INTO NON_WEAPON_PROFICIENCY ([ID], [NAME], [NUM_OF_SLOTS_REQUIRED], [RELEVANT_ABILITY], [CHECK_MODIFIER]) VALUES (55, 'Animal Lore', 1, 3, 0);
INSERT INTO NON_WEAPON_PROFICIENCY ([ID], [NAME], [NUM_OF_SLOTS_REQUIRED], [RELEVANT_ABILITY], [CHECK_MODIFIER]) VALUES (56, 'Armorer', 1, 3, -2);
INSERT INTO NON_WEAPON_PROFICIENCY ([ID], [NAME], [NUM_OF_SLOTS_REQUIRED], [RELEVANT_ABILITY], [CHECK_MODIFIER]) VALUES (57, 'Bowyer/Fletcher', 1, 1, -1);
INSERT INTO NON_WEAPON_PROFICIENCY ([ID], [NAME], [NUM_OF_SLOTS_REQUIRED], [RELEVANT_ABILITY], [CHECK_MODIFIER]) VALUES (58, 'Charioteering', 1, 1, 2);
INSERT INTO NON_WEAPON_PROFICIENCY ([ID], [NAME], [NUM_OF_SLOTS_REQUIRED], [RELEVANT_ABILITY], [CHECK_MODIFIER]) VALUES (59, 'Endurance', 2, 2, 0);
INSERT INTO NON_WEAPON_PROFICIENCY ([ID], [NAME], [NUM_OF_SLOTS_REQUIRED], [RELEVANT_ABILITY], [CHECK_MODIFIER]) VALUES (60, 'Hunting', 1, 4, -1);
INSERT INTO NON_WEAPON_PROFICIENCY ([ID], [NAME], [NUM_OF_SLOTS_REQUIRED], [RELEVANT_ABILITY], [CHECK_MODIFIER]) VALUES (61, 'Mountaineering', 1, NULL, 0);
INSERT INTO NON_WEAPON_PROFICIENCY ([ID], [NAME], [NUM_OF_SLOTS_REQUIRED], [RELEVANT_ABILITY], [CHECK_MODIFIER]) VALUES (62, 'Running', 1, 2, -6);
INSERT INTO NON_WEAPON_PROFICIENCY ([ID], [NAME], [NUM_OF_SLOTS_REQUIRED], [RELEVANT_ABILITY], [CHECK_MODIFIER]) VALUES (63, 'Survival', 1, 3, 0);
INSERT INTO NON_WEAPON_PROFICIENCY ([ID], [NAME], [NUM_OF_SLOTS_REQUIRED], [RELEVANT_ABILITY], [CHECK_MODIFIER]) VALUES (64, 'Tracking', 1, 4, 0);
INSERT INTO NON_WEAPON_PROFICIENCY ([ID], [NAME], [NUM_OF_SLOTS_REQUIRED], [RELEVANT_ABILITY], [CHECK_MODIFIER]) VALUES (65, 'Weaponsmithing', 1, 3, -3);

COMMIT TRANSACTION;

-----------------------------------------------------------------------------------------------------------

BEGIN TRANSACTION;

-- General
INSERT INTO NON_WEAPON_PROFICIENCY_GROUP_ASSOCIATION ([GROUP_ID], [PROFICIENCY_ID]) VALUES (1, 1);
INSERT INTO NON_WEAPON_PROFICIENCY_GROUP_ASSOCIATION ([GROUP_ID], [PROFICIENCY_ID]) VALUES (1, 2);
INSERT INTO NON_WEAPON_PROFICIENCY_GROUP_ASSOCIATION ([GROUP_ID], [PROFICIENCY_ID]) VALUES (1, 3);
INSERT INTO NON_WEAPON_PROFICIENCY_GROUP_ASSOCIATION ([GROUP_ID], [PROFICIENCY_ID]) VALUES (1, 4);
INSERT INTO NON_WEAPON_PROFICIENCY_GROUP_ASSOCIATION ([GROUP_ID], [PROFICIENCY_ID]) VALUES (1, 5);
INSERT INTO NON_WEAPON_PROFICIENCY_GROUP_ASSOCIATION ([GROUP_ID], [PROFICIENCY_ID]) VALUES (1, 6);
INSERT INTO NON_WEAPON_PROFICIENCY_GROUP_ASSOCIATION ([GROUP_ID], [PROFICIENCY_ID]) VALUES (1, 7);
INSERT INTO NON_WEAPON_PROFICIENCY_GROUP_ASSOCIATION ([GROUP_ID], [PROFICIENCY_ID]) VALUES (1, 8);
INSERT INTO NON_WEAPON_PROFICIENCY_GROUP_ASSOCIATION ([GROUP_ID], [PROFICIENCY_ID]) VALUES (1, 9);
INSERT INTO NON_WEAPON_PROFICIENCY_GROUP_ASSOCIATION ([GROUP_ID], [PROFICIENCY_ID]) VALUES (1, 10);
INSERT INTO NON_WEAPON_PROFICIENCY_GROUP_ASSOCIATION ([GROUP_ID], [PROFICIENCY_ID]) VALUES (1, 11);
INSERT INTO NON_WEAPON_PROFICIENCY_GROUP_ASSOCIATION ([GROUP_ID], [PROFICIENCY_ID]) VALUES (1, 12);
INSERT INTO NON_WEAPON_PROFICIENCY_GROUP_ASSOCIATION ([GROUP_ID], [PROFICIENCY_ID]) VALUES (1, 13);
INSERT INTO NON_WEAPON_PROFICIENCY_GROUP_ASSOCIATION ([GROUP_ID], [PROFICIENCY_ID]) VALUES (1, 14);
INSERT INTO NON_WEAPON_PROFICIENCY_GROUP_ASSOCIATION ([GROUP_ID], [PROFICIENCY_ID]) VALUES (1, 15);
INSERT INTO NON_WEAPON_PROFICIENCY_GROUP_ASSOCIATION ([GROUP_ID], [PROFICIENCY_ID]) VALUES (1, 16);
INSERT INTO NON_WEAPON_PROFICIENCY_GROUP_ASSOCIATION ([GROUP_ID], [PROFICIENCY_ID]) VALUES (1, 17);
INSERT INTO NON_WEAPON_PROFICIENCY_GROUP_ASSOCIATION ([GROUP_ID], [PROFICIENCY_ID]) VALUES (1, 18);
INSERT INTO NON_WEAPON_PROFICIENCY_GROUP_ASSOCIATION ([GROUP_ID], [PROFICIENCY_ID]) VALUES (1, 19);
INSERT INTO NON_WEAPON_PROFICIENCY_GROUP_ASSOCIATION ([GROUP_ID], [PROFICIENCY_ID]) VALUES (1, 20);
INSERT INTO NON_WEAPON_PROFICIENCY_GROUP_ASSOCIATION ([GROUP_ID], [PROFICIENCY_ID]) VALUES (1, 21);
INSERT INTO NON_WEAPON_PROFICIENCY_GROUP_ASSOCIATION ([GROUP_ID], [PROFICIENCY_ID]) VALUES (1, 22);
INSERT INTO NON_WEAPON_PROFICIENCY_GROUP_ASSOCIATION ([GROUP_ID], [PROFICIENCY_ID]) VALUES (1, 23);
INSERT INTO NON_WEAPON_PROFICIENCY_GROUP_ASSOCIATION ([GROUP_ID], [PROFICIENCY_ID]) VALUES (1, 24);
INSERT INTO NON_WEAPON_PROFICIENCY_GROUP_ASSOCIATION ([GROUP_ID], [PROFICIENCY_ID]) VALUES (1, 25);
INSERT INTO NON_WEAPON_PROFICIENCY_GROUP_ASSOCIATION ([GROUP_ID], [PROFICIENCY_ID]) VALUES (1, 26);
INSERT INTO NON_WEAPON_PROFICIENCY_GROUP_ASSOCIATION ([GROUP_ID], [PROFICIENCY_ID]) VALUES (1, 27);
INSERT INTO NON_WEAPON_PROFICIENCY_GROUP_ASSOCIATION ([GROUP_ID], [PROFICIENCY_ID]) VALUES (1, 28);
INSERT INTO NON_WEAPON_PROFICIENCY_GROUP_ASSOCIATION ([GROUP_ID], [PROFICIENCY_ID]) VALUES (1, 29);

-- Priest
INSERT INTO NON_WEAPON_PROFICIENCY_GROUP_ASSOCIATION ([GROUP_ID], [PROFICIENCY_ID]) VALUES (2, 30);
INSERT INTO NON_WEAPON_PROFICIENCY_GROUP_ASSOCIATION ([GROUP_ID], [PROFICIENCY_ID]) VALUES (2, 31);
INSERT INTO NON_WEAPON_PROFICIENCY_GROUP_ASSOCIATION ([GROUP_ID], [PROFICIENCY_ID]) VALUES (2, 32);
INSERT INTO NON_WEAPON_PROFICIENCY_GROUP_ASSOCIATION ([GROUP_ID], [PROFICIENCY_ID]) VALUES (2, 33);
INSERT INTO NON_WEAPON_PROFICIENCY_GROUP_ASSOCIATION ([GROUP_ID], [PROFICIENCY_ID]) VALUES (2, 34);
INSERT INTO NON_WEAPON_PROFICIENCY_GROUP_ASSOCIATION ([GROUP_ID], [PROFICIENCY_ID]) VALUES (2, 35);
INSERT INTO NON_WEAPON_PROFICIENCY_GROUP_ASSOCIATION ([GROUP_ID], [PROFICIENCY_ID]) VALUES (2, 36);
INSERT INTO NON_WEAPON_PROFICIENCY_GROUP_ASSOCIATION ([GROUP_ID], [PROFICIENCY_ID]) VALUES (2, 37);
INSERT INTO NON_WEAPON_PROFICIENCY_GROUP_ASSOCIATION ([GROUP_ID], [PROFICIENCY_ID]) VALUES (2, 38);
INSERT INTO NON_WEAPON_PROFICIENCY_GROUP_ASSOCIATION ([GROUP_ID], [PROFICIENCY_ID]) VALUES (2, 39);
INSERT INTO NON_WEAPON_PROFICIENCY_GROUP_ASSOCIATION ([GROUP_ID], [PROFICIENCY_ID]) VALUES (2, 40);
INSERT INTO NON_WEAPON_PROFICIENCY_GROUP_ASSOCIATION ([GROUP_ID], [PROFICIENCY_ID]) VALUES (2, 41);

-- Rogue
INSERT INTO NON_WEAPON_PROFICIENCY_GROUP_ASSOCIATION ([GROUP_ID], [PROFICIENCY_ID]) VALUES (3, 30);
INSERT INTO NON_WEAPON_PROFICIENCY_GROUP_ASSOCIATION ([GROUP_ID], [PROFICIENCY_ID]) VALUES (3, 42);
INSERT INTO NON_WEAPON_PROFICIENCY_GROUP_ASSOCIATION ([GROUP_ID], [PROFICIENCY_ID]) VALUES (3, 43);
INSERT INTO NON_WEAPON_PROFICIENCY_GROUP_ASSOCIATION ([GROUP_ID], [PROFICIENCY_ID]) VALUES (3, 44);
INSERT INTO NON_WEAPON_PROFICIENCY_GROUP_ASSOCIATION ([GROUP_ID], [PROFICIENCY_ID]) VALUES (3, 45);
INSERT INTO NON_WEAPON_PROFICIENCY_GROUP_ASSOCIATION ([GROUP_ID], [PROFICIENCY_ID]) VALUES (3, 46);
INSERT INTO NON_WEAPON_PROFICIENCY_GROUP_ASSOCIATION ([GROUP_ID], [PROFICIENCY_ID]) VALUES (3, 47);
INSERT INTO NON_WEAPON_PROFICIENCY_GROUP_ASSOCIATION ([GROUP_ID], [PROFICIENCY_ID]) VALUES (3, 48);
INSERT INTO NON_WEAPON_PROFICIENCY_GROUP_ASSOCIATION ([GROUP_ID], [PROFICIENCY_ID]) VALUES (3, 49);
INSERT INTO NON_WEAPON_PROFICIENCY_GROUP_ASSOCIATION ([GROUP_ID], [PROFICIENCY_ID]) VALUES (3, 37);
INSERT INTO NON_WEAPON_PROFICIENCY_GROUP_ASSOCIATION ([GROUP_ID], [PROFICIENCY_ID]) VALUES (3, 50);
INSERT INTO NON_WEAPON_PROFICIENCY_GROUP_ASSOCIATION ([GROUP_ID], [PROFICIENCY_ID]) VALUES (3, 51);
INSERT INTO NON_WEAPON_PROFICIENCY_GROUP_ASSOCIATION ([GROUP_ID], [PROFICIENCY_ID]) VALUES (3, 52);
INSERT INTO NON_WEAPON_PROFICIENCY_GROUP_ASSOCIATION ([GROUP_ID], [PROFICIENCY_ID]) VALUES (3, 53);
INSERT INTO NON_WEAPON_PROFICIENCY_GROUP_ASSOCIATION ([GROUP_ID], [PROFICIENCY_ID]) VALUES (3, 54);

-- Warrior
INSERT INTO NON_WEAPON_PROFICIENCY_GROUP_ASSOCIATION ([GROUP_ID], [PROFICIENCY_ID]) VALUES (4, 55);
INSERT INTO NON_WEAPON_PROFICIENCY_GROUP_ASSOCIATION ([GROUP_ID], [PROFICIENCY_ID]) VALUES (4, 56);
INSERT INTO NON_WEAPON_PROFICIENCY_GROUP_ASSOCIATION ([GROUP_ID], [PROFICIENCY_ID]) VALUES (4, 43);
INSERT INTO NON_WEAPON_PROFICIENCY_GROUP_ASSOCIATION ([GROUP_ID], [PROFICIENCY_ID]) VALUES (4, 57);
INSERT INTO NON_WEAPON_PROFICIENCY_GROUP_ASSOCIATION ([GROUP_ID], [PROFICIENCY_ID]) VALUES (4, 58);
INSERT INTO NON_WEAPON_PROFICIENCY_GROUP_ASSOCIATION ([GROUP_ID], [PROFICIENCY_ID]) VALUES (4, 59);
INSERT INTO NON_WEAPON_PROFICIENCY_GROUP_ASSOCIATION ([GROUP_ID], [PROFICIENCY_ID]) VALUES (4, 46);
INSERT INTO NON_WEAPON_PROFICIENCY_GROUP_ASSOCIATION ([GROUP_ID], [PROFICIENCY_ID]) VALUES (4, 60);
INSERT INTO NON_WEAPON_PROFICIENCY_GROUP_ASSOCIATION ([GROUP_ID], [PROFICIENCY_ID]) VALUES (4, 61);
INSERT INTO NON_WEAPON_PROFICIENCY_GROUP_ASSOCIATION ([GROUP_ID], [PROFICIENCY_ID]) VALUES (4, 38);
INSERT INTO NON_WEAPON_PROFICIENCY_GROUP_ASSOCIATION ([GROUP_ID], [PROFICIENCY_ID]) VALUES (4, 62);
INSERT INTO NON_WEAPON_PROFICIENCY_GROUP_ASSOCIATION ([GROUP_ID], [PROFICIENCY_ID]) VALUES (4, 63);
INSERT INTO NON_WEAPON_PROFICIENCY_GROUP_ASSOCIATION ([GROUP_ID], [PROFICIENCY_ID]) VALUES (4, 51);
INSERT INTO NON_WEAPON_PROFICIENCY_GROUP_ASSOCIATION ([GROUP_ID], [PROFICIENCY_ID]) VALUES (4, 64);
INSERT INTO NON_WEAPON_PROFICIENCY_GROUP_ASSOCIATION ([GROUP_ID], [PROFICIENCY_ID]) VALUES (4, 65);

-- Wizard
INSERT INTO NON_WEAPON_PROFICIENCY_GROUP_ASSOCIATION ([GROUP_ID], [PROFICIENCY_ID]) VALUES (5, 30);
INSERT INTO NON_WEAPON_PROFICIENCY_GROUP_ASSOCIATION ([GROUP_ID], [PROFICIENCY_ID]) VALUES (5, 31);
INSERT INTO NON_WEAPON_PROFICIENCY_GROUP_ASSOCIATION ([GROUP_ID], [PROFICIENCY_ID]) VALUES (5, 32);
INSERT INTO NON_WEAPON_PROFICIENCY_GROUP_ASSOCIATION ([GROUP_ID], [PROFICIENCY_ID]) VALUES (5, 47);
INSERT INTO NON_WEAPON_PROFICIENCY_GROUP_ASSOCIATION ([GROUP_ID], [PROFICIENCY_ID]) VALUES (5, 34);
INSERT INTO NON_WEAPON_PROFICIENCY_GROUP_ASSOCIATION ([GROUP_ID], [PROFICIENCY_ID]) VALUES (5, 35);
INSERT INTO NON_WEAPON_PROFICIENCY_GROUP_ASSOCIATION ([GROUP_ID], [PROFICIENCY_ID]) VALUES (5, 38);
INSERT INTO NON_WEAPON_PROFICIENCY_GROUP_ASSOCIATION ([GROUP_ID], [PROFICIENCY_ID]) VALUES (5, 39);
INSERT INTO NON_WEAPON_PROFICIENCY_GROUP_ASSOCIATION ([GROUP_ID], [PROFICIENCY_ID]) VALUES (5, 40);
INSERT INTO NON_WEAPON_PROFICIENCY_GROUP_ASSOCIATION ([GROUP_ID], [PROFICIENCY_ID]) VALUES (5, 41);

COMMIT TRANSACTION;